1,Kylian Mbappé,182,75,1998-12-20,ST,96,1,1
2,Rodri,191,82,1996-06-22,CDM,96,2,2
3,Erling Haaland,195,94,2000-07-21,ST,96,2,3
4,Jude Bellingham,186,75,2003-06-29,CAM,94,1,4
5,Vini Jr.,176,73,2000-07-12,LW,94,1,5
6,Kevin De Bruyne,181,75,1991-06-28,CM,93,2,6
7,Harry Kane,188,86,1993-07-28,ST,95,3,4
8,Martin Ødegaard,178,68,1998-12-17,CM,94,4,3
9,Gianluigi Donnarumma,196,90,1999-02-25,GK,93,5,7
10,Alisson,193,91,1992-10-02,GK,94,6,5
11,Thibaut Courtois,200,96,1992-05-11,GK,94,1,6
12,Lautaro Martínez,174,72,1997-08-22,ST,94,7,8
13,Virgil van Dijk,193,92,,CB,94,6,9
14,Marc-André ter Stegen,187,85,1992-04-30,GK,94,8,10
15,Mohamed Salah,175,72,1992-06-15,RW,94,6,11
16,Phil Foden,171,69,2000-05-28,RW,93,2,4
17,Lionel Messi,169,67,1987-06-24,RW,93,9,8
18,Antoine Griezmann,176,73,1991-03-21,ST,93,10,1
19,Rúben Dias,187,82,1997-05-14,CB,93,2,12
20,Robert Lewandowski,185,81,1988-08-21,ST,94,8,13
21,Federico Valverde,182,78,1998-07-22,CM,93,1,14
22,Ederson,188,86,1993-08-17,GK,93,2,5
23,Bernardo Silva,173,64,1994-08-10,CM,93,2,12
24,Jan Oblak,188,87,1993-01-07,GK,93,10,15
25,Antonio Rüdiger,190,86,1993-03-03,CB,93,1,10
26,Florian Wirtz,177,71,2003-05-03,CAM,93,11,10
27,Gregor Kobel,195,88,1997-12-06,GK,93,12,16
28,William Saliba,193,85,2001-03-24,CB,92,4,1
29,Victor Osimhen,186,77,1998-12-29,ST,92,13,17
30,Jamal Musiala,184,72,2003-02-26,CAM,92,3,10
31,Bukayo Saka,178,65,2001-09-05,RW,92,4,4
32,Paulo Dybala,177,75,1993-11-15,CAM,92,14,8
33,Theo Hernández,184,81,1997-10-06,LB,92,15,1
34,Declan Rice,185,80,1999-01-14,CDM,92,4,4
35,Frenkie de Jong,181,74,,CM,92,8,9
36,Mike Maignan,191,89,1995-07-03,GK,92,15,1
37,Bruno Fernandes,179,69,1994-09-08,CAM,92,16,12
38,Heung Min Son,183,78,1992-07-08,ST,92,17,18
39,Marquinhos,183,75,1994-05-14,CB,92,5,5
40,Alessandro Bastoni,190,75,1999-04-13,CB,92,7,7
41,İlkay Gündoğan,180,80,1990-10-24,CM,92,2,10
42,Emiliano Martínez,195,88,1992-09-02,GK,92,18,8
43,Nicolò Barella,172,68,1997-02-07,CM,92,7,7
44,Yann Sommer,183,77,1988-12-17,GK,92,7,16
45,Gabriel,190,87,1997-12-19,CB,91,4,5
46,Granit Xhaka,186,80,1992-09-27,CDM,91,11,16
47,Rodrygo,174,64,2001-01-09,RW,91,1,5
48,Rafael Leão,188,81,1999-06-10,LW,91,15,12
49,Grimaldo,171,68,1995-09-20,LM,91,11,2
50,Luka Modrić,172,66,1985-09-09,CM,91,1,19
51,Alexis Mac Allister,176,72,1998-12-24,CM,91,6,8
52,Carvajal,173,73,1992-01-11,RB,91,1,2
53,Ousmane Dembélé,178,67,1997-05-15,RW,91,5,1
54,Trent Alexander-Arnold,180,72,1998-10-07,RB,91,6,4
55,Pedri,174,60,2002-11-25,CM,91,8,2
56,Jonathan Tah,195,94,1996-02-11,CB,91,11,10
57,Bremer,187,84,1997-03-18,CB,91,19,5
58,Joshua Kimmich,177,75,1995-02-08,RB,91,3,10
59,Unai Simón,190,89,1997-06-11,GK,91,20,2
60,Manuel Neuer,193,93,1986-03-27,GK,91,3,10
61,Hakan Çalhanoğlu,178,69,1994-02-08,CDM,91,7,20
62,David Alaba,180,78,1992-06-24,CB,90,1,21
63,Ronald Araujo,188,79,1999-03-07,CB,90,8,14
64,Julian Brandt,185,83,1996-05-02,CAM,90,12,10
65,Éder Militão,186,78,1998-01-18,CB,90,1,5
66,Bruno Guimarães,182,74,1997-11-16,CDM,90,21,5
67,Alexander Isak,192,77,1999-09-21,ST,90,21,22
68,Jules Koundé,180,75,1998-11-12,RB,90,8,1
69,Khvicha Kvaratskhelia,183,70,2001-02-12,LW,90,13,23
70,Vitinha,172,64,2000-02-13,CM,90,5,12
71,James Maddison,175,73,1996-11-23,CAM,90,17,4
72,Giorgi Mamardashvili,199,88,2000-09-29,GK,90,22,23
73,Mikel Merino,189,83,1996-06-22,CM,90,4,2
74,Loïs Openda,177,75,2000-02-16,ST,90,23,6
75,Palhinha,190,83,1995-07-09,CDM,90,3,12
76,Cole Palmer,189,74,2002-05-06,RM,90,24,4
77,Andrew Robertson,178,64,1994-03-11,LB,90,6,24
78,Leroy Sané,183,80,1996-01-11,RM,90,3,10
79,Nico Schlotterbeck,191,86,1999-12-01,CB,90,12,10
80,John Stones,188,76,1994-05-28,CB,90,2,4
81,Aurélien Tchouaméni,188,82,2000-01-27,CDM,90,1,1
82,Diogo Jota,178,70,1996-12-04,ST,90,6,12
83,Sandro Tonali,181,79,,CDM,90,21,7
84,Ollie Watkins,180,70,1995-12-30,ST,90,18,4
85,Nico Williams,181,67,2002-07-12,LM,90,20,2
86,Francesco Acerbi,192,88,1988-02-10,CB,89,7,7
87,Manuel Akanji,187,91,1995-07-19,CB,89,2,16
88,Nathan Aké,180,75,,CB,89,2,9
89,Julián Álvarez,170,71,2000-01-31,ST,89,10,8
90,Iago Aspas,176,67,1987-08-01,ST,89,25,2
91,Federico Chiesa,175,70,1997-10-25,RW,89,6,7
92,Kingsley Coman,181,75,1996-06-13,LM,89,3,1
93,Matthijs de Ligt,189,89,,CB,89,16,9
94,Rodrigo De Paul,180,70,1994-05-24,CM,89,10,8
95,Raphinha,176,68,1996-12-14,RW,89,8,5
96,Luis Díaz,180,73,1997-01-13,LW,89,6,25
97,Federico Dimarco,174,76,1997-11-10,LB,89,7,7
98,Artem Dovbyk,189,78,1997-06-21,ST,89,14,26
99,Jeremie Frimpong,172,65,2000-12-10,RM,89,11,9
100,Aleix García,173,68,1997-06-28,CM,89,11,2
101,Jack Grealish,180,81,1995-09-10,LW,89,2,4
102,Serhou Guirassy,187,82,1996-03-12,ST,89,12,27
103,Viktor Gyökeres,187,90,1998-06-04,ST,89,26,22
104,Achraf Hakimi,181,73,1998-11-04,RB,89,5,28
105,Lukáš Hrádecký,192,85,1989-11-24,GK,89,11,29
106,Lisandro Martínez,178,77,1998-01-18,CB,89,16,8
107,Diogo Costa,192,84,1999-09-19,GK,89,27,12
108,Ferland Mendy,180,73,1995-06-08,LB,89,1,1
109,Christopher Nkunku,177,68,1997-11-14,CAM,89,24,1
110,Dani Olmo,179,72,1998-05-07,CAM,89,8,2
111,Exequiel Palacios,178,69,1998-10-05,CM,89,11,8
112,Benjamin Pavard,186,81,1996-03-28,CB,89,7,1
113,Álex Remiro,192,79,1995-03-24,GK,89,28,2
114,Cristian Romero,185,79,1998-04-27,CB,89,17,8
115,Marcel Sabitzer,178,76,1994-03-17,CM,89,12,21
116,Casemiro,185,84,1992-02-23,CDM,89,16,5
117,Guglielmo Vicario,194,76,1996-10-07,GK,89,17,7
118,Dušan Vlahović,190,75,2000-01-28,ST,89,19,30
119,Kyle Walker,183,83,1990-05-28,RB,89,2,4
120,Benjamin White,185,77,1997-10-08,RB,89,4,4
121,Marcos Acuña,172,69,1991-10-28,LB,88,29,8
122,Robert Andrich,186,85,1994-09-22,CDM,88,11,10
123,Ismaël Bennacer,175,70,1997-12-01,CDM,88,15,31
124,Eduardo Camavinga,182,68,2002-11-10,CM,88,1,1
125,Andreas Christensen,187,82,1996-04-10,CB,88,8,32
126,Stefan de Vrij,189,78,,CB,88,7,9
127,Ángel Di María,180,69,1988-02-14,RM,88,30,8
128,Youssef En-Nesyri,188,78,1997-06-01,ST,88,31,28
129,Rafa,172,66,1993-05-17,CAM,88,32,12
130,Cody Gakpo,189,76,,ST,88,6,9
131,José María Giménez,185,79,1995-01-20,CB,88,10,14
132,Olivier Giroud,193,91,1986-09-30,ST,88,33,1
133,Leon Goretzka,189,82,1995-02-06,CM,88,3,10
134,Joško Gvardiol,185,80,2002-01-23,LB,88,2,19
135,Kai Havertz,193,82,1999-06-11,ST,88,4,10
136,Lucas Hernández,184,79,1996-02-14,CB,88,5,1
137,Mauro Icardi,181,79,1993-02-19,ST,88,34,8
138,Kim Min Jae,190,81,1996-11-15,CB,88,3,18
139,Ibrahima Konaté,194,95,1999-05-25,CB,88,6,1
140,Teun Koopmeiners,183,77,,CM,88,19,9
141,Mateo Kovačić,177,80,1994-05-06,CM,88,2,19
142,Konrad Laimer,180,72,1997-05-27,CDM,88,3,21
143,Robin Le Normand,187,81,1996-11-11,CB,88,10,2
144,Marcos Llorente,184,74,1995-01-30,RM,88,10,2
145,Manuel Locatelli,185,75,1998-01-08,CDM,88,19,7
146,Donyell Malen,176,68,,RM,88,12,9
147,Gabriel Martinelli,178,75,2001-06-18,LW,88,4,5
148,Henrikh Mkhitaryan,177,75,1989-01-21,CM,88,7,33
149,Morata,190,84,1992-10-23,ST,88,15,2
150,Gerard Moreno,180,77,1992-04-07,ST,88,35,2
151,André Onana,190,93,1996-04-02,GK,88,16,34
152,Willi Orban,186,87,1992-11-03,CB,88,23,35
153,Gavi,173,70,2004-08-05,CM,88,8,2
154,Parejo,182,74,1989-04-16,CM,88,35,2
155,Lorenzo Pellegrini,186,77,1996-06-19,CAM,88,14,7
156,Pedro Gonçalves,173,77,1998-06-28,LW,88,26,12
157,Jordan Pickford,185,77,1994-03-07,GK,88,36,4
158,Nick Pope,199,76,1992-04-19,GK,88,21,4
159,Pedro Porro,173,69,1999-09-13,RB,88,17,2
160,Ivan Provedel,192,84,1994-03-17,GK,88,37,7
161,Christian Pulisic,177,69,1998-09-18,RW,88,15,36
162,David Raya,183,75,1995-09-15,GK,88,4,2
163,Koke,176,75,1992-01-08,CDM,88,10,2
164,Guido Rodríguez,185,80,1995-04-11,CDM,88,38,8
165,Alessio Romagnoli,185,75,1995-01-12,CB,88,37,7
166,Xavi Simons,179,61,,CAM,88,23,9
167,Douglas Luiz,175,66,1998-05-09,CM,88,19,5
168,Dušan Tadić,181,76,1988-11-20,LM,88,31,30
169,Edmond Tapsoba,192,84,1999-02-02,CB,88,11,37
170,Wojciech Szczęsny,195,90,1990-04-18,GK,90,8,13
171,Nuno Mendes,180,70,2002-06-19,LB,88,5,12
172,Marcus Thuram,192,80,1997-08-06,ST,88,7,1
173,Fikayo Tomori,185,79,1997-12-19,CB,88,15,4
174,Lucas Torreira,166,60,1996-02-11,CDM,88,34,14
175,Kieran Trippier,173,71,1990-09-19,RB,88,21,4
176,Leandro Trossard,171,67,1994-12-04,LW,88,4,6
177,Viktor Tsygankov,178,72,1997-11-15,RM,88,39,26
178,Mattia Zaccagni,177,63,1995-06-16,LW,88,37,7
179,Duván Zapata,188,92,1991-04-01,ST,88,40,25
180,Isco,176,79,1992-04-21,CAM,87,41,2
181,Joelinton,186,81,1996-08-14,CM,87,21,5
182,Pepê,173,72,1997-02-24,CAM,87,27,5
183,Leon Bailey,178,77,1997-08-09,RM,87,18,38
184,Oliver Baumann,187,82,1990-06-02,GK,87,42,10
185,Victor Boniface,190,91,2000-12-23,ST,87,11,17
186,Sven Botman,193,81,,CB,87,21,9
187,Jarrod Bowen,175,70,1996-12-20,RM,87,38,4
188,Moisés Caicedo,178,73,2001-11-02,CDM,87,24,39
189,Emre Can,186,86,1994-01-12,CDM,87,12,10
190,Marco Carnesecchi,191,83,2000-07-01,GK,87,43,7
191,Lucas Paquetá,180,72,1997-08-27,LM,87,38,5
192,Ángel Correa,171,70,1995-03-09,ST,87,10,8
193,Marc Cucurella,173,67,1998-07-22,LB,87,24,2
194,Danilo,184,78,1991-07-15,CB,87,19,5
195,Diogo Dalot,183,76,1999-03-18,RB,87,16,12
196,Sergi Darder,180,71,1993-12-22,CM,87,44,2
197,Alphonso Davies,185,77,2000-11-02,LB,87,3,40
198,Giovanni Di Lorenzo,183,82,1993-08-04,RB,87,13,7
199,Brahim,170,68,1999-08-03,CAM,87,1,28
200,Denzel Dumfries,188,80,,RB,87,7,9
201,Edin Džeko,193,80,1986-03-17,ST,87,31,41
202,Enzo Fernández,178,78,2001-01-17,CM,87,24,8
203,Gabriel Jesus,175,73,1997-04-03,ST,87,4,5
204,Jorginho,178,68,1991-12-20,CDM,87,4,7
205,Pau Torres,191,80,1997-01-16,CB,87,18,2
206,Niclas Füllkrug,188,83,1993-02-09,ST,87,38,10
207,Gayà,172,66,1995-05-25,LB,87,22,2
208,Paulo Gazzaniga,196,90,1992-01-02,GK,87,39,8
209,Matthias Ginter,189,87,1994-01-19,CB,87,45,10
210,Serge Gnabry,176,77,1995-07-14,RM,87,3,10
211,Anthony Gordon,183,72,2001-02-24,LW,87,21,4
212,Raphaël Guerreiro,170,71,1993-12-22,LB,87,3,12
213,Péter Gulácsi,191,86,1990-05-06,GK,87,23,35
214,Yangel Herrera,184,77,1998-01-07,CDM,87,39,42
215,Jonas Hofmann,176,72,1992-07-14,CAM,87,11,10
216,Ciro Immobile,185,85,1990-02-20,ST,87,32,7
217,Reece James,179,91,1999-12-08,RB,87,24,4
218,Boubacar Kamara,184,68,1999-11-23,CDM,87,18,1
219,Randal Kolo Muani,187,73,1998-12-05,ST,87,5,1
220,Filip Kostić,184,84,1992-11-01,LM,87,19,30
221,Mohammed Kudus,177,70,2000-08-02,RM,87,38,43
222,Dejan Kulusevski,186,80,2000-04-25,RM,87,17,22
223,Alexandre Lacazette,175,73,1991-05-28,ST,87,46,1
224,Jeremías Conan Ledesma,186,83,1993-02-13,GK,87,29,8
225,Bernd Leno,189,83,1992-03-04,GK,87,47,10
226,Stanislav Lobotka,170,68,1994-11-25,CM,87,13,44
227,Ademola Lookman,174,71,1997-10-20,ST,87,43,17
228,Romelu Lukaku,191,94,1993-05-13,ST,87,13,6
229,Gianluca Mancini,190,77,1996-04-17,CB,87,14,7
230,John McGinn,178,68,1994-10-18,CM,87,18,24
231,Nahuel Molina,175,70,1998-04-06,RB,87,10,8
232,Savinho,176,71,,LW,87,2,5
233,Thomas Müller,185,76,1989-09-13,CAM,87,3,10
234,Darwin Núñez,187,81,1999-06-24,ST,87,6,14
235,Michael Olise,184,73,2001-12-12,RM,87,3,1
236,Oyarzabal,181,79,1997-04-21,ST,87,28,2
237,Thomas Partey,185,77,1993-06-13,CDM,87,4,43
238,Tijjani Reijnders,185,73,,CM,87,15,9
239,Fabián Ruiz,189,70,1996-04-03,CM,87,5,2
240,Brice Samba,187,90,1994-04-25,GK,87,48,1
241,Sancet,188,77,2000-04-25,CAM,87,20,2
242,Jadon Sancho,180,76,2000-03-25,LM,87,24,4
243,Fabian Schär,188,84,1991-12-20,CB,87,21,16
244,Patrik Schick,191,87,1996-01-24,ST,87,11,45
245,Luke Shaw,181,75,1995-07-12,LB,87,16,4
246,Alexander Sørloth,195,94,1995-12-05,ST,87,10,3
247,Luis Suárez,182,86,1987-01-24,ST,87,9,14
248,Niklas Süle,195,99,1995-09-03,CB,87,12,10
249,Kevin Trapp,189,84,1990-07-08,GK,87,49,10
250,Destiny Udogie,186,73,2002-11-28,LB,87,17,7
251,Dayot Upamecano,186,90,1998-10-27,CB,87,3,1
252,Micky van de Ven,193,86,2001-04-19,CB,87,17,9
253,Raphaël Varane,191,81,1993-04-25,CB,87,50,1
254,Iñaki Williams,186,80,1994-06-15,RM,87,20,43
255,Luciano Acosta,161,59,1994-05-31,CAM,86,51,8
256,Edson Álvarez,187,73,1997-10-24,CDM,86,38,46
257,Yeray,182,79,1995-01-24,CB,86,20,2
258,Waldemar Anton,189,86,1996-07-20,CB,86,12,10
259,Alphonse Areola,195,94,1993-02-27,GK,86,38,1
260,Marco Asensio,182,76,1996-01-21,RW,86,5,2
261,Balde,175,69,2003-10-18,LB,86,8,2
262,Rodrigo Bentancur,187,73,1997-06-25,CM,86,17,14
263,Álex Berenguer,175,73,1995-07-04,LM,86,20,2
264,Sergio Busquets,189,76,1988-07-16,CDM,86,9,2
265,Bryan Cristante,186,80,1995-03-03,CM,86,14,7
266,Ricardo Horta,173,63,1994-09-15,CAM,86,52,12
267,Rui Silva,191,91,1994-02-07,GK,86,41,12
268,Matteo Darmian,183,70,1989-12-02,RB,86,7,7
269,Jonathan David,175,70,2000-01-14,ST,86,53,40
270,Richarlison,184,71,1997-05-10,ST,86,17,5
271,Luuk de Jong,189,86,1990-08-27,ST,86,54,9
272,Fred,169,62,1993-03-05,CDM,86,31,5
273,Eberechi Eze,178,67,1998-06-29,CAM,86,55,4
274,Youssouf Fofana,185,74,1999-01-10,CDM,86,15,1
275,Davide Frattesi,178,74,1999-09-22,CM,86,7,7
276,Remo Freuler,181,80,1992-04-15,CDM,86,56,16
277,Conor Gallagher,182,74,2000-02-06,CM,86,10,4
278,Alexandr Golovin,178,69,1996-05-30,LM,86,57,47
279,Pascal Groß,181,78,1991-06-15,CDM,86,12,10
280,Marc Guéhi,182,82,2000-07-13,CB,86,55,4
281,Dávid Hancko,188,82,1997-12-13,CB,86,58,44
282,Benjamin Henrichs,183,79,1997-02-23,RB,86,23,10
283,Piero Hincapié,184,77,2002-01-09,CB,86,11,39
284,Ferdi Kadıoğlu,174,73,1999-10-07,LB,86,59,20
285,Daichi Kamada,184,72,1996-08-05,CAM,86,55,48
286,Presnel Kimpembe,189,80,1995-08-13,CB,86,5,1
287,Orkun Kökçü,175,69,2000-12-29,CM,86,30,20
288,Ezri Konsa,183,77,1997-10-23,CB,86,18,4
289,Odilon Kossounou,191,82,2001-01-04,CB,86,43,49
290,Andrej Kramarić,177,73,1991-06-19,ST,86,42,19
291,Takefusa Kubo,173,64,2001-06-04,RW,86,28,48
292,Ruben Loftus-Cheek,191,88,1996-01-23,CM,86,15,4
293,Andriy Lunin,191,83,1999-02-11,GK,86,1,26
294,Iñigo Martínez,182,76,1991-05-17,CB,86,8,2
295,Noussair Mazraoui,183,65,1997-11-14,RB,86,16,28
296,Brais Méndez,187,76,1997-01-07,CM,86,28,2
297,Alex Meret,192,82,1997-03-22,GK,86,13,7
298,Arkadiusz Milik,186,80,1994-02-28,ST,86,19,13
299,Kaoru Mitoma,178,71,1997-05-20,LM,86,59,48
300,Fernando Muslera,190,74,1986-06-16,GK,86,34,14
301,Riccardo Orsolini,183,83,1997-01-24,RM,86,56,7
302,Stefan Ortega,185,88,1992-11-06,GK,86,2,10
303,Nicolás Otamendi,183,78,1988-02-12,CB,86,30,8
304,Isi Palazón,169,71,1994-12-27,RM,86,60,2
305,Aaron Ramsdale,191,77,1998-05-14,GK,86,61,4
306,Marcus Rashford,186,70,1997-10-31,LM,86,16,4
307,David Raum,180,75,1998-04-22,LB,86,23,10
308,Stefan Savić,187,80,1991-01-08,CB,86,62,50
309,Xaver Schlager,174,76,1997-09-28,CDM,86,23,21
310,Jerdy Schouten,185,74,1997-01-12,CDM,86,54,9
311,Ellyes Skhiri,185,74,1995-05-10,CDM,86,49,51
312,Milan Škriniar,188,80,1995-02-11,CB,86,5,44
313,Dominic Solanke,187,80,1997-09-14,ST,86,17,4
314,David Soria,192,85,1993-04-04,GK,86,63,2
315,Raheem Sterling,172,69,1994-12-08,LM,86,4,4
316,Dominik Szoboszlai,186,74,2000-10-25,CAM,86,6,35
317,Youri Tielemans,176,72,1997-05-07,CM,86,18,6
318,Manuel Ugarte,182,77,2001-04-11,CDM,86,16,14
319,Deniz Undav,179,86,1996-07-19,ST,86,64,10
320,Álvaro Valles,192,82,1997-07-25,GK,86,65,2
321,Lucas Vázquez,173,70,1991-07-01,RB,86,1,2
322,Joey Veerman,185,75,,CM,86,54,9
323,Vivian,183,83,1999-07-05,CB,86,20,2
324,Callum Wilson,180,66,1992-02-27,ST,86,21,4
325,Lamine Yamal,180,65,,RW,86,8,2
326,Wilfried Zaha,180,66,1992-11-10,LM,86,46,49
327,Piotr Zieliński,180,75,1994-05-20,CM,86,7,13
328,Zubimendi,181,74,1999-02-02,CDM,86,28,2
329,Ali Al Musrati,189,83,1996-04-06,CDM,85,32,52
330,Jordi Alba,170,68,1989-03-21,LB,85,9,2
331,Joachim Andersen,192,90,1996-05-31,CB,85,47,32
332,Benjamin André,180,76,1990-08-03,CDM,85,53,1
333,Marko Arnautović,192,83,1989-04-19,ST,85,7,21
334,Maximilian Arnold,184,74,1994-05-27,CDM,85,66,10
335,Fredrik Aursnes,179,71,1995-12-10,RB,85,30,3
336,Simon Banza,189,77,1996-08-13,ST,85,52,53
337,Bradley Barcola,186,70,2002-09-02,LW,85,5,1
338,Harvey Barnes,185,72,1997-12-09,LW,85,21,4
339,Christoph Baumgartner,180,73,1999-08-01,CAM,85,23,21
340,Walter Benítez,191,93,1993-01-19,GK,85,54,8
341,Gonçalo Inácio,185,78,2001-08-25,CB,85,26,12
342,Yves Bissouma,182,78,1996-08-30,CDM,85,17,54
343,Daley Blind,180,72,,CB,85,39,9
344,Denis Bouanga,180,71,1994-11-11,LW,85,33,55
345,Yan Couto,168,60,2002-06-03,RM,85,12,5
346,Alessandro Buongiorno,190,86,1999-06-06,CB,85,13,7
347,Davide Calabria,177,70,1996-12-06,RB,85,15,7
348,Lucas Chevalier,189,78,2001-11-06,GK,85,53,1
349,Samuel Chukwueze,172,70,1999-05-22,RW,85,15,17
350,Jonathan Clauss,178,69,1992-09-25,RB,85,67,1
351,Kevin Danso,190,85,1998-09-19,CB,85,48,21
352,Evanilson,181,77,1999-10-06,ST,85,68,5
353,De Marcos,182,78,1989-04-14,RB,85,20,2
354,Michele Di Gregorio,187,82,1997-07-27,GK,85,19,7
355,Eric Dier,191,91,1994-01-15,CB,85,3,4
356,Jérémy Doku,173,77,2002-05-27,LW,85,2,6
357,Éderson,183,86,1999-07-07,CM,85,43,5
358,Wataru Endo,178,77,1993-02-09,CDM,85,6,48
359,Pervis Estupiñán,175,79,1998-01-21,LB,85,59,39
360,Wladimiro Falcone,196,85,1995-04-12,GK,85,69,7
361,João Félix,181,70,1999-11-10,LW,85,24,12
362,Suso,177,70,1993-11-19,RM,85,70,2
363,Juan Foyth,187,83,1998-01-12,RB,85,35,8
364,Javi Galán,172,70,1994-11-19,LB,85,10,2
365,Pepelu,186,73,1998-08-11,CM,85,22,2
366,Nuno Santos,177,72,1995-02-13,LM,85,26,12
367,Joe Gomez,188,77,1997-05-23,CB,85,6,4
368,Nicolás González,180,72,1998-04-06,RW,85,19,8
369,Mario Götze,176,72,1992-06-03,CAM,85,49,10
370,Vincenzo Grifo,180,80,1993-04-07,LM,85,45,7
371,Nemanja Gudelj,187,79,1991-11-16,CB,85,70,30
372,Albert Guðmundsson,178,78,1997-06-15,ST,85,71,56
373,Mattéo Guendouzi,185,68,1999-04-14,CM,85,37,1
374,Malo Gusto,178,67,2003-05-19,RB,85,24,1
375,Miguel Gutiérrez,180,73,2001-07-27,LB,85,39,2
376,Amadou Haidara,175,72,1998-01-31,CM,85,23,54
377,Jordan Henderson,187,80,1990-06-17,CDM,85,72,4
378,Morten Hjulmand,185,77,1999-06-25,CDM,85,26,32
379,Pierre-Emile Højbjerg,187,84,1995-08-05,CDM,85,73,32
380,Thomas Lemar,171,66,1995-11-12,CM,85,10,1
381,Dominik Livaković,188,79,1995-01-09,GK,85,31,19
382,Giovani Lo Celso,177,68,1996-04-09,CAM,85,41,8
383,David López,183,81,1989-10-09,CB,85,39,2
384,Harry Maguire,193,10,,CB,85,16,4
385,Reinildo,180,73,1994-01-21,LB,85,10,57
386,Iván Martín,178,70,1999-02-14,CAM,85,39,2
387,Nemanja Matić,194,85,1988-08-01,CDM,85,46,30
388,Bryan Mbeumo,171,75,1999-08-07,RW,85,74,34
389,Facundo Medina,184,77,1999-05-28,CB,85,48,8
390,Dries Mertens,169,61,1987-05-06,CAM,85,34,6
391,Daniel Muñoz,181,73,1996-05-26,RB,85,55,25
392,Vedat Muriqi,194,92,1994-04-24,ST,85,44,58
393,João Mário,179,73,1993-01-19,LM,85,30,12
394,Jesús Navas,172,60,1985-11-21,RB,85,70,2
395,David Neres,175,69,1997-03-03,LM,85,13,5
396,Alexander Nübel,193,86,1996-09-30,GK,85,64,10
397,Mario Pašalić,188,82,1995-02-09,CM,85,43,19
398,Vangelis Pavlidis,186,78,1998-11-21,ST,85,30,59
399,Matteo Politano,171,65,1993-08-03,RW,85,13,7
400,Ivan Rakitić,184,78,1988-03-10,CM,85,75,19
401,Amir Rrahmani,192,75,1994-02-24,CB,85,13,58
402,Ruiz de Galarreta,175,69,1993-08-06,CDM,85,20,2
403,Allan Saint-Maximin,173,67,1997-03-12,LM,85,31,1
404,Davinson Sánchez,187,81,1996-06-12,CB,85,34,25
405,Diego Carlos,186,79,1993-03-15,CB,85,18,5
406,Téji Savanier,172,69,1991-12-22,CAM,85,76,1
407,Kasper Schmeichel,189,88,1986-11-05,GK,85,77,32
408,William Carvalho,187,79,1992-04-07,CDM,85,41,12
409,Sebastian Szymański,174,60,1999-05-10,CAM,85,31,13
410,Mehdi Taremi,185,83,1992-07-18,ST,85,7,60
411,James Tarkowski,188,81,1992-11-19,CB,85,36,4
412,Jean-Clair Todibo,190,88,1999-12-30,CB,85,38,1
413,Ivan Toney,187,76,1996-03-16,ST,85,74,4
414,Ferran Torres,184,77,2000-02-29,LW,85,8,2
415,Hamari Traoré,175,64,1992-01-27,RB,85,28,54
416,Lars Unnerstall,198,10,,GK,85,78,10
417,André Silva,185,84,1995-11-06,ST,85,23,12
418,Jordan Veretout,177,67,1993-03-01,CM,85,73,1
419,Timo Werner,180,76,1996-03-06,LM,85,17,10
420,Mats Wieffer,188,78,,CDM,85,59,9
421,Axel Witsel,186,81,1989-01-12,CB,85,10,6
422,Barış Alper Yılmaz,186,80,2000-05-23,RM,85,34,20
423,Warren Zaïre-Emery,178,68,2006-03-08,CM,85,5,1
424,André-Franck Zambo Anguissa,184,83,1995-11-16,CDM,85,13,34
425,Hakim Ziyech,181,65,1993-03-19,RM,85,34,28
426,Zubeldia,181,73,1997-03-30,CB,85,28,2
427,Karim Adeyemi,180,77,2002-01-18,LM,84,12,10
428,Nayef Aguerd,190,76,1996-03-30,CB,84,28,28
429,Rayan Aït-Nouri,180,70,2001-06-06,LB,84,79,31
430,Raúl Albiol,190,82,1985-09-04,CB,84,35,2
431,Kepa,189,85,1994-10-03,GK,84,68,2
432,Emil Audero,192,83,1997-01-18,GK,84,50,7
433,Ezequiel Ávila,172,81,1994-02-06,ST,84,41,8
434,Azpilicueta,178,77,1989-08-28,CB,84,10,2
435,Álex Baena,174,69,2001-07-20,LM,84,35,2
436,Alexander Bah,183,75,1997-12-09,RB,84,30,32
437,Johan Bakayoko,179,70,2003-04-20,RW,84,54,6
438,Leonardo Balerdi,187,85,1999-01-26,CB,84,73,8
439,Abdülkerim Bardakcı,185,80,1994-09-07,CB,84,34,20
440,Yuri Berchiche,181,80,1990-02-10,LB,84,20,2
441,Steven Berghuis,182,75,,RW,84,72,9
442,Cristiano Biraghi,185,78,1992-09-01,LB,84,71,7
443,Marco Bizot,193,88,1991-03-10,GK,84,80,9
444,Sacha Boey,178,76,2000-09-13,RB,84,3,1
445,Jarrad Branthwaite,195,74,2002-06-27,CB,84,36,4
446,Brian Brobbey,180,78,2002-02-01,ST,84,72,9
447,Marcin Bułka,199,90,1999-10-04,GK,84,67,13
448,Matheus Cunha,183,76,1999-05-27,ST,84,79,5
449,Matty Cash,185,74,1997-08-07,RB,84,18,13
450,Valentin Castellanos,178,70,1998-10-03,ST,84,37,8
451,Catena,194,82,1994-10-28,CB,84,81,2
452,Dani Ceballos,179,70,1996-08-07,CM,84,1,2
453,Ben Chilwell,181,77,1996-12-21,LB,84,24,4
454,Jordy Clasie,170,68,1991-06-27,CDM,84,82,9
455,Dante,188,89,1983-10-18,CB,84,67,5
456,Charles De Ketelaere,192,79,2001-03-10,CAM,84,43,6
457,Marten de Roon,185,76,,CM,84,43,9
458,Romain Del Castillo,172,65,1996-03-29,RW,84,80,1
459,Ermedin Demirović,185,84,1998-03-25,ST,84,64,41
460,Sergiño Dest,173,68,2000-11-03,LB,84,54,36
461,Boulaye Dia,180,75,1996-11-16,ST,84,37,61
462,Samuel Lino,170,69,1999-12-23,LM,84,10,5
463,Lucas Digne,178,74,1993-07-20,LB,84,18,1
464,Stole Dimitrievski,188,84,1993-12-25,GK,84,22,62
465,Axel Disasi,190,86,1998-03-11,CB,84,24,1
466,Alexander Djiku,182,81,1994-08-09,CB,84,31,43
467,Cheick Doucouré,180,73,2000-01-08,CDM,84,55,54
468,Lewis Dunk,192,88,1991-11-21,CB,84,59,4
469,Hugo Duro,177,70,1999-11-10,ST,84,22,2
470,Marcus Edwards,168,65,1998-12-03,RW,84,26,4
471,Stephan El Shaarawy,178,73,1992-10-27,LM,84,14,7
472,Eljif Elmas,184,78,1999-09-24,CAM,84,23,62
473,Aritz Elustondo,180,71,1994-03-28,RB,84,28,2
474,Lewis Ferguson,181,75,1999-08-24,CM,84,56,24
475,Mark Flekken,195,87,,GK,84,74,9
476,Emil Forsberg,177,76,1991-10-23,CAM,84,83,22
477,Chris Führich,181,70,1998-01-09,LM,84,64,10
478,Álvaro García,167,61,1992-10-27,LM,84,60,2
479,Alejandro Garnacho,180,72,2004-07-01,LM,84,16,8
480,Lutsharel Geertruida,185,70,,CB,84,23,9
481,Morgan Gibbs-White,179,72,2000-01-27,CAM,84,84,4
482,Carles Gil,170,65,1992-11-02,CAM,84,85,2
483,Santiago Giménez,182,69,2001-04-18,ST,84,58,46
484,Moi Gómez,176,73,1994-06-23,CM,84,81,2
485,João Neves,174,66,2004-09-27,CM,84,5,12
486,Robin Gosens,183,76,1994-07-05,LB,84,71,10
487,Mason Greenwood,181,70,2001-10-01,RM,84,73,4
488,Guruzeta,188,80,1996-09-12,ST,84,20,2
489,Sébastien Haller,191,90,1994-06-22,ST,84,86,49
490,Dean Henderson,188,85,1997-03-12,GK,84,55,4
491,Franck Honorat,180,70,1996-08-11,RM,84,87,1
492,Hiroki Ito,188,84,1999-05-12,CB,84,3,48
493,Nicolas Jackson,187,78,2001-06-20,ST,84,24,61
494,Curtis Jones,185,75,2001-01-30,CM,84,6,4
495,Luka Jović,181,85,1997-12-23,ST,84,15,30
496,İrfan Can Kahveci,176,75,1995-07-15,RW,84,31,20
497,Lukas Klostermann,187,88,1996-06-03,CB,84,23,10
498,Robin Koch,191,85,1996-07-17,CB,84,49,10
499,Sead Kolašinac,183,85,1993-06-20,CB,84,43,41
500,Geoffrey Kondogbia,188,76,1993-02-15,CM,84,73,63
501,Erik Lamela,184,75,1992-03-04,RW,84,88,8
502,Noa Lang,179,69,,LW,84,54,9
503,Manuel Lazzari,174,67,1993-11-29,RB,84,37,7
504,Lee Kang In,173,66,2001-02-19,CAM,84,5,18
505,Pierre Lees-Melou,186,70,1993-05-25,CDM,84,80,1
506,Mario Lemina,184,85,1993-09-01,CDM,84,79,55
507,Jefferson Lerma,179,70,1994-10-25,CDM,84,55,25
508,Philipp Lienhart,189,85,1996-07-11,CB,84,45,21
509,Matheus,190,84,1992-07-19,GK,84,52,5
510,Hugo Lloris,188,82,1986-12-26,GK,84,33,1
511,Pedro Neto,172,62,2000-03-09,RW,84,24,12
512,Anthony Lopes,184,81,1990-10-01,GK,84,46,12
513,Pau López,189,77,1994-12-13,GK,84,39,2
514,Castello Lukeba,184,73,2002-12-17,CB,84,23,1
515,Dodi Lukébakio,187,77,1997-09-24,RW,84,70,6
516,Robert Sánchez,197,90,1997-11-18,GK,84,24,2
517,Ian Maatsen,178,63,2002-03-10,LB,84,18,9
518,Pablo Maffeo,172,70,1997-07-12,RB,84,44,8
519,José Sá,192,84,1993-01-17,GK,84,79,12
520,Omar Marmoush,183,81,1999-02-07,ST,84,49,11
521,Arnau Martínez,182,72,2003-04-25,RB,84,39,2
522,Adam Marušić,185,81,1992-10-17,LB,84,37,50
523,Jean-Philippe Mateta,192,88,1997-06-28,ST,84,55,1
524,Borja Mayoral,182,74,1997-04-05,ST,84,63,2
525,Chancel Mbemba,182,81,1994-08-08,CB,84,73,53
526,Callum McGregor,178,74,1993-06-14,CDM,84,77,24
527,Nikola Milenković,195,90,1997-10-12,CB,84,84,30
528,Takumi Minamino,172,67,1995-01-16,CAM,84,57,48
529,Tyrone Mings,196,77,1993-03-13,CB,84,18,4
530,Maximilian Mittelstädt,180,71,1997-03-18,LB,84,64,10
531,Álex Moreno,179,68,1993-06-08,LB,84,84,2
532,Hidemasa Morita,177,69,1995-05-10,CM,84,26,48
533,Florentino,184,76,1999-08-19,CDM,84,30,12
534,Hany Mukhtar,173,71,1995-03-21,CAM,84,89,10
535,Nordi Mukiele,187,84,1997-11-01,RB,84,11,1
536,Juan Musso,191,93,1994-05-06,GK,84,10,8
537,Galeno,179,62,1997-10-22,LM,84,27,5
538,Matt O'Riley,188,77,2000-11-21,CM,84,59,32
539,Jonas Omlin,190,85,1994-01-10,GK,84,87,16
540,Ayoze Pérez,178,72,1993-07-29,LM,84,35,2
541,Mattia Perin,188,77,1992-11-10,GK,84,19,7
542,Matteo Pessina,187,77,1997-04-21,CM,84,90,7
543,Đorđe Petrović,194,88,1999-10-08,GK,84,91,30
544,Ethan Pinnock,194,79,1993-05-29,CB,84,74,38
545,Yeremy Pino,172,60,2002-10-20,LM,84,35,2
546,Gonçalo Ramos,185,82,2001-06-20,ST,84,5,12
547,Antonee Robinson,182,70,1997-08-08,LB,84,47,36
548,Oriol Romeu,183,83,1991-09-24,CDM,84,39,2
549,Valentin Rongier,172,67,1994-12-07,CDM,84,73,1
550,Frederik Rønnow,188,81,1992-08-04,GK,84,92,32
551,Gerónimo Rulli,189,84,1992-05-20,GK,84,73,8
552,Julian Ryerson,183,82,1997-11-17,RB,84,12,3
553,Pape Matar Sarr,184,70,2002-09-14,CDM,84,17,61
554,Gianluca Scamacca,195,85,1999-01-01,ST,84,43,7
555,Perr Schuurs,191,85,1999-11-26,CB,84,40,9
556,Benjamin Šeško,195,85,2003-05-31,ST,84,23,15
557,Mário Rui,170,67,1991-05-27,LB,84,13,12
558,Wilfried Singo,190,79,2000-12-25,CB,84,57,49
559,Łukasz Skorupski,188,90,1991-05-05,GK,84,56,13
560,Tomáš Souček,192,86,1995-02-27,CDM,84,38,45
561,Leonardo Spinazzola,186,75,1993-03-25,LM,84,13,7
562,António Silva,187,82,2003-10-30,CB,84,30,12
563,Pietro Terracciano,193,78,1990-03-08,GK,84,71,7
564,Martin Terrier,184,71,1997-03-04,ST,84,11,1
565,Kieran Tierney,180,73,1997-06-05,LB,84,4,24
566,Quinten Timber,179,71,2001-06-17,CM,84,58,9
567,Jurriën Timber,179,78,,CB,84,4,9
568,Rafael Tolói,185,75,1990-10-10,CB,84,43,7
569,Edin Višća,172,63,1990-02-17,RM,84,62,41
570,Nikola Vlašić,179,79,1997-10-04,CAM,84,40,19
571,Aaron Wan-Bissaka,183,72,1997-11-26,RB,84,38,4
572,James Ward-Prowse,173,66,1994-11-01,CM,84,84,4
573,Julian Weigl,186,77,1995-09-08,CDM,84,87,10
574,Yoane Wissa,176,74,1996-09-03,LW,84,74,53
575,Denis Zakaria,190,81,1996-11-20,CDM,84,57,16
576,Davide Zappacosta,182,75,1992-06-11,LB,84,43,7
577,Edon Zhegrova,181,66,1999-03-31,RM,84,53,58
578,Oleksandr Zinchenko,175,64,1996-12-15,LB,84,4,26
579,Joshua Zirkzee,193,89,2001-05-22,ST,84,16,9
580,Carlos Augusto,184,75,1999-01-07,LM,84,7,5
581,Saud Abdulhamid,175,70,1999-07-18,RB,83,14,64
582,Tammy Abraham,195,86,1997-10-02,ST,83,15,4
583,Tosin Adarabioyo,196,80,1997-09-24,CB,83,24,4
584,Amine Adli,174,72,2000-05-10,ST,83,11,28
585,Joseph Aidoo,181,80,1995-09-29,CB,83,25,43
586,Miguel Almirón,174,70,1994-02-10,RW,83,21,65
587,Nadiem Amiri,180,75,1996-10-27,CM,83,93,10
588,Sofyan Amrabat,183,77,1996-08-21,CDM,83,31,28
589,Michail Antonio,180,82,1990-03-28,ST,83,38,38
590,Mauro Arambarri,175,74,1995-09-30,CDM,83,63,14
591,Cristian Arango,178,78,1995-03-09,ST,83,94,25
592,Benoît Badiashile,194,75,2001-03-26,CB,83,24,1
593,Antonín Barák,190,86,1994-12-03,CM,83,71,45
594,Ricardo Pereira,175,70,1993-10-06,RB,83,95,12
595,Melvin Bard,173,65,2000-11-06,LB,83,67,1
596,Ross Barkley,186,76,1993-12-05,CM,83,18,4
597,Marc Bartra,184,73,1991-01-15,CB,83,41,2
598,Maximilian Beier,185,72,2002-10-17,ST,83,12,10
599,Andrea Belotti,181,84,1993-12-20,ST,83,50,7
600,Fran Beltrán,165,64,1999-02-03,CDM,83,25,2
601,Saïd Benrahma,172,67,1995-08-10,LW,83,46,31
602,Ramy Bensebaini,187,82,1995-04-16,LB,83,12,31
603,Nabil Bentaleb,187,78,1994-11-24,CDM,83,53,31
604,Mergim Berisha,188,84,1998-05-11,ST,83,42,10
605,Jan-Niklas Beste,175,66,1999-01-04,LM,83,30,10
606,Veljko Birmančević,179,69,1998-03-05,RW,83,96,30
607,Olivier Boscagli,181,68,1997-11-18,CB,83,54,1
608,Lilian Brassier,186,78,1999-11-02,CB,83,73,1
609,Ante Budimir,190,75,1991-07-22,ST,83,81,19
610,Emiliano Buendía,172,72,1996-12-25,RM,83,18,8
611,Roman Bürki,187,85,1990-11-14,GK,83,97,16
612,Dan Burn,198,87,1992-05-09,CB,83,21,4
613,Nélson Semedo,177,69,1993-11-16,RB,83,79,12
614,Riccardo Calafiori,188,86,2002-05-19,CB,83,4,7
615,Maxence Caqueret,174,63,2000-02-15,CM,83,46,1
616,Trevoh Chalobah,192,75,1999-07-05,CB,83,55,4
617,Andrea Colpani,184,75,1999-05-11,CAM,83,71,7
618,Murillo,180,75,2002-07-04,CB,83,84,5
619,Vladimír Coufal,175,76,1992-08-22,RB,83,38,45
620,Kerem Demirbay,183,75,1993-07-03,CM,83,34,10
621,Kiernan Dewsbury-Hall,178,70,1998-09-06,CM,83,24,4
622,Ousmane Diomande,190,86,2003-12-04,CB,83,26,49
623,Berat Djimsiti,190,83,1993-02-19,CB,83,43,66
624,Marko Dmitrović,194,91,1992-01-24,GK,83,86,30
625,Ritsu Doan,172,74,1998-06-16,RM,83,45,48
626,Danilho Doekhi,190,86,1998-06-30,CB,83,92,9
627,Oscar Dorley,174,66,1998-07-19,CDM,83,98,67
628,Ayoub El Kaabi,182,76,,ST,83,99,28
629,Harvey Elliott,168,64,2003-04-04,CAM,83,6,4
630,Christian Eriksen,182,76,1992-02-14,CM,83,16,32
631,Alfonso Espino,172,71,1992-01-05,LB,83,60,14
632,Lucas Perri,197,98,1997-12-10,GK,83,46,5
633,Francisco Conceição,168,61,2002-12-14,RM,83,19,12
634,Wesley Fofana,190,84,2000-12-17,CB,83,24,1
635,Przemysław Frankowski,175,70,1995-04-12,RB,83,48,13
636,Levi García,182,86,1997-11-20,ST,83,88,68
637,Eric García,182,76,2001-01-09,CB,83,8,2
638,Rubén García,172,71,1993-07-14,RM,83,81,2
639,Fran García,169,63,1999-08-14,LB,83,1,2
640,Federico Gatti,190,80,1998-06-24,CB,83,19,7
641,Ryan Gauld,169,62,1995-12-16,LW,83,100,24
642,João Gomes,176,74,2001-02-12,CDM,83,79,5
643,Campaña,179,70,1993-05-31,CM,83,65,2
644,Ismaily,177,82,1990-01-11,LB,83,53,5
645,Amine Gouiri,181,80,2000-02-16,LM,83,101,31
646,Jonathan Gradit,180,75,1992-11-24,CB,83,48,1
647,Ryan Gravenberch,190,77,2002-05-16,CM,83,6,9
648,Michael Gregoritsch,193,91,1994-04-18,ST,83,45,21
649,Guaita,190,80,1987-01-10,GK,83,25,2
650,Arda Güler,175,70,2005-02-25,CAM,83,1,20
651,Christian Günter,184,83,1993-02-28,LB,83,45,10
652,Lukáš Haraslín,182,71,1996-05-26,LW,83,96,44
653,Cucho Hernández,176,73,1999-04-22,ST,83,102,25
654,Héctor Herrera,185,78,1990-04-19,CM,83,103,46
655,Ander Herrera,182,71,1989-08-14,CM,83,20,2
656,Sergio Herrera,192,82,1993-06-06,GK,83,81,2
657,Isak Hien,191,90,1999-01-13,CB,83,43,22
658,Andreas Pereira,177,70,1996-01-01,CAM,83,47,5
659,Rasmus Højlund,191,79,2003-02-04,ST,83,16,32
660,Hwang Hee Chan,177,77,1996-01-26,ST,83,79,18
661,Borja Iglesias,187,86,1993-01-17,ST,83,25,2
662,Lorenzo Insigne,163,59,1991-06-04,LW,83,104,7
663,Junya Ito,176,66,1993-03-09,RM,83,105,48
664,Juanmi,172,69,1993-05-20,LM,83,41,2
665,Brennan Johnson,186,73,2001-05-23,RM,83,17,69
666,Sam Johnstone,193,85,1993-03-25,GK,83,79,4
667,Joan Jordán,184,74,1994-07-06,CM,83,106,2
668,Pierre Kalulu,182,80,2000-06-05,CB,83,19,1
669,Kevin Kampl,178,66,1990-10-09,CM,83,23,15
670,Rick Karsdorp,184,80,1995-02-11,RB,83,54,9
671,Moise Kean,183,72,2000-02-28,ST,83,71,7
672,Gaëtan Laborde,181,78,1994-05-03,RW,83,67,1
673,Victor Lindelöf,187,80,1994-07-17,CB,83,16,22
674,Tino Livramento,181,71,2002-11-12,RB,83,21,4
675,Hirving Lozano,175,70,1995-07-30,RW,83,54,46
676,Matheus Nunes,183,76,1998-08-27,CM,83,2,12
677,Noni Madueke,182,75,2002-03-10,RM,83,24,4
678,Joakim Mæhle,185,79,1997-05-20,RB,83,66,32
679,Lovro Majer,178,76,1998-01-17,CM,83,66,19
680,Nemanja Maksimović,189,78,1995-01-26,CM,83,107,30
681,Steve Mandanda,187,86,1985-03-28,GK,83,101,1
682,Solly March,180,77,1994-07-20,RM,83,59,4
683,Konstantinos Mavropanos,194,89,1997-12-11,CB,83,38,59
684,Weston McKennie,180,86,1998-08-28,CM,83,19,36
685,Scott McTominay,193,88,1996-12-08,CDM,83,13,24
686,Ben Mee,180,82,1989-09-21,CB,83,74,4
687,Arthur Cabral,186,82,1998-04-25,ST,83,30,5
688,Moncayola,182,78,1998-05-13,CM,83,81,2
689,Mason Mount,181,74,1999-01-10,CM,83,16,4
690,Neto,190,83,1989-07-19,GK,83,4,5
691,Luis Muriel,179,79,1991-04-16,ST,83,108,25
692,Rodrigo Becão,191,79,1996-01-19,CB,83,31,5
693,Marcão,185,80,1996-06-05,CB,83,70,5
694,Wilfred Ndidi,183,74,1996-12-16,CDM,83,95,17
695,Victor Nelsson,185,78,1998-10-14,CB,83,34,32
696,Saúl,184,75,1994-11-21,CM,83,70,2
697,M'Bala Nzola,185,82,1996-08-18,ST,83,48,70
698,Noah Okafor,185,85,2000-05-24,ST,83,15,16
699,Caio Henrique,178,70,1997-07-31,LB,83,57,5
700,Amadou Onana,192,76,2001-08-16,CDM,83,18,6
701,Alex Oxlade-Chamberlain,175,70,1993-08-15,CM,83,32,4
702,Willian Pacho,186,81,2001-10-16,CB,83,5,39
703,Emerson,176,79,1994-08-03,LB,83,38,7
704,Leandro Paredes,180,75,1994-06-29,CM,83,14,8
705,Pedraza,184,73,1996-04-09,LB,83,35,2
706,Nicolas Pépé,183,73,1995-05-29,RM,83,35,49
707,Roberto Pereyra,182,76,1991-01-07,CM,83,88,8
708,Stefan Posch,190,82,1997-05-14,RB,83,56,21
709,Riqui Puig,169,56,1999-08-13,CM,83,109,2
710,Jacob Ramsey,180,72,2001-05-21,LM,83,18,4
711,Giacomo Raspadori,172,69,2000-02-18,CAM,83,13,7
712,Matheus Reis,184,80,1995-02-18,CB,83,26,5
713,Thierry Correia,176,69,1999-03-09,RB,83,22,12
714,Guillaume Restes,188,82,2005-03-11,GK,83,110,1
715,Diego Rico,183,78,1993-02-23,LB,83,63,2
716,Riquelme,174,68,2000-04-02,LM,83,10,2
717,Marc Roca,184,81,1996-11-26,CDM,83,41,2
718,Kirian,180,73,1996-03-05,CM,83,65,2
719,Sergio Romero,192,88,1987-02-22,GK,83,111,8
720,Nicolò Rovella,179,70,2001-12-04,CM,83,37,7
721,Mathew Ryan,182,82,1992-04-08,GK,83,14,71
722,Alexis Saelemaekers,180,72,1999-06-27,LM,83,14,6
723,Rodri,168,62,2000-05-16,LM,83,41,2
724,Giorgio Scalvini,194,75,2003-12-11,CB,83,43,7
725,Marcos Senesi,185,75,1997-05-10,CB,83,68,8
726,Mykola Shaparenko,178,72,1998-10-04,CM,83,112,26
727,Carlos Soler,180,76,1997-01-02,CM,83,38,2
728,Djibril Sow,184,76,1997-02-06,CM,83,70,16
729,Çağlar Söyüncü,185,82,1996-05-23,CB,83,31,20
730,Angelo Stiller,183,79,2001-04-04,CDM,83,64,10
731,Nicolás Tagliafico,172,65,1992-08-31,LB,83,46,8
732,James Tavernier,182,75,1991-10-31,RB,83,113,4
733,Teddy Teuma,176,73,1993-09-30,CM,83,105,72
734,Jordan Teze,183,68,1999-09-30,RB,83,57,9
735,Malick Thiaw,194,89,2001-08-08,CB,83,15,10
736,Khéphren Thuram,192,80,2001-03-26,CM,83,19,1
737,Takehiro Tomiyasu,188,84,1998-11-05,RB,83,4,48
738,Gernot Trauner,183,82,1992-03-25,CB,83,58,21
739,Trincão,184,76,1999-12-29,RW,83,26,12
740,Anatoliy Trubin,199,86,2001-08-01,GK,83,30,26
741,Enes Ünal,187,78,1997-05-10,ST,83,68,20
742,Alan Varela,177,73,2001-07-04,CDM,83,27,8
743,Matías Vecino,187,81,1991-08-24,CM,83,37,14
744,Adam Wharton,182,70,2004-02-06,CDM,83,55,4
745,Jonas Wind,190,82,1999-02-07,ST,83,66,32
746,Leny Yoro,190,75,2005-11-13,CB,83,16,1
747,Nicolò Zaniolo,190,79,1999-07-02,RM,83,43,7
748,Andrija Živković,169,62,1996-07-11,RW,83,114,30
749,Vincent Aboubakar,184,75,1992-01-22,ST,82,32,34
750,Tyler Adams,175,72,1999-02-14,CDM,82,68,36
751,Yacine Adli,186,78,2000-07-29,CDM,82,71,1
752,Emmanuel Agbadou,192,86,1997-06-17,CB,82,105,49
753,Agirrezabala,187,80,2000-12-26,GK,82,20,2
754,Ruben Aguilar,172,69,1993-04-26,RB,82,48,1
755,Kerem Aktürkoğlu,173,71,1998-10-21,LM,82,30,20
756,Omar Alderete,188,77,1996-12-26,CB,82,63,65
757,Gabriel Paulista,185,72,1990-11-26,CB,82,32,5
758,Franco Armani,189,88,1986-10-16,GK,82,29,8
759,Loïc Badé,191,89,2000-04-11,CB,82,70,1
760,Anastasios Bakasetas,181,78,1993-06-28,CAM,82,107,59
761,Ridle Baku,176,72,1998-04-08,RB,82,66,10
762,Iván Balliu,172,63,1992-01-01,RB,82,60,66
763,Folarin Balogun,178,66,2001-07-03,ST,82,57,36
764,Jonathan Bamba,175,72,1996-03-26,LM,82,25,49
765,Igor Paixão,168,63,2000-06-28,LW,82,58,5
766,Michy Batshuayi,185,80,1993-10-02,ST,82,34,6
767,Federico Bernardeschi,185,77,1994-02-16,RW,82,104,7
768,Sam Beukema,188,77,1998-11-17,CB,82,56,9
769,Justin Bijlow,188,76,,GK,82,58,9
770,Philip Billing,197,80,1996-06-11,CM,82,68,32
771,Yann Aurel Bisseck,196,87,2000-11-29,CB,82,7,10
772,Ludovic Blas,180,77,1997-12-31,RM,82,101,1
773,Jérémie Boga,172,68,1997-01-03,LW,82,67,49
774,Willy Boly,195,97,1991-02-03,CB,82,84,49
775,Santiago Bueno,190,76,1998-11-09,CB,82,79,14
776,Jack Butland,196,95,1993-03-10,GK,82,113,4
777,Vitaliy Buyalskyi,170,61,1993-01-06,CAM,82,112,26
778,Uğurcan Çakır,191,82,1996-04-05,GK,82,62,20
779,Dominic Calvert-Lewin,187,71,1997-03-16,ST,82,36,4
780,Andrea Cambiaso,182,77,2000-02-20,RB,82,19,7
781,Gianluca Caprari,176,72,1993-07-30,CAM,82,90,7
782,Cameron Carter-Vickers,183,92,1997-12-31,CB,82,77,36
783,Gedson Fernandes,183,63,1999-01-09,CM,82,32,12
784,Tiago Santos,175,67,2002-07-23,RB,82,53,12
785,Nicolò Casale,191,80,1998-02-14,CB,82,56,7
786,Timothy Castagne,185,80,1995-12-05,RB,82,47,6
787,Gaetano Castrovilli,187,71,1997-02-17,CM,82,37,7
788,Danilo Cataldi,180,70,1994-08-06,CDM,82,71,7
789,Edinson Cavani,185,77,1987-02-14,ST,82,111,14
790,Julian Chabot,195,95,1998-02-12,CB,82,64,10
791,Farès Chaïbi,183,79,2002-11-28,CAM,82,49,31
792,Brendan Chardonnet,181,74,1994-12-22,CB,82,80,1
793,Jasper Cillessen,185,83,1989-04-22,GK,82,65,9
794,Patrick Ciurria,178,67,1995-02-09,RM,82,90,7
795,Levi Colwill,187,83,2003-02-26,CB,82,24,4
796,Lewis Cook,175,71,1997-02-03,CDM,82,68,4
797,Dodô,166,68,1998-11-17,RB,82,71,5
798,Evander,178,73,1998-06-09,CAM,82,115,5
799,Thijs Dallinga,190,72,2000-08-03,ST,82,56,9
800,Arnaut Danjuma,178,74,1997-01-31,ST,82,39,9
801,Craig Dawson,188,85,1990-05-06,CB,82,79,4
802,Rodinei,177,70,,RB,82,99,5
803,De Frutos,173,72,1997-02-20,RM,82,60,2
804,Vanderson,173,74,2001-06-21,RB,82,57,5
805,Raúl De Tomás,180,72,1994-10-17,ST,82,60,2
806,Kiril Despodov,180,70,1996-11-11,RM,82,114,73
807,Bafodé Diakité,185,74,2001-01-06,CB,82,53,1
808,Álvaro Djaló,175,65,1999-08-16,RM,82,20,2
809,Paulo Díaz,178,76,1994-08-25,CB,82,29,74
810,Issa Diop,194,92,1997-01-09,CB,82,47,1
811,Yehvann Diouf,184,74,1999-11-16,GK,82,105,1
812,Dakonam Djené,178,72,1991-12-31,CB,82,63,75
813,Nicolás Domínguez,179,73,1998-06-28,CDM,82,84,8
814,Igor,185,84,1998-02-07,CB,82,59,5
815,Sebastián Driussi,179,79,1996-02-09,CAM,82,116,8
816,Marvin Ducksch,188,79,1994-03-07,ST,82,117,10
817,Niclas Eliasson,178,70,1995-12-07,RM,82,88,22
818,Breel Embolo,187,88,1997-02-14,ST,82,57,16
819,Angeliño,171,69,1997-01-04,LB,82,14,2
820,Łukasz Fabiański,190,83,1985-04-18,GK,82,38,13
821,Romain Faivre,180,69,1998-07-14,RM,82,80,1
822,Ansu Fati,178,66,2002-10-31,CAM,82,8,2
823,Aitor,182,78,1991-05-03,GK,82,81,2
824,Ignacio Fernández,182,67,1990-01-12,CAM,82,29,8
825,Jota Silva,179,73,1999-08-01,RM,82,84,12
826,Fábio Vieira,176,61,2000-05-30,CAM,82,27,12
827,Kyogo Furuhashi,170,63,1995-01-20,ST,82,77,48
828,Patric,184,72,1993-04-17,CB,82,37,2
829,Matteo Gabbia,185,78,1999-10-21,CB,82,15,7
830,Gonçalo Guedes,179,68,1996-11-29,ST,82,79,12
831,Samuel Gigot,187,83,1993-10-12,CB,82,37,1
832,Angel Gomes,168,56,2000-08-31,CAM,82,53,4
833,Beto,194,88,1998-01-31,ST,82,36,12
834,Nico González,188,85,2002-01-03,CDM,82,27,2
835,Mert Günok,196,92,1989-03-01,GK,82,32,20
836,Quilindschy Hartman,183,72,2001-11-14,LM,82,58,9
837,Hans Hateboer,185,72,1994-01-09,RB,82,101,9
838,Rico Henry,170,66,1997-07-08,LB,82,74,4
839,Santiago Hezze,182,77,,CDM,82,99,8
840,Callum Hudson-Odoi,182,76,2000-11-07,LM,82,84,4
841,Jonathan Ikoné,175,73,1998-05-02,RW,82,71,1
842,Ivan Ilić,186,75,2001-03-17,CM,82,40,30
843,Illarramendi,179,74,1990-03-08,CM,82,118,2
844,Fotis Ioannidis,186,80,2000-01-10,ST,82,107,59
845,Alex Iwobi,185,75,1996-05-03,RM,82,47,17
846,Mathias Jensen,180,68,1996-01-01,CM,82,74,32
847,Filip Jörgensen,190,84,2002-04-16,GK,82,24,32
848,João Pedro,182,70,2001-09-26,ST,82,59,5
849,Saša Kalajdžić,200,90,1997-07-07,ST,82,79,21
850,Arnaud Kalimuendo,175,79,2002-01-20,ST,82,101,1
851,Caoimhin Kelleher,188,81,1998-11-23,GK,82,6,76
852,Milos Kerkez,180,71,2003-11-07,LB,82,68,35
853,Maximilian Kilman,194,89,1997-05-23,CB,82,38,4
854,Tim Kleindienst,194,85,1995-08-31,ST,82,87,10
855,Justin Kluivert,171,66,1999-05-05,CAM,82,68,9
856,Ladislav Krejčí,190,86,1999-04-20,CB,82,39,45
857,Enzo Le Fée,173,66,2000-02-03,CM,82,14,1
858,Benjamin Lecomte,186,78,1991-04-26,GK,82,76,1
859,Florian Lejeune,189,89,1991-05-20,CB,82,60,1
860,Lekue,180,70,1993-05-04,RB,82,20,2
861,Chiquinho,175,66,,CM,82,99,12
862,Diego Llorente,186,76,1993-08-16,CB,82,41,2
863,Bradley Locko,180,65,2002-05-06,LB,82,80,1
864,Lucas Beraldo,182,78,2003-11-24,CB,82,5,5
865,Jhon Lucumí,187,82,1998-06-26,CB,82,56,25
866,Sebastiano Luperto,191,75,1996-09-06,CB,82,119,7
867,André Horta,175,62,,CM,82,52,12
868,Renato Sanches,176,70,1997-08-18,CM,82,30,12
869,Darwin Machís,174,74,1993-02-07,LM,82,120,42
870,Kobbie Mainoo,181,80,2005-04-19,CDM,82,16,4
871,Radosław Majecki,193,78,1999-11-16,GK,82,57,13
872,Ruslan Malinovskyi,181,79,1993-05-04,CM,82,121,26
873,Rolando Mandragora,183,75,1997-06-29,CDM,82,71,7
874,Guillermo Maripán,190,83,1994-05-06,CB,82,40,74
875,Lucas Martínez Quarta,183,78,1996-05-10,CB,82,71,8
876,Antony,172,63,2000-02-24,RM,82,16,5
877,Dwight McNeil,183,70,1999-11-22,LM,82,36,4
878,Georges Mikautadze,176,71,2000-10-31,ST,82,46,23
879,Vanja Milinković-Savić,202,99,1997-02-20,GK,82,40,30
880,Luis Milla,175,67,1994-10-07,CM,82,63,2
881,Enzo Millot,174,66,2002-07-17,CAM,82,64,1
882,Rafa Mir,191,86,1997-06-18,ST,82,22,2
883,Tyrick Mitchell,175,66,1999-09-01,LB,82,55,4
884,Terem Moffi,188,89,1999-05-25,ST,82,67,17
885,Johan Mojica,185,73,1992-08-21,LB,82,44,25
886,Moleiro,172,67,2003-09-30,LM,82,65,2
887,Lorenzo Montipò,191,82,1996-02-20,GK,82,122,7
888,Endrick,173,66,,ST,82,1,5
889,Marcelino Moreno,168,65,1995-06-25,LM,82,123,8
890,Mosquera,188,79,2004-06-27,CB,82,22,2
891,Youssoufa Moukoko,179,72,2004-11-20,ST,82,67,10
892,João Moutinho,170,61,1986-09-08,CM,82,52,12
893,Mykhailo Mudryk,175,61,2001-01-05,LM,82,24,26
894,Vitaliy Mykolenko,180,71,1999-05-29,LB,82,36,26
895,Wendell,176,70,1993-07-20,LB,82,27,5
896,Evan Ndicka,192,82,1999-08-20,CB,82,14,49
897,João Mário,179,66,2000-01-03,RB,82,27,12
898,Felix Nmecha,194,80,2000-10-10,CM,82,12,10
899,Lukas Nmecha,185,80,1998-12-14,ST,82,66,10
900,Christian Nørgaard,187,77,1994-03-10,CDM,82,74,32
901,Unai Núñez,186,81,1997-01-30,CB,82,20,2
902,Mathías Olivera,184,78,1997-10-31,LB,82,13,14
903,David Ospina,183,80,1988-08-31,GK,82,124,25
904,Aitor Paredes,186,79,2000-04-29,CB,82,20,2
905,Bruno Petković,193,88,1994-09-16,ST,82,125,19
906,Germán Pezzella,187,82,1991-06-27,CB,82,29,8
907,Kalvin Phillips,178,72,1995-12-02,CDM,82,126,4
908,Orbelín Pineda,169,63,1996-03-24,CAM,82,88,46
909,Alassane Plea,181,82,1993-03-10,ST,82,87,1
910,Yussuf Poulsen,192,84,1994-06-15,ST,82,23,32
911,Puado,177,69,1998-05-25,LM,82,127,2
912,Juan Fernando Quintero,168,70,1993-01-18,CAM,82,128,25
913,Arthur,171,73,1996-08-12,CDM,82,19,5
914,Reguilón,178,68,1996-12-16,LB,82,17,2
915,André Almeida,176,62,2000-05-30,CM,82,22,12
916,Samuele Ricci,181,76,2001-08-21,CDM,82,40,7
917,Ricardo Rodríguez,182,83,1992-08-25,CB,82,41,16
918,Jonathan Rodríguez,177,79,1993-07-06,ST,82,115,14
919,Youssouf Sabaly,173,67,1993-03-05,RB,82,41,61
920,Umar Sadiq,192,78,1997-02-02,ST,82,28,17
921,Matvey Safonov,192,82,,GK,82,5,47
922,Roland Sallai,183,79,1997-05-22,RM,82,45,35
923,Antonio Sanabria,180,77,1996-03-04,ST,82,40,65
924,Ibrahim Sangaré,191,77,1997-12-02,CDM,82,84,49
925,Baptiste Santamaria,183,81,1995-03-09,CDM,82,101,1
926,Marcos Leonardo,176,83,2003-05-02,ST,82,30,5
927,Daniel Bragança,178,71,1999-05-27,CM,82,26,12
928,Pablo Sarabia,174,70,1992-05-11,CAM,82,79,2
929,Nicolas Seiwald,179,79,2001-05-04,CDM,82,23,21
930,Matz Sels,188,75,1992-02-26,GK,82,84,6
931,Suat Serdar,184,75,1997-04-11,CM,82,122,10
932,Giovanni Simeone,181,81,1995-07-05,ST,82,13,8
933,Luis Sinisterra,172,60,1999-06-17,LM,82,68,25
934,Oliver Skipp,175,70,2000-09-16,CDM,82,95,4
935,Emile Smith Rowe,182,72,2000-07-28,LM,82,47,4
936,Florian Sotoca,187,77,1990-10-25,ST,82,48,1
937,Matías Soulé,176,69,2003-04-15,RM,82,14,8
938,Marco Sportiello,192,87,1992-05-10,GK,82,15,7
939,Jeremiah St. Juste,186,76,1996-10-19,CB,82,26,9
940,Anton Stach,194,88,1998-11-15,CM,82,42,10
941,Josip Stanišić,187,77,2000-04-02,RB,82,3,19
942,Calvin Stengs,187,70,1998-12-18,CAM,82,58,9
943,Kevin Stöger,175,74,1993-08-27,CAM,82,87,21
944,Heorhii Sudakov,177,68,2002-09-01,CAM,82,129,26
945,Yukinari Sugawara,178,68,2000-06-28,RB,82,61,48
946,Josip Šutalo,185,82,2000-02-28,CB,82,72,19
947,Mattias Svanberg,185,75,1999-01-05,CM,82,66,22
948,Mathys Tel,183,77,2005-04-27,ST,82,3,1
949,Arthur Theate,185,78,2000-05-25,CB,82,49,6
950,Malik Tillman,187,71,2002-05-28,CAM,82,54,36
951,Lucas Torró,190,77,1994-07-19,CDM,82,81,2
952,Óscar Trejo,180,79,1988-04-26,CAM,82,60,8
953,Adrien Truffert,176,72,2001-11-20,LB,82,101,1
954,Konstantinos Tsimikas,179,77,1996-05-12,LB,82,6,59
955,Bruma,173,70,1994-10-24,LM,82,52,12
956,Martin Valjent,187,70,1995-12-11,CB,82,44,44
957,Sepp van den Berg,192,87,2001-12-20,CB,82,74,9
958,Jamie Vardy,179,74,1987-01-11,ST,82,95,4
959,Vesga,191,86,1993-04-08,CM,82,20,2
960,Elye Wahi,181,77,2003-01-02,ST,82,73,1
961,Wout Weghorst,197,84,,ST,82,72,9
962,Mitchell Weiser,177,70,1994-04-21,RB,82,117,10
963,Joe Willock,186,71,1999-08-20,CM,82,21,4
964,Patrick Wimmer,182,77,2001-05-30,RM,82,66,21
965,İsmail Yüksek,183,77,1999-01-26,CDM,82,31,20
966,Illia Zabarnyi,189,80,2002-09-01,CB,82,68,26
967,Dan-Axel Zagadou,196,90,1999-06-03,CB,82,64,1
968,Nicola Zalewski,175,78,2002-01-23,LM,84,14,13
969,Simon Adingra,175,68,2002-01-01,RM,81,59,49
970,Luis Advíncula,180,80,1990-03-02,RB,81,111,77
971,Michel Aebischer,183,76,1997-01-06,CM,81,56,16
972,Kristoffer Ajer,196,84,1998-04-17,CB,81,74,3
973,Maghnes Akliouche,183,63,2002-02-25,RM,81,57,1
974,Chuba Akpom,183,81,1995-10-09,ST,81,72,4
975,Rodrigo Aliendro,173,72,1991-02-16,CDM,81,29,8
976,Stephen Eustáquio,178,67,1996-12-21,CDM,81,27,40
977,Gabriel Arias,189,85,1987-09-13,GK,81,128,74
978,Santiago Ascacíbar,169,69,1997-02-25,CM,81,130,8
979,Taiwo Awoniyi,183,84,1997-08-12,ST,81,84,17
980,Hernani,188,77,1994-03-27,CDM,81,131,5
981,Carlos Bacca,181,77,1986-09-08,ST,81,132,25
982,Eric Bailly,187,77,1994-04-12,CB,81,35,49
983,Tommaso Baldanzi,170,63,2003-03-23,CAM,81,14,7
984,Taison,172,67,1988-01-13,CAM,81,114,5
985,Enis Bardhi,172,64,1995-07-02,CAM,81,62,62
986,Leandro Barreiro Martins,174,67,2000-01-03,CM,81,30,78
987,Pablo Barrios,181,75,2003-06-15,CM,81,10,2
988,Federico Baschirotto,184,77,1996-09-20,CB,81,69,7
989,Calvin Bassey,185,76,1999-12-31,CB,81,47,17
990,Augusto Batalla,185,87,1996-04-30,GK,81,60,8
991,Martin Baturina,172,68,2003-02-16,CAM,81,125,19
992,Altay Bayındır,198,88,1998-04-14,GK,81,16,20
993,Ihlas Bebou,185,80,1994-04-23,ST,81,42,75
994,Sheraldo Becker,180,77,1995-04-09,ST,81,28,79
995,Raoul Bellanova,188,85,2000-05-17,RB,81,43,7
996,Héctor Bellerín,178,74,1995-03-19,RB,81,41,2
997,Patrick Berg,178,76,1997-11-24,CDM,81,133,3
998,Sander Berge,195,96,1998-02-18,CM,81,47,3
999,Miguel Borja,184,89,1993-01-26,ST,81,29,25
1000,Hicham Boudaoui,175,61,1999-09-23,CM,81,67,31
1001,Malcom Braida,175,72,1997-05-17,LM,81,134,8
1002,Josip Brekalo,175,70,1998-06-23,CAM,81,71,19
1003,Jonathan Burkardt,181,79,2000-07-11,ST,81,93,10
1004,Georgiy Bushchan,196,84,1994-05-31,GK,81,112,26
1005,Rémy Cabella,171,68,1990-03-08,CAM,81,53,1
1006,Mahdi Camara,178,69,1998-06-30,CM,81,80,1
1007,Jaminton Campaz,168,68,2000-05-24,LM,81,135,25
1008,Franco Cervi,165,62,1994-05-26,LM,81,25,8
1009,Pedro Chirivella,178,66,1997-05-23,CDM,81,136,2
1010,Ryan Christie,178,79,1995-02-12,CM,81,68,24
1011,Geny Catamo,173,69,2001-01-26,RM,81,26,57
1012,Hugo Cuypers,185,78,1997-02-07,ST,81,137,6
1013,Davidson,177,77,1991-03-05,LW,81,138,5
1014,Mahmoud Dahoud,178,68,1996-01-01,CM,81,49,10
1015,Ben Davies,181,76,1993-04-24,CB,81,17,69
1016,Leif Davis,182,70,1999-12-31,LB,81,126,4
1017,Mattia De Sciglio,183,78,1992-10-20,RB,81,139,7
1018,Johnny Cardoso,186,78,2001-09-20,CDM,81,41,36
1019,Alexsandro,189,82,1999-08-09,CB,81,53,5
1020,Zeno Debast,188,73,2003-10-24,CB,81,26,6
1021,Mouctar Diakhaby,189,78,1996-12-19,CB,81,22,27
1022,Enzo Díaz,177,78,1995-12-07,LB,81,29,8
1023,Junior Dina Ebimbe,184,80,2000-11-21,RM,81,49,1
1024,Eren Dinkçi,188,70,2001-12-13,RM,81,45,10
1025,Sofiane Diop,175,65,2000-06-09,LW,81,67,28
1026,Rui Patrício,190,84,1988-02-15,GK,81,43,12
1027,Désiré Doué,181,79,2005-06-03,LM,81,5,1
1028,Martin Dúbravka,190,80,1989-01-15,GK,81,21,44
1029,Chidera Ejuke,176,72,1998-01-02,LM,81,70,17
1030,Hugo Ekitike,189,70,,ST,81,49,1
1031,Bilal El Khannouss,180,70,2004-05-10,CAM,81,95,28
1032,Anthony Elanga,178,70,2002-04-27,RM,81,84,22
1033,Nico Elvedi,189,84,1996-09-30,CB,81,87,16
1034,Tiago Djaló,190,82,2000-04-09,CB,81,27,12
1035,Wout Faes,187,82,1998-04-03,CB,81,95,6
1036,Nicolò Fagioli,178,72,2001-02-12,CDM,81,19,7
1037,Abdul Fatawu,177,73,2004-03-08,RW,81,95,43
1038,Leonardo Fernández,166,66,1998-11-08,CAM,81,140,14
1039,Valery,182,75,1999-11-23,LM,81,44,2
1040,Jordan Ferri,173,73,1992-03-12,CDM,81,76,1
1041,Nicolás Figal,180,75,1994-04-03,CB,81,111,8
1042,Alessandro Florenzi,173,67,1991-03-11,RB,81,15,7
1043,Michael Folorunsho,185,78,1998-02-07,CAM,81,13,7
1044,Pablo Fornals,178,67,1996-02-22,LM,81,41,2
1045,Morten Frendrup,178,70,2001-04-07,CM,81,121,32
1046,Dani García,180,81,1990-05-24,CM,81,99,2
1047,Joan García,192,77,2001-05-04,GK,81,127,2
1048,Yannick Gerhardt,184,81,1994-03-13,CM,81,66,10
1049,Bryan Gil,175,65,2001-02-11,LM,81,39,2
1050,Mario Gila,185,80,2000-08-29,CB,81,37,2
1051,Adrià Pedrosa,176,69,1998-05-13,LB,81,70,2
1052,Pierluigi Gollini,194,94,1995-03-18,GK,81,121,7
1053,Toti,187,72,,CB,81,79,12
1054,Gabriel Sara,177,79,1999-06-26,CM,81,34,5
1055,Gorosabel,174,70,1996-08-04,RB,81,20,2
1056,Jeffrey Gouweleeuw,188,83,1991-07-10,CB,81,141,9
1057,Idrissa Gueye,174,66,1989-09-26,CDM,81,36,61
1058,Robin Hack,178,72,,LM,81,87,10
1059,Andreas Hanche-Olsen,185,82,1997-01-17,CB,81,93,3
1060,Amine Harit,180,67,1997-06-18,CM,81,73,28
1061,Jack Harrison,175,70,1996-11-20,RM,81,36,4
1062,Reo Hatate,172,70,1997-11-21,CM,81,77,48
1063,Guilherme Sityá,180,79,1990-04-01,LB,81,142,5
1064,Mads Hermansen,185,81,2000-07-11,GK,81,95,32
1065,Aridane,186,77,1989-03-23,CB,81,60,2
1066,Guido Herrera,187,67,1992-02-29,GK,81,143,8
1067,Aaron Hickey,185,72,2002-06-10,RB,81,74,24
1068,Adam Hložek,188,84,2002-07-25,ST,81,42,45
1069,Tomáš Holeš,180,73,1993-03-31,CB,81,98,45
1070,Gustav Isaksen,178,65,2001-04-19,RW,81,37,32
1071,Ko Itakura,188,80,1997-01-27,CB,81,87,48
1072,Luka Ivanušec,175,76,1998-11-26,LW,81,58,19
1073,Mauro Júnior,171,62,1999-05-06,LB,81,54,5
1074,Vitaly Janelt,184,79,1998-05-10,CM,81,74,10
1075,Adnan Januzaj,186,76,1995-02-05,RW,81,65,6
1076,Peter Vindahl Jensen,196,78,1998-02-16,GK,81,96,32
1077,Josip Juranović,173,68,1995-08-16,RB,81,92,19
1078,Ozan Kabak,186,86,2000-03-25,CB,81,42,20
1079,Pavel Kadeřábek,182,81,1992-04-25,RB,81,42,45
1080,Kaan Kairinen,185,74,1998-12-22,CM,81,96,29
1081,Jesper Karlsson,178,68,1998-07-25,LW,81,56,22
1082,Thilo Kehrer,186,76,1996-09-21,CB,81,57,10
1083,Ryan Kent,172,65,,LW,81,31,4
1084,Jakub Kiwior,189,75,2000-02-15,LB,81,4,13
1085,Ansgar Knauff,180,73,2002-01-10,RM,81,49,10
1086,Kouadio Manu Koné,185,80,2001-05-17,CM,81,14,1
1087,Dominik Kotarski,189,80,2000-02-10,GK,81,114,19
1088,Christian Kouamé,185,70,1997-12-06,ST,81,71,49
1089,Matěj Kovář,196,89,2000-05-17,GK,81,11,45
1090,Rasmus Kristensen,187,70,1997-07-11,RB,81,49,32
1091,Maxence Lacroix,190,88,2000-04-06,CB,81,55,1
1092,Alban Lafont,196,90,1999-01-23,GK,81,136,1
1093,Kenny Lala,178,78,1991-10-03,RB,81,80,1
1094,Lee Jae Sung,181,74,1992-08-10,CAM,81,93,18
1095,Emerson Royal,181,79,1999-01-14,RB,81,15,5
1096,Clément Lenglet,186,81,1995-06-17,CB,81,10,1
1097,Rico Lewis,169,70,2004-11-21,RB,81,2,4
1098,Sean Longstaff,187,74,1997-10-30,CM,81,21,4
1099,Fermín,174,64,2003-05-11,CM,81,8,2
1100,Diego López,172,63,2002-05-13,LM,81,22,2
1101,Deiver Machado,180,75,1993-09-02,LB,81,48,25
1102,Tiago Silva,172,69,1993-06-02,CM,81,144,12
1103,Arne Maier,187,84,1999-01-08,CM,81,141,10
1104,Patrick Mainka,193,88,1994-11-06,CB,81,145,10
1105,Tyrell Malacia,169,67,1999-08-17,LB,81,16,9
1106,Rey Manaj,182,76,1997-02-24,ST,81,146,66
1107,Aïssa Mandi,184,78,1991-10-22,CB,81,53,31
1108,Orel Mangala,178,80,1998-03-18,CM,81,36,6
1109,Marcano,190,78,1987-06-23,CB,81,27,2
1110,Mika Mármol,182,72,2001-07-01,CB,81,65,2
1111,Óscar Valentín,177,72,1994-08-20,CDM,81,60,2
1112,Adrián Martínez,176,89,1992-07-07,ST,81,128,8
1113,Arthur Masuaku,179,80,,LB,81,32,53
1114,Clinton Mata,180,73,1992-11-07,RB,81,46,70
1115,Azor Matusiwa,173,72,1998-04-28,CDM,81,101,9
1116,Mykola Matviienko,182,74,1996-05-02,CB,81,129,26
1117,Stephy Mavididi,182,71,1998-05-31,LW,81,95,4
1118,Miguel Ángel Merentiel,175,70,1996-02-24,ST,81,111,14
1119,Quentin Merlin,174,68,2002-05-16,LB,81,73,1
1120,Thomas Meunier,191,90,1991-09-12,RB,81,53,6
1121,Yerry Mina,195,94,1994-09-23,CB,81,119,25
1122,João Paulo,171,71,1991-03-08,CDM,81,147,5
1123,Miranda,185,76,2000-01-19,LB,81,56,2
1124,Álvaro Montero,196,85,1995-03-29,GK,81,148,25
1125,Gonzalo Montiel,175,70,1997-01-01,RB,81,70,8
1126,Alberto Moreno,171,65,1992-07-05,LB,81,50,2
1127,Sam Morsy,175,75,1991-09-10,CDM,81,126,11
1128,Dany Mota,180,74,1998-05-02,ST,81,90,12
1129,Harold Moukoudi,191,96,1997-11-27,CB,81,88,34
1130,Steve Mounié,190,83,1994-09-29,ST,81,141,80
1131,Marshall Munetsi,188,83,1996-06-22,CM,81,105,81
1132,Jacob Murphy,179,74,1995-02-24,RW,81,21,4
1133,Petar Musa,190,82,1998-03-04,ST,81,118,19
1134,Fran Navarro,179,71,,ST,81,27,2
1135,Youssouf Ndayishimiye,183,79,1998-10-27,CDM,81,67,82
1136,Tanguy Ndombele,181,76,1996-12-28,CM,81,67,1
1137,Florian Neuhaus,185,77,1997-03-16,CM,81,87,10
1138,Sikou Niakaté,186,76,1999-07-10,CB,81,52,54
1139,Moussa Niakhaté,190,85,1996-03-08,CB,81,46,61
1140,Rasmus Nicolaisen,191,81,1997-03-16,CB,81,110,32
1141,Eddie Nketiah,180,73,1999-05-30,ST,81,55,4
1142,Anthony Nwakaeme,185,80,1989-03-21,ST,81,62,17
1143,Ørjan Nyland,192,90,1990-09-10,GK,81,70,3
1144,Odriozola,175,66,1995-12-14,RB,81,28,2
1145,Nick Olij,188,74,1995-08-01,GK,81,149,9
1146,Paul Ebere Onuachu,201,98,1994-05-28,ST,81,61,17
1147,Bright Osayi-Samuel,175,72,1997-12-31,RB,81,31,17
1148,Salih Özcan,182,79,1998-01-11,CDM,81,66,20
1149,Filip Panák,188,77,1995-11-02,CB,81,96,45
1150,Fabiano Parisi,178,72,2000-11-09,LB,81,71,7
1151,Strahinja Pavlović,194,86,2001-05-24,CB,81,15,30
1152,Carles Pérez,173,75,1998-02-16,RM,81,63,2
1153,Portu,167,66,1992-05-21,RM,81,39,2
1154,Beñat Prados,180,72,2001-02-08,CM,81,20,2
1155,Grischa Prömel,184,81,1995-01-09,CM,81,42,10
1156,Robin Pröpper,191,78,1993-09-23,CB,81,113,9
1157,Eduardo Quaresma,184,76,2002-03-02,CB,81,26,12
1158,Raíllo,187,80,1991-10-08,CB,81,44,2
1159,Pepe Reina,188,92,1982-08-31,GK,81,50,2
1160,Luiz Júnior,194,88,2001-01-14,GK,81,35,5
1161,Mateo Retegui,186,86,1999-04-29,ST,81,43,7
1162,Chris Richards,188,87,2000-03-28,CB,81,55,36
1163,Manuel Riemann,186,83,1988-09-09,GK,81,150,10
1164,Igor Thiago,191,88,2001-06-26,ST,81,74,5
1165,Morato,192,89,2001-06-30,CB,81,84,5
1166,Pedro,169,64,1987-07-28,RW,81,37,2
1167,Dani Rodríguez,178,71,1988-06-06,LM,81,44,2
1168,Marcos Rojo,186,82,1990-03-20,CB,81,111,8
1169,Vitor Roque,172,78,2005-02-28,ST,81,41,5
1170,Daniele Rugani,193,86,1994-07-29,CB,81,72,7
1171,Aitor Ruibal,176,75,1996-03-22,RB,81,41,2
1172,Abel Ruiz,180,75,2000-01-28,ST,81,39,2
1173,Michal Sadílek,170,63,1999-05-31,CDM,81,78,45
1174,Ismael Saibari,185,81,2001-07-18,CAM,81,54,28
1175,Mohammed Salisu,191,85,1999-04-17,CB,81,57,43
1176,Philippe Sandler,190,82,1997-02-10,CB,81,151,9
1177,Morgan Sanson,180,73,1994-08-18,CM,81,67,1
1178,Danilo,176,69,2001-04-29,CDM,81,84,5
1179,Ismaïla Sarr,185,70,1998-02-25,RW,81,55,61
1180,Antoine Semenyo,185,79,2000-01-07,RM,81,68,43
1181,Tuta,185,81,1999-07-04,CB,81,49,5
1182,Moses Simon,168,69,1995-07-12,LM,81,136,17
1183,Riccardo Sottil,180,70,1999-06-03,LW,81,71,7
1184,Willian Arão,181,74,1992-03-12,CDM,81,107,5
1185,Jindřich Staněk,192,90,1996-04-27,GK,81,98,45
1186,Taras Stepanenko,181,76,1989-08-08,CDM,81,129,26
1187,Gabriel Strefezza,168,63,1997-04-18,RW,81,50,5
1188,Cristhian Stuani,186,76,1986-10-12,ST,81,39,14
1189,Alex Suárez,180,72,1993-03-10,CB,81,65,2
1190,Crysencio Summerville,174,64,2001-10-30,LM,81,38,9
1191,Adrien Tameze,182,80,1994-02-04,CB,81,40,1
1192,Marcus Tavernier,178,70,1999-03-22,LM,81,68,4
1193,David Carmo,196,89,,CB,81,99,70
1194,Nathan Tella,173,68,1999-07-05,RM,81,11,17
1195,Kenny Tete,180,71,1995-10-09,RB,81,47,9
1196,Corentin Tolisso,181,81,1994-08-03,CM,81,46,1
1197,Lucas Tousart,185,83,1997-04-29,CDM,81,92,1
1198,Bertrand Traoré,181,73,1995-09-06,RW,81,72,37
1199,Cengiz Ünder,173,66,1997-07-14,RW,81,31,20
1200,Branco van den Boomen,185,75,1995-07-21,CM,81,72,9
1201,Jan Paul van Hecke,189,79,2000-06-08,CB,81,59,9
1202,Joël Veltman,184,75,1992-01-15,RB,81,59,9
1203,Bart Verbruggen,193,89,,GK,81,59,9
1204,Arthur Vermeeren,180,71,2005-02-07,CDM,81,23,6
1205,Jannik Vestergaard,199,96,1992-08-03,CB,81,95,32
1206,Kevin Volland,179,85,1992-07-30,ST,81,92,10
1207,Kyle Walker-Peters,173,62,1997-04-13,RB,81,61,4
1208,Adam Webster,191,75,1995-01-04,CB,81,59,4
1209,Danny Welbeck,185,73,1990-11-26,ST,81,59,4
1210,Timon Wellenreuther,188,80,1995-12-03,GK,81,58,10
1211,Neco Williams,183,72,2001-04-13,RB,81,84,69
1212,Harry Winks,176,65,1996-02-02,CDM,81,95,4
1213,Chris Wood,191,92,1991-12-07,ST,81,84,83
1214,Zaydou Youssouf,182,77,1999-07-11,CM,81,152,1
1215,Rodrigo Zalazar,178,78,1999-08-12,CM,81,52,14
1216,Michael Zetterer,187,79,1995-07-12,GK,81,117,10
1217,Oleksandr Zubkov,182,71,1996-08-03,RM,81,129,26
1218,Yunis Abdelhamid,190,83,1987-09-28,CB,80,153,28
1219,Zakaria Aboukhlal,179,74,2000-02-18,RM,80,110,28
1220,Ché Adams,178,70,1996-07-13,ST,80,40,24
1221,Ola Aina,184,82,1996-10-08,LB,80,84,17
1222,Musa Al Tamari,176,66,1997-06-10,RM,80,76,84
1223,Oberdan,175,74,1995-07-30,CDM,80,154,5
1224,Juan Cruz,182,79,1992-07-28,LB,80,81,2
1225,Samu,170,66,1996-04-21,CM,80,144,12
1226,Mohamed Amoura,170,61,2000-05-09,ST,80,66,31
1227,Nordin Amrabat,179,87,1987-03-31,RM,80,88,28
1228,Elliot Anderson,179,71,2002-11-06,CM,80,84,24
1229,Cameron Archer,176,72,2001-12-09,ST,80,61,4
1230,Copete,192,73,1999-10-10,CB,80,44,2
1231,Adam Armstrong,172,69,1997-02-10,ST,80,61,4
1232,Kristjan Asllani,179,70,2002-03-09,CDM,80,7,66
1233,Jordan Ayew,182,81,1991-09-11,RW,80,95,43
1234,Kaan Ayhan,184,84,1994-11-10,RB,80,34,20
1235,Cédric Bakambu,182,73,1991-04-11,ST,80,41,53
1236,Dilane Bakwa,179,77,2002-08-26,RM,80,91,1
1237,Adam Bareiro,184,84,1996-07-26,ST,80,29,65
1238,Kike Barja,179,69,1997-04-04,RM,80,81,2
1239,Barrenetxea,175,74,2001-12-27,LW,80,28,2
1240,Riechedly Bazoer,184,74,1996-10-12,CB,80,82,9
1241,Jean-Ricner Bellegarde,170,70,1998-06-27,CM,80,79,1
1242,Tomás Belmonte,178,68,,CDM,80,111,8
1243,Lucas Beltrán,176,76,2001-03-29,ST,80,71,8
1244,Adrián Bernabé,175,68,2001-05-26,CAM,80,131,2
1245,Juan Bernat,170,67,1993-03-01,LB,80,35,2
1246,Jaka Bijol,190,85,1999-02-05,CB,80,155,15
1247,Andre Blake,188,79,1990-11-21,GK,80,156,38
1248,Artem Bondarenko,182,73,2000-08-21,CAM,80,129,26
1249,Conor Bradley,181,71,2003-07-09,RB,80,6,85
1250,Alberto Brignoli,188,81,1991-08-19,GK,80,88,7
1251,Marius Bülter,188,85,1993-03-29,LM,80,42,10
1252,Javier Burrai,189,82,,GK,80,157,39
1253,Jamie Bynoe-Gittens,179,77,2004-08-08,LM,80,12,4
1254,Tom Cairney,186,84,1991-01-20,CM,80,47,24
1255,Duje Ćaleta-Car,192,89,1996-09-17,CB,80,46,19
1256,Sergi Cardona,186,76,,LB,80,35,2
1257,Vitinha,178,74,2000-03-15,ST,80,121,12
1258,Jean-Charles Castelletto,186,78,1995-01-26,CB,80,136,34
1259,Ricardo Batista,193,86,1986-11-19,GK,80,158,12
1260,Zeki Çelik,180,78,1997-02-17,RB,80,14,20
1261,Edwuin Cetré,171,79,1998-01-01,LM,80,130,25
1262,Fedor Chalov,181,75,,ST,80,114,47
1263,Tomás Chancalay,179,76,1999-01-01,LM,80,85,8
1264,Conor Chaplin,168,69,1997-02-16,CAM,80,126,4
1265,Rayan Cherki,177,71,2003-08-17,CAM,80,46,1
1266,Joris Chotard,179,70,2001-09-24,CDM,80,76,1
1267,Jack Clarke,181,74,2000-11-23,LM,80,126,4
1268,Saúl Coco,188,76,1999-02-09,CB,80,40,86
1269,Nathan Collins,193,81,2001-04-30,CB,80,74,76
1270,Santi Comesaña,184,75,,CM,80,35,2
1271,Maxwel Cornet,179,69,1996-09-27,LM,80,61,49
1272,Tomáš Čvančara,190,86,2000-08-13,ST,80,87,45
1273,Danilo D'Ambrosio,180,75,1988-09-09,CB,80,90,7
1274,José Fonte,191,81,1983-12-22,CB,80,158,12
1275,Otávio,187,83,2002-04-21,CB,80,27,5
1276,Andrew,189,76,2001-07-01,GK,80,159,5
1277,Bobby De Cordova-Reid,170,68,1993-02-02,RM,80,95,38
1278,Aderllan Santos,193,85,1989-04-09,CB,80,160,5
1279,Enrico Delprato,183,74,1999-11-10,RB,80,131,7
1280,Arthur Desmas,196,87,1994-04-07,GK,80,161,1
1281,Amad Diallo,173,67,2002-07-11,RM,80,16,49
1282,Krépin Diatta,175,69,1999-02-25,RM,80,57,61
1283,Alexander Domínguez,195,81,1987-06-05,GK,80,162,39
1284,Niklas Dorsch,175,76,1998-01-15,CDM,80,145,10
1285,Abdoulaye Doucouré,184,76,,CAM,80,36,54
1286,Flynn Downes,181,70,1999-01-20,CDM,80,61,4
1287,Bartłomiej Drągowski,191,74,1997-08-19,GK,80,107,13
1288,Radu Drăgușin,191,80,2002-02-03,CB,80,17,87
1289,Léo Duarte,183,79,1996-07-17,CB,80,138,5
1290,Odsonne Edouard,187,83,1998-01-16,ST,80,95,1
1291,Maximilian Eggestein,181,82,1996-12-08,CDM,80,45,10
1292,Magnus Wolff Eikrem,184,69,1990-08-08,CAM,80,163,3
1293,Neil El Aynaoui,185,77,2001-07-02,CM,80,48,28
1294,Embarba,173,68,1992-05-07,LM,80,60,2
1295,Cristian Espinoza,173,73,1995-04-03,RM,80,164,8
1296,Giovanni Fabbian,186,75,2003-01-14,CM,80,56,7
1297,Frank Fabra,174,78,1991-02-22,LB,80,111,25
1298,Marco Davide Faraoni,180,71,1991-10-25,RM,80,122,7
1299,Bernardo,186,76,1995-05-14,LB,80,150,5
1300,Guillermo Fernández,178,75,1991-10-11,CM,80,111,8
1301,Jesus Ferreira,175,64,2000-12-24,ST,80,118,36
1302,Marco Friedl,187,82,1998-03-16,CB,80,117,21
1303,Angelo Fulgini,182,77,1996-08-20,CAM,80,48,1
1304,Mijat Gaćinović,175,71,1995-02-08,LM,80,88,30
1305,James Garner,182,80,2001-03-13,CM,80,36,4
1306,Dániel Gazdag,178,76,1996-03-02,CAM,80,156,35
1307,Yann Gboho,173,63,2001-01-14,CAM,80,110,1
1308,Billy Gilmour,170,66,2001-06-11,CDM,80,13,24
1309,Ben Godfrey,183,79,1998-01-15,CB,80,43,4
1310,Víctor Gómez,169,68,2000-04-01,RB,80,52,2
1311,Cristo González,178,69,1997-10-14,ST,80,165,2
1312,Leandro González Pirez,185,89,1992-02-26,CB,80,29,8
1313,Kamil Grabara,195,85,1999-01-08,GK,80,66,13
1314,Jacob Greaves,194,87,2000-09-12,CB,80,126,4
1315,Albert Grønbæk,176,65,2001-05-23,CAM,80,101,32
1316,Marko Grujić,191,88,1996-04-13,CM,80,27,30
1317,Marco Grüll,182,74,1998-07-06,LM,80,117,21
1318,Javi Guerra,187,77,2003-05-13,CM,80,22,2
1319,Ander Guevara,180,73,1997-07-07,CM,80,106,2
1320,Pape Gueye,189,79,1999-01-24,CM,80,35,61
1321,Frédéric Guilbert,178,78,1994-12-24,RB,80,69,1
1322,Marcel Hartel,177,68,1996-01-19,CM,80,97,10
1323,Taylor Harwood-Bellis,188,73,2002-01-30,CB,80,61,4
1324,Gastón Hernández,185,76,1998-01-19,CB,80,134,8
1325,Nicolas Höfler,181,80,1990-03-09,CDM,80,45,10
1326,Hong Hyeon Seok,175,73,1999-06-16,CAM,80,93,18
1327,Stanislav Iljutcenko,187,82,1990-08-13,ST,80,166,47
1328,Franco Israel,190,82,2000-04-22,GK,80,26,14
1329,Kristijan Jakić,181,75,1997-05-14,CDM,80,141,19
1330,Jo Hyeon Woo,189,75,1991-09-25,GK,80,167,18
1331,Alistair Johnston,180,77,1998-10-08,RB,80,77,40
1332,James Justin,183,80,1998-02-23,LB,80,95,4
1333,Atakan Karazor,191,76,1996-10-13,CDM,80,64,10
1334,Michael Keane,191,82,1993-01-11,CB,80,36,4
1335,Mandela Keita,181,78,2002-05-10,CDM,80,131,6
1336,Lloyd Kelly,190,86,1998-10-06,CB,80,21,4
1337,Rani Khedira,189,86,1994-01-27,CDM,80,92,10
1338,Ki Sung Yueng,189,75,1989-01-24,CM,80,166,18
1339,Cédric Kipré,193,90,1996-12-09,CB,80,105,49
1340,Derrick Köhn,180,73,1999-02-04,LB,80,117,10
1341,Philipp Köhn,190,80,,GK,80,57,16
1342,Dominik Kohr,183,80,1994-01-31,CB,80,93,10
1343,Aboubakary Koita,175,69,1998-09-20,LM,80,88,88
1344,Giannis Konstantelias,178,66,2003-05-10,CAM,80,114,59
1345,Victor Kristiansen,181,77,2002-12-16,LB,80,95,32
1346,Nikola Krstović,185,88,2000-04-05,ST,80,69,50
1347,Qazim Laçi,175,67,1996-01-19,CM,80,96,66
1348,Tariq Lamptey,163,62,2000-09-30,RB,80,59,43
1349,Manuel Lanzini,170,69,1993-02-15,CAM,80,29,8
1350,Cyle Larin,188,90,1995-04-17,ST,80,44,40
1351,Jørgen Strand Larsen,194,79,2000-02-06,ST,80,79,3
1352,Jamaal Lascelles,188,83,1993-11-11,CB,80,21,4
1353,Romeo Lavia,181,76,2004-01-06,CDM,80,24,6
1354,Cristian Lema,192,93,1990-03-24,CB,80,111,8
1355,Jesper Lindstrøm,182,63,2000-02-29,CAM,80,36,32
1356,Marko Livaja,182,80,1993-08-26,ST,80,75,19
1357,Robin Lod,181,82,1993-04-17,RM,80,168,29
1358,Enzo Loiodice,175,71,2000-11-27,CM,80,65,1
1359,Jordan Lotomba,177,67,1998-09-29,RB,80,58,16
1360,Costinha,181,78,2000-03-26,RM,80,99,12
1361,Eduard Löwen,188,91,1997-01-28,CM,80,97,10
1362,Jhonatan,190,79,1991-05-08,GK,80,160,5
1363,Saša Lukić,183,77,1996-08-13,CM,80,47,30
1364,Senne Lynen,185,80,1999-02-19,CDM,80,117,6
1365,Giangiacomo Magnani,191,87,1995-10-04,CB,80,122,7
1366,Hugo Magnetti,172,75,,CDM,80,80,1
1367,Ainsley Maitland-Niles,180,71,1997-08-29,RB,80,46,4
1368,Víctor Ignacio Malcorra,171,74,1987-07-24,CAM,80,135,8
1369,Dennis Man,183,82,1998-08-26,RM,80,131,87
1370,Daniel Mancini,171,70,1996-11-11,RM,80,107,8
1371,Petros Mantalos,177,74,1991-08-31,CAM,80,88,59
1372,Pablo Marí,193,87,1993-08-31,CB,80,90,2
1373,Răzvan Marin,178,75,1996-05-23,CM,80,119,87
1374,Gonzalo Martínez,172,75,1993-06-13,RM,80,29,8
1375,Toni Martínez,187,84,1997-06-30,ST,80,106,2
1376,Josep Martínez,191,78,1998-05-27,GK,80,7,2
1377,Omar Mascarell,181,76,1993-02-02,CM,80,44,2
1378,Georgios Masouras,184,76,,RM,80,99,59
1379,Philipp Max,177,77,1993-09-30,LB,80,107,10
1380,Alexandru Maxim,177,73,1990-07-08,CAM,80,169,87
1381,Cristian Medina,178,70,2002-06-01,CM,80,111,8
1382,Nampalys Mendy,168,70,1992-06-23,CDM,80,48,61
1383,Junior Messias,179,70,1991-05-13,RM,80,121,5
1384,Alexander Meyer,195,88,1991-04-13,GK,80,12,10
1385,James Milner,175,70,1986-01-04,CM,80,59,4
1386,Mingueza,184,75,1999-05-13,RB,80,25,2
1387,Mostafa Mohamed,185,78,1997-11-28,ST,80,136,11
1388,Nikola Moro,185,77,1998-03-12,CDM,80,56,19
1389,Kevin Müller,190,94,1991-03-15,GK,80,145,10
1390,Rodrigo Muniz,185,79,2001-05-04,ST,80,47,5
1391,Arijanet Murić,197,95,1998-11-07,GK,80,126,58
1392,Yunus Musah,178,75,2002-11-29,CM,80,15,36
1393,Darlington Nagbe,175,77,1990-07-19,CM,80,102,36
1394,Amath Ndiaye,173,70,1996-07-16,LM,80,120,61
1395,Iliman Ndiaye,180,70,2000-03-06,ST,80,36,61
1396,Dan Ndoye,184,79,2000-10-25,RM,80,56,16
1397,Reiss Nelson,175,71,1999-12-10,RW,80,47,4
1398,Jota,175,67,1999-03-30,LM,80,101,12
1399,Bart Nieuwkoop,180,73,1996-03-07,RM,80,58,9
1400,Tijjani Noslin,178,73,1999-07-07,ST,80,37,9
1401,Jake O'Brien,197,84,2001-05-15,CB,80,36,76
1402,Warmed Omari,188,76,2000-04-23,CB,80,46,1
1403,Bećir Omeragić,187,74,2002-01-20,CB,80,76,16
1404,Jayden Oosterwolde,192,74,2001-04-26,LB,80,31,9
1405,Aimar Oroz,177,72,2001-11-27,CM,80,81,2
1406,Francisco Ortega,176,75,,LB,80,99,8
1407,Azzedine Ounahi,182,62,2000-04-19,CM,80,107,28
1408,Joseph Paintsil,169,70,,RM,80,109,43
1409,Sebastián Palacios,163,69,1992-01-20,RW,80,143,8
1410,Alexandros Paschalakis,197,92,,GK,80,99,59
1411,Luca Pellegrini,178,72,1999-03-07,LB,80,37,7
1412,Rubén Peña,170,65,1991-07-18,RB,80,81,2
1413,David Costa,168,64,2001-01-05,CAM,80,48,12
1414,Mathias Pereira Lage,180,69,1996-11-30,LW,80,80,12
1415,Enzo Pérez,178,77,1986-02-22,CDM,80,130,8
1416,Nehuén Pérez,184,75,2000-06-24,CB,80,27,8
1417,Jaden Philogene,179,67,2002-02-08,LM,80,18,4
1418,Diogo Leite,188,83,1999-01-23,CB,80,92,12
1419,Joel Pohjanpalo,186,86,,ST,80,170,29
1420,Ezequiel Ponce,181,76,1997-03-29,ST,80,103,8
1421,Marin Pongračić,193,85,1997-09-11,CB,80,71,19
1422,Denys Popov,185,81,1999-02-17,CB,80,112,26
1423,Ángelo Preciado,173,74,1998-02-18,RB,80,96,39
1424,Jarell Quansah,190,80,2003-01-28,CB,80,6,4
1425,Nemanja Radonjić,181,78,1996-02-15,CAM,80,40,30
1426,Sandro,175,71,1995-07-09,ST,80,65,2
1427,Milot Rashica,177,73,1996-06-28,RM,80,32,58
1428,Nicolas Raskin,178,74,2001-02-23,CM,80,113,6
1429,Harrison Reed,175,72,1995-01-27,CDM,80,47,4
1430,Sérgio Oliveira,181,78,1992-06-02,CM,80,34,12
1431,Panagiotis Retsos,186,79,,CB,80,99,59
1432,Giovanni Reyna,185,79,2002-11-13,RM,80,12,36
1433,Luis Rioja,176,70,1993-10-16,LM,80,22,2
1434,Joel Robles,195,90,,GK,80,171,2
1435,Paulo Oliveira,187,81,1992-01-08,CB,80,52,12
1436,Sebastián Rodríguez,181,75,1992-08-16,CM,80,172,14
1437,Diego Rodríguez,184,80,1989-06-25,GK,80,173,8
1438,Morgan Rogers,188,80,2002-07-26,LM,80,18,4
1439,Merlin Röhl,192,79,2002-07-05,CM,80,45,10
1440,Matías Rojas,186,72,1995-11-03,RW,80,9,65
1441,Benjamín Rollheiser,172,73,2000-03-24,CAM,80,30,8
1442,Pablo Rosario,188,73,1997-01-07,CDM,80,67,9
1443,Diego Rossi,170,66,1998-03-05,CAM,80,102,14
1444,Anthony Rouault,186,77,2001-05-29,CB,80,64,1
1445,Daniel Felipe Ruiz,171,70,2001-07-30,LM,80,148,25
1446,Georginio Rutter,182,77,2002-04-20,CAM,80,59,1
1447,Wesley Saïd,171,72,1995-04-19,ST,80,48,1
1448,Eduardo Salvio,173,71,,RW,80,123,8
1449,Lazar Samardžić,184,79,2002-02-24,CM,80,43,30
1450,Albert Sambi Lokonga,183,73,,CM,80,70,6
1451,Zaidu Sanusi,182,71,1997-06-13,LB,80,27,17
1452,Yusuf Sarı,168,55,1998-11-20,RM,80,174,20
1453,Martín Satriano,187,75,2001-02-20,ST,80,48,14
1454,Keven Schlotterbeck,189,86,1997-04-28,CB,80,141,10
1455,Romano Schmid,168,73,2000-01-27,CAM,80,117,21
1456,Bruno Varela,191,88,1994-11-04,GK,80,144,89
1457,Lawrence Shankland,185,80,1995-08-10,ST,80,175,24
1458,Vincent Sierro,187,79,1995-10-08,CM,80,110,16
1459,David Silva,175,73,1986-12-13,CAM,80,148,25
1460,Douglas Augusto,173,68,1997-01-13,CM,80,136,5
1461,Asger Sørensen,191,88,1996-06-05,CB,80,96,32
1462,Junior Sornoza,169,63,1994-01-28,CAM,80,176,39
1463,Borna Sosa,186,79,1998-01-21,LB,80,40,19
1464,Ramón Sosa,178,76,1999-08-31,LM,80,84,65
1465,Boubakary Soumaré,188,82,1999-02-27,CDM,80,95,1
1466,Jens Stage,185,83,,CM,80,117,32
1467,Jason Steele,188,79,1990-08-18,GK,80,59,4
1468,Sem Steijn,173,61,2001-11-12,CAM,80,78,9
1469,Denis Suárez,178,66,1994-01-06,CM,80,35,2
1470,Pavel Šulc,175,67,2000-12-29,CAM,80,177,45
1471,Jonas Svensson,172,69,,RB,80,32,3
1472,Mile Svilar,189,77,1999-08-27,GK,80,14,30
1473,Sammie Szmodics,168,67,1995-09-24,CAM,80,126,76
1474,Terrats,181,71,2000-10-18,CM,80,35,2
1475,Tetê,175,70,2000-02-15,RM,80,107,5
1476,Adrien Thomasson,175,72,1993-12-10,CAM,80,48,1
1477,Guus Til,186,78,1997-12-22,CAM,80,54,9
1478,Tarik Tissoudali,182,75,,ST,80,114,28
1479,Hamed Traorè,177,77,2000-02-16,CAM,80,178,49
1480,Adama Traoré,178,86,1996-01-25,RM,80,47,2
1481,Christopher Trimmel,189,82,1987-02-24,RB,80,92,21
1482,Felix Uduokhai,193,89,1997-09-09,CB,80,32,10
1483,Aurélio Buta,172,66,1997-02-10,RM,80,105,12
1484,Samuel Umtiti,182,75,1993-11-14,CB,80,53,1
1485,Josha Vagnoman,190,90,2000-12-11,RB,80,64,10
1486,Donny van de Beek,184,74,1997-04-18,CM,80,39,9
1487,Maarten Vandevoordt,192,80,2002-02-26,GK,80,23,6
1488,Ruben Vargas,177,70,1998-08-05,LM,80,141,16
1489,Alan Velasco,167,63,2002-07-27,LM,80,118,8
1490,Alejo Veliz,186,77,2003-09-19,ST,80,127,8
1491,Simone Verdi,174,72,1992-07-12,CAM,80,50,7
1492,Domagoj Vida,184,82,1989-04-29,CB,80,88,19
1493,Nacho Vidal,180,75,1995-01-24,RB,80,81,2
1494,Rodrigo Villagra,178,77,2001-02-14,CDM,80,29,8
1495,Martin Vitík,193,83,2003-01-21,CB,80,96,45
1496,Kevin Vogt,194,87,1991-09-23,CB,80,92,10
1497,Aster Vranckx,183,78,2002-10-04,CM,80,66,6
1498,Kai Wagner,182,78,1997-02-15,LB,80,156,10
1499,Harry Wilson,173,70,1997-03-22,RM,80,47,69
1500,Andriy Yarmolenko,189,81,1989-10-23,RM,80,112,26
1501,Ryan Yates,190,87,1997-11-21,CDM,80,84,4
1502,Bryan Zaragoza,164,60,2001-09-09,RM,80,81,2
1503,Robin Zentner,194,96,1994-10-28,GK,80,93,10
1504,Ramiz Zerrouki,183,72,1998-05-26,CDM,80,58,31
1505,Walker Zimmerman,190,89,1993-05-19,CB,80,89,36
1506,Philip Zinckernagel,175,70,1994-12-16,LM,80,133,32
1507,Steven Zuber,182,83,1991-08-17,ST,80,88,16
1508,Liel Abada,168,67,2001-10-03,RW,79,179,90
1509,Akor Jerome Adams,190,92,2000-01-29,ST,79,76,17
1510,Ludovic Ajorque,196,93,1994-02-25,ST,79,80,1
1511,Akieme,175,74,1997-12-16,LB,79,105,2
1512,Kevin Akpoguma,192,85,1995-04-19,CB,79,42,17
1513,Samú Costa,183,75,2000-11-27,CDM,79,44,12
1514,Vinícius,190,83,1995-03-22,ST,79,47,5
1515,Tiago Gouveia,176,72,2001-06-18,RM,79,30,12
1516,Julian Araujo,175,70,2001-08-13,RB,79,68,46
1517,Takuma Asano,173,71,1994-11-10,RM,79,44,48
1518,Lorenz Assignon,181,77,2000-06-22,RB,79,101,1
1519,Eduard Atuesta,180,71,,CM,79,33,25
1520,Ousseynou Ba,192,84,1995-11-11,CB,79,138,61
1521,Nedim Bajrami,179,68,1999-02-28,CAM,79,113,66
1522,Vasilios Barkas,195,91,1994-05-30,GK,79,180,59
1523,Nahuel Barrios,156,58,1998-05-07,LW,79,134,8
1524,Toma Bašić,190,82,1996-11-25,CM,79,37,19
1525,Gelson Martins,170,74,,RM,79,99,12
1526,Jan Bednarek,189,77,1996-04-12,CB,79,61,13
1527,Armel Bella Kotchap,190,87,2001-12-11,CB,79,61,10
1528,László Bénes,181,72,1997-09-09,CM,79,92,44
1529,Christian Benteke,190,83,1990-12-03,ST,79,181,6
1530,Samuele Birindelli,176,70,1999-07-19,RB,79,90,7
1531,Antonio Blanco,176,68,2000-07-23,CDM,79,106,2
1532,Rubén Blanco,188,70,1995-07-25,GK,79,73,2
1533,Valeriy Bondar,185,76,1999-02-27,CB,79,129,26
1534,Sebastiaan Bornauw,191,83,1999-03-22,CB,79,66,6
1535,Rubén Botta,177,65,1990-01-31,CAM,79,143,8
1536,Edoardo Bove,175,64,2002-05-16,CM,79,71,7
1537,David Brooks,177,62,1997-07-08,RM,79,68,69
1538,Pavel Bucha,177,73,1998-03-11,CDM,79,51,45
1539,Tajon Buchanan,183,69,1999-02-08,RM,79,7,40
1540,Juan David Cabal,186,80,2001-01-08,LB,79,19,25
1541,Leandro Cabrera,190,82,1991-06-17,CB,79,127,14
1542,Anthony Caci,185,76,1997-07-01,LB,79,93,1
1543,Nicolò Cambiaghi,173,74,2000-12-28,LW,79,56,7
1544,Elia Caprile,191,73,2001-08-25,GK,79,13,7
1545,Dani Cárdenas,186,80,1997-03-28,GK,79,60,2
1546,Ramiro Carrera,182,77,1993-10-24,CM,79,123,8
1547,Fábio Carvalho,170,62,2002-08-30,CAM,79,74,12
1548,Vitor Carvalho,183,73,1997-05-27,CDM,79,52,5
1549,Milton Casco,170,69,1988-04-11,LB,79,29,8
1550,Leonardo Castro,175,76,1992-06-14,ST,79,148,25
1551,Jonny,170,70,1994-03-03,RB,79,114,2
1552,Matías Catalán,182,78,1992-08-19,CB,79,143,74
1553,Daniel Cataño,174,75,1992-01-17,CAM,79,148,25
1554,Václav Černý,182,65,1997-10-17,RM,79,113,45
1555,Muhammed Cham,180,67,2000-09-26,CAM,79,62,21
1556,Walid Cheddira,187,80,1998-01-22,ST,79,127,28
1557,Mohamed-Ali Cho,181,66,2004-01-19,RW,79,67,1
1558,Tomáš Chorý,200,10,,ST,79,98,45
1559,Mojmír Chytil,187,82,1999-04-29,ST,79,98,45
1560,Pathé Ciss,186,71,1994-03-16,CDM,79,60,61
1561,Nathaniel Clyne,175,67,1991-04-05,RB,79,55,4
1562,Conor Coady,186,80,1993-02-25,CB,79,95,4
1563,Séamus Coleman,177,77,1988-10-11,RB,79,36,76
1564,Facundo Colidio,180,76,2000-01-04,ST,79,29,8
1565,Omar Colley,191,90,1992-10-24,CB,79,114,91
1566,Tomás Conechny,176,65,1998-03-30,LW,79,106,8
1567,Joaquín Correa,188,78,1994-08-13,ST,79,7,8
1568,Brayan Cortés,186,88,1995-03-11,GK,79,182,74
1569,Logan Costa,188,87,2001-04-01,CB,79,35,89
1570,Lassana Coulibaly,183,77,1996-04-10,CDM,79,69,54
1571,Alessio Cragno,184,78,1994-06-28,GK,79,90,7
1572,Aaron Cresswell,175,66,1989-12-15,LB,79,38,4
1573,Andrés Cubas,166,58,1996-05-22,CDM,79,100,65
1574,Jorge Cuenca,190,75,1999-11-17,CB,79,47,2
1575,Patrick Cutrone,183,79,1998-01-03,ST,79,50,7
1576,Lucas Da Cunha,176,69,2001-06-09,LM,79,50,1
1577,Finn Dahmen,188,80,1998-03-27,GK,79,141,10
1578,Patson Daka,183,71,1998-10-09,ST,79,95,92
1579,Flavius Daniliuc,188,80,2001-04-27,CB,79,122,21
1580,Mohamed Daramy,180,71,2002-01-07,LM,79,105,32
1581,Maracás,184,71,1994-04-27,CB,79,183,5
1582,Pedro De la Vega,175,67,2001-02-07,RW,79,147,8
1583,Natan,188,85,2001-02-06,CB,79,41,5
1584,Dani de Wit,183,76,1998-01-28,CAM,79,150,9
1585,Pedrinho,171,65,1992-12-20,RM,79,129,5
1586,Stefano Denswil,188,82,1993-05-07,CB,79,62,79
1587,Ismael Díaz,190,80,1997-05-12,LW,79,184,93
1588,Leandro Díaz,182,85,1992-06-06,ST,79,123,8
1589,Mohammed Diomande,183,75,2001-10-30,CDM,79,113,49
1590,Andy Diouf,187,81,2003-05-17,CM,79,48,1
1591,Alberto Dossena,195,77,1998-10-13,CB,79,50,7
1592,David Douděra,175,66,1998-05-31,RM,79,98,45
1593,Tasos Douvikas,186,76,1999-08-02,ST,79,25,59
1594,Tommy Doyle,172,73,2001-10-17,CM,79,79,4
1595,Ondrej Duda,181,75,1994-12-05,CM,79,122,44
1596,Alfred Duncan,178,78,1993-03-10,CM,79,170,43
1597,Maxime Dupé,188,88,1993-03-04,GK,79,67,1
1598,Jhon Durán,187,70,2003-12-13,ST,79,18,25
1599,Filip Đuričić,181,74,1992-01-30,CAM,79,107,30
1600,Rafiu Durosinmi,192,85,2003-01-01,ST,79,177,17
1601,Tyronne Ebuehi,187,72,1995-12-16,RB,79,139,17
1602,Mateus Fernandes,178,72,2004-07-10,CM,79,61,12
1603,Jonny Evans,188,77,1988-01-03,CB,79,16,85
1604,Edu Expósito,178,68,1996-08-01,CM,79,127,2
1605,Abdessamad Ezzalzouli,177,73,2001-12-17,LM,79,41,28
1606,Facundo Farías,171,69,2002-08-28,ST,79,9,8
1607,Peque,172,65,2002-10-04,CAM,79,70,2
1608,Evan Ferguson,188,78,2004-10-19,ST,79,59,76
1609,Jean,188,98,1995-10-26,GK,79,185,5
1610,Nicolás Fernández,166,73,1996-02-08,ST,79,186,8
1611,James Forrest,175,77,1991-07-07,RW,79,77,24
1612,Gabriel Pec,172,63,2001-02-11,RW,79,109,5
1613,Dimitri Foulquier,183,72,1993-03-23,RB,79,22,1
1614,Roberto Gagliardini,190,77,1994-04-07,CDM,79,90,7
1615,Antonino Gallo,183,73,2000-01-05,LB,79,69,7
1616,Agustín García Basso,178,78,1992-03-26,CB,79,128,8
1617,Raúl García,192,70,2000-11-03,ST,79,81,2
1618,Unai García,186,81,1992-09-03,CB,79,81,2
1619,Kike García,186,79,1989-11-25,ST,79,106,2
1620,Dennis Geiger,173,67,1998-06-10,CDM,79,42,10
1621,Andreas Gianniotis,192,85,1992-12-18,GK,79,187,59
1622,Yeimar Gómez Andrade,187,92,1992-06-30,CB,79,147,25
1623,Sergio Gómez,171,68,2000-09-04,LB,79,28,2
1624,Andreaw Gravillon,185,80,1998-02-08,CB,79,174,1
1625,Florian Grillitsch,187,77,1995-08-07,CB,79,42,21
1626,Kamil Grosicki,180,78,1988-06-08,LM,79,188,13
1627,Brajan Gruda,178,70,2004-05-31,CAM,79,59,10
1628,Gabriel Gudmundsson,180,74,1999-04-29,LB,79,53,22
1629,Evann Guessand,188,79,2001-07-01,ST,79,67,49
1630,Rafik Guitane,170,64,1999-05-26,RW,79,52,31
1631,Guridi,179,70,1995-02-28,CAM,79,106,2
1632,Emmanuel Gyasi,181,70,1994-01-11,RM,79,139,43
1633,Janik Haberer,186,79,1994-04-02,CM,79,92,10
1634,Amir Hadžiahmetović,179,70,,CDM,79,189,41
1635,Ianis Hagi,182,72,1998-10-22,CAM,79,113,87
1636,Massadio Haïdara,179,76,1992-12-02,CB,79,80,54
1637,Haris Hajradinović,178,74,1994-02-18,CM,79,187,41
1638,Hákon Arnar Haraldsson,180,73,2003-04-10,LM,79,53,56
1639,Mees Hilgers,186,78,2001-05-13,CB,79,78,9
1640,Emil Holm,191,83,2000-05-13,RM,79,56,22
1641,Lewis Holtby,176,76,1990-09-18,CM,79,190,10
1642,Robin Hranáč,189,87,2000-01-29,CB,79,42,45
1643,Will Hughes,185,74,1995-04-17,CDM,79,55,4
1644,Omari Hutchinson,174,65,2003-10-29,RM,79,126,38
1645,Elseid Hysaj,182,75,1994-02-02,LB,79,37,66
1646,Juan Iglesias,187,77,1998-07-03,RB,79,63,2
1647,Kelechi Iheanacho,185,82,1996-10-03,ST,79,70,17
1648,Danny Ings,178,73,1992-07-23,ST,79,38,4
1649,Jackson Irvine,189,70,1993-03-07,CM,79,191,71
1650,Carlos Izquierdoz,185,88,,CB,79,123,8
1651,Armando Izzo,183,78,1992-03-02,CB,79,90,7
1652,Iván Jaime,180,75,2000-09-26,LM,79,27,2
1653,Ismail Jakobs,184,75,1999-08-17,LB,79,34,61
1654,Lucas Janson,171,66,1994-08-16,LM,79,111,8
1655,Martin Jedlička,187,83,1998-01-24,GK,79,177,45
1656,Tin Jedvaj,185,83,1995-11-28,CB,79,107,19
1657,Fredrik Jensen,183,78,1997-09-09,CAM,79,141,29
1658,Moritz Jenz,190,86,1999-04-30,CB,79,93,10
1659,Raúl Jiménez,188,81,1991-05-05,ST,79,47,46
1660,Jens Jønsson,182,78,1993-01-10,CDM,79,88,32
1661,Joo Min Kyu,183,79,1990-04-13,ST,79,167,18
1662,Jesse Joronen,197,89,1993-03-21,GK,79,170,29
1663,Václav Jurečka,182,76,1994-06-26,ST,79,98,45
1664,Lukáš Kalvach,183,77,1995-07-19,CM,79,177,45
1665,Glen Kamara,181,73,1995-10-28,CDM,79,101,29
1666,Efecan Karaca,166,56,1989-11-16,CAM,79,192,20
1667,Oleksandr Karavaiev,175,71,1992-06-02,RB,79,112,26
1668,Naby Keïta,172,64,1995-02-10,CM,79,117,27
1669,Klauss,190,84,1997-03-01,ST,79,97,5
1670,Mateusz Klich,183,84,1990-06-13,CM,79,181,13
1671,Konstantinos Koulierakis,185,78,2003-11-28,CB,79,66,59
1672,Alex Král,186,76,1998-05-19,CDM,79,127,45
1673,Lukas Kübler,182,77,1992-08-30,RB,79,45,10
1674,Marash Kumbulla,191,78,2000-02-08,CB,79,127,66
1675,Daler Kuzyaev,182,74,1993-01-15,CM,79,161,47
1676,Adam Lallana,172,73,1988-05-10,CAM,79,61,4
1677,Sam Lammers,189,77,1997-04-30,ST,79,78,9
1678,Gautier Larsonneur,181,70,1997-02-23,GK,79,153,1
1679,Hugo Larsson,187,74,2004-06-27,CM,79,49,22
1680,Toni Lato,171,64,1997-11-21,LB,79,44,2
1681,Darko Lazović,181,66,1990-09-15,LM,79,122,30
1682,Lee Dong Kyeong,175,69,,CAM,79,193,18
1683,Lee Chang Geun,186,75,1993-08-30,GK,79,194,18
1684,Jamie Leweling,185,86,2001-02-26,RM,79,64,10
1685,Adryelson,184,76,1998-03-23,CB,79,46,5
1686,Karol Linetty,175,80,1995-02-02,CM,79,40,13
1687,Jesse Lingard,175,65,1992-12-15,CAM,79,166,4
1688,Ondřej Lingr,175,70,1998-10-07,CAM,79,98,45
1689,Andrés Llinás,187,73,1997-03-25,CB,79,148,25
1690,Gautier Lloris,191,87,1995-07-18,CB,79,161,1
1691,Yury Lodygin,187,82,1990-05-26,GK,79,107,47
1692,Joe Lolley,178,72,1992-08-25,RM,79,195,4
1693,Cadu,171,70,1997-08-08,LM,79,177,5
1694,Unai López,170,68,1995-10-30,CDM,79,60,2
1695,Hernán López Muñoz,168,67,2000-09-07,CAM,79,164,8
1696,Anthony Losilla,185,78,1986-03-10,CDM,79,150,1
1697,Dejan Lovren,188,84,1989-07-05,CB,79,46,19
1698,John Lundstram,181,74,1994-02-18,CDM,79,62,4
1699,Daizen Maeda,173,68,1997-10-20,LW,79,77,48
1700,Hörður Magnússon,191,84,1993-02-11,CB,79,107,56
1701,Ryan Manning,173,72,1996-06-14,LB,79,61,76
1702,Pep Biel,167,64,1996-09-05,CAM,79,179,2
1703,Neal Maupay,173,69,1996-08-14,ST,79,73,1
1704,Mark McKenzie,184,83,1999-02-25,CB,79,110,36
1705,Domingos Duarte,190,80,1995-03-03,CB,79,63,12
1706,Rony Lopes,174,68,1995-12-28,RM,79,192,12
1707,Djordje Mihailovic,178,69,1998-11-10,CAM,79,196,36
1708,Sven Mijnans,190,70,2000-03-09,CM,79,82,9
1709,Yankuba Minteh,180,65,2004-07-22,RM,79,59,91
1710,Bojan Miovski,189,82,1999-06-24,ST,79,39,62
1711,Fabio Miretti,180,72,2003-08-03,CM,79,121,7
1712,Josip Mišić,187,79,1994-06-28,CDM,79,125,19
1713,Stoichkov,178,71,1993-11-05,LM,79,106,2
1714,Joni Montiel,174,80,1998-09-03,CAM,79,60,2
1715,Alfredo Morelos,177,79,,ST,79,124,25
1716,Manu Morlanes,178,75,1999-01-12,CM,79,44,2
1717,Faris Pemi Moumbagna,185,78,2000-07-01,ST,79,73,34
1718,Ernest Muçi,180,75,2001-03-19,CAM,79,32,66
1719,Mert Müldür,188,74,1999-04-03,RB,79,31,20
1720,Marius Müller,192,93,1993-07-12,GK,79,66,10
1721,Aihen Muñoz,175,68,1997-08-16,LB,79,28,2
1722,Javi Muñoz,175,69,1995-02-28,CM,79,65,2
1723,Alex Muñoz,187,80,1994-07-30,CB,79,65,2
1724,Thomas Murg,173,70,1994-11-14,CAM,79,114,21
1725,Amir Murillo,184,84,1996-02-11,RB,79,73,93
1726,Phillipp Mwene,172,68,1994-01-29,LB,79,93,21
1727,Keito Nakamura,180,75,2000-07-28,LM,79,105,48
1728,Luca Netz,184,83,2003-05-15,LB,79,87,10
1729,Gabriel Neves,171,72,1997-08-11,CM,79,130,14
1730,Arnaud Nordin,170,69,1998-06-17,RM,79,76,1
1731,Ernest Nuamah,178,71,2003-11-01,RW,79,46,43
1732,Juan Jesus,185,83,1991-06-10,CB,79,13,5
1733,Dara O'Shea,188,74,1999-03-04,CB,79,126,76
1734,Igoh Ogbu,187,83,2000-02-08,CB,79,98,17
1735,Maduka Okoye,198,94,1999-08-28,GK,79,155,17
1736,Joseph Okumu,193,75,1997-05-26,CB,79,105,94
1737,Rogério,178,70,1998-01-13,LB,79,66,5
1738,Robin Olsen,198,89,1990-01-08,GK,79,18,22
1739,Christopher Operi,183,78,1997-04-29,LB,79,161,49
1740,Gift Orban,178,70,2002-07-17,ST,79,46,17
1741,Ivan Ordets,195,88,1992-07-08,CB,79,150,26
1742,Mislav Oršić,179,69,1992-12-29,LM,79,62,19
1743,Patrick Osterhage,186,75,2000-02-01,CDM,79,45,10
1744,Dango Ouattara,177,71,2002-02-11,LM,79,68,37
1745,Magomed Ozdoev,184,77,1992-11-05,CM,79,114,47
1746,Luis Palma,179,71,2000-01-17,LW,79,77,95
1747,Amahl Pellegrino,190,68,1990-06-18,LW,79,164,3
1748,Danilo,174,68,2001-04-29,ST,79,113,5
1749,Rubén Pérez,179,76,1989-04-26,CDM,79,107,2
1750,Romain Perraud,173,68,1997-09-22,LB,79,41,1
1751,Krzysztof Piątek,183,77,1995-07-01,ST,79,138,13
1752,Amos Pieper,192,86,1998-01-17,CB,79,117,10
1753,Tommaso Pobega,188,75,1999-07-15,CM,79,56,7
1754,Alexander Prass,180,72,2001-05-26,CM,79,42,21
1755,Lukáš Provod,191,85,1996-10-23,CM,79,98,45
1756,Teemu Pukki,180,78,1990-03-29,ST,79,168,29
1757,Baba Rahman,180,72,1994-07-02,LB,79,114,43
1758,Moisés Ramírez,185,68,2000-09-09,GK,79,176,39
1759,Luca Ranieri,187,76,1999-04-23,CB,79,71,7
1760,Federico Redondo,190,75,2003-01-18,CM,79,9,8
1761,Rocco Reitz,176,72,2002-05-29,CM,79,87,10
1762,Elvis Rexhbeçaj,182,78,1997-11-01,CM,79,141,58
1763,Fabian Rieder,179,74,2002-02-16,CAM,79,64,16
1764,Dmytro Riznyk,191,77,1999-01-30,GK,79,129,26
1765,Rochinha,169,63,1995-05-03,LW,79,152,12
1766,Óscar,174,67,1998-06-28,CM,79,86,2
1767,Valentin Rosier,175,75,1996-08-19,RB,79,86,1
1768,Jérôme Roussillon,175,80,1993-01-06,LB,79,92,1
1769,Raúl Ruidíaz,169,66,1990-07-25,ST,79,147,77
1770,Mikkel Rygaard,176,69,1990-12-25,CM,79,197,32
1771,Lukáš Sadílek,179,64,1996-05-23,CM,79,96,45
1772,Osame Sahraoui,170,65,2001-06-11,LM,79,53,3
1773,Samu Sáiz,174,68,,CAM,79,198,2
1774,Diadié Samassékou,175,70,1996-01-11,CDM,79,42,54
1775,Francisco Moura,182,80,1999-08-16,LB,79,152,12
1776,Javi Sánchez,189,79,1997-03-14,CB,79,120,2
1777,Manu Sánchez,171,66,2000-08-24,LB,79,106,2
1778,Nicola Sansone,173,63,1991-09-10,CAM,79,69,7
1779,Saba Sazonov,194,84,2002-02-01,CB,79,40,23
1780,Joe Scally,184,80,2002-12-31,RB,79,87,36
1781,András Schäfer,178,72,1999-04-13,CM,79,92,35
1782,Bart Schenkeveld,184,81,1991-08-28,CB,79,107,9
1783,Ivan Schranz,185,73,1993-09-13,LM,79,98,44
1784,Stefan Schwab,183,77,1990-09-27,CM,79,114,21
1785,Alex Scott,178,68,2003-08-21,CM,79,68,4
1786,Alidu Seidu,173,68,2000-06-04,CB,79,101,43
1787,Ryan Sessegnon,178,70,2000-05-18,LB,79,47,4
1788,Petr Ševčík,172,66,1994-05-04,CDM,79,98,45
1789,Leonardo Sigali,181,71,1987-05-29,CB,79,128,8
1790,Danylo Sikan,187,75,2001-04-16,ST,79,129,26
1791,Martín Silva,187,88,1983-03-25,GK,79,199,14
1792,Cesinha,177,74,1989-11-29,ST,79,200,5
1793,Abdallah Sima,188,74,2001-06-17,LM,79,80,61
1794,David Simão,183,74,1990-05-15,CM,79,165,12
1795,Ibrahima Sissoko,193,90,1997-10-27,CM,79,150,54
1796,Sivera,185,79,1996-08-11,GK,79,106,2
1797,Gijs Smal,183,83,1997-08-31,LM,79,58,9
1798,Pablo Solari,178,78,2001-03-22,ST,79,29,8
1799,Juan Soriano,185,78,1997-08-23,GK,79,86,2
1800,José Sosa,181,78,1985-06-19,CM,79,130,8
1801,Ricardo Esgaio,172,73,1993-05-16,RB,79,26,12
1802,John Souttar,186,75,1996-09-25,CB,79,113,24
1803,Carl Starfelt,185,81,1995-06-01,CB,79,25,22
1804,Niklas Stark,190,88,1995-04-14,CB,79,117,10
1805,Thomas Strakosha,193,84,1995-03-19,GK,79,88,66
1806,Luka Sučić,185,77,2002-09-08,CAM,79,28,19
1807,Tomáš Suslov,173,72,2002-06-07,RM,79,122,44
1808,Attila Szalai,192,83,1998-01-20,CB,79,42,35
1809,Damian Szymański,185,81,1995-06-16,CDM,79,88,13
1810,Flavien Tait,176,73,1993-02-02,CM,79,201,1
1811,Matt Targett,183,70,1995-09-18,LB,79,21,4
1812,Greg Taylor,171,68,1997-11-05,LB,79,77,24
1813,Kenneth Taylor,182,73,2002-05-16,CM,79,72,9
1814,Nahuel Tenaglia,181,70,1996-02-21,RB,79,106,8
1815,Arnau Tenas,185,85,2001-05-30,GK,79,5,2
1816,William Tesillo,184,62,1990-02-02,CB,79,124,25
1817,Phillip Tietz,190,86,1997-07-09,ST,79,141,10
1818,Luis Henrique,181,78,2001-12-14,LM,79,73,5
1819,Pablo Torre,173,63,2003-04-03,CAM,79,8,2
1820,Facundo Torres,178,71,2000-04-13,RM,79,108,14
1821,Cenk Tosun,183,78,1991-06-07,ST,79,31,20
1822,Stefano Turati,188,85,2001-09-05,GK,79,90,7
1823,Matt Turner,191,79,1994-06-24,GK,79,55,36
1824,Ayase Ueda,182,76,1998-08-28,ST,79,58,48
1825,Sven Ulreich,192,87,1988-08-03,GK,79,3,10
1826,Ricky van Wolfswinkel,185,68,1989-01-27,ST,79,78,9
1827,Vladyslav Vanat,182,69,2002-01-04,ST,79,112,26
1828,Nuno Tavares,183,75,2000-01-26,LB,79,37,12
1829,Johan Vásquez,185,72,1998-10-22,CB,79,121,46
1830,Yorbe Vertessen,176,71,2001-01-08,ST,79,92,6
1831,Arturo Vidal,180,78,1987-05-22,CM,79,182,74
1832,Tonny Vilhena,175,70,1995-01-03,CM,79,107,9
1833,Iván Villar,189,76,1997-07-09,GK,79,25,2
1834,Odysseas Vlachodimos,190,81,1994-04-26,GK,79,21,59
1835,Timothy Weah,182,66,2000-02-22,RM,79,19,36
1836,Ashley Westwood,175,73,1990-04-01,CDM,79,179,4
1837,Silvan Widmer,183,80,1993-03-05,RB,79,93,16
1838,Christopher Wooh,191,92,2001-09-18,CB,79,101,34
1839,Roman Yaremchuk,193,83,1995-11-27,ST,79,99,26
1840,Rıdvan Yılmaz,174,60,2001-05-21,LB,79,113,20
1841,Okay Yokuşlu,191,79,1994-03-09,CDM,79,62,20
1842,Christos Zafeiris,173,75,2003-02-23,CM,79,98,3
1843,Arsen Zakharyan,182,73,2003-05-26,LM,79,28,47
1844,Fernando Zampedri,185,83,1988-02-14,ST,79,202,8
1845,Cédric Zesiger,194,92,1998-06-24,CB,79,66,16
1846,Fernando Zuqui,174,67,1991-11-27,CM,79,202,8
1847,Max Aarons,171,69,2000-01-04,RB,78,68,4
1848,Rodrigo Abascal,186,82,1994-01-14,CB,78,203,14
1849,Himad Abdelli,185,81,1999-11-17,CAM,78,204,31
1850,Aguado,175,71,1996-05-01,CM,78,127,2
1851,Emre Akbaba,178,65,1992-10-04,CAM,78,198,20
1852,Ilias,175,70,2004-04-16,RW,78,35,28
1853,Jean-Daniel Akpa Akpro,180,70,1992-10-11,CM,78,37,49
1854,Aleñá,180,73,1998-01-05,CM,78,63,2
1855,Nani,177,72,,LM,78,205,12
1856,Agustín Almendra,182,80,2000-02-11,CM,78,128,8
1857,Selim Amallah,186,81,1996-11-15,CAM,78,120,28
1858,Zeki Amdouni,185,79,2000-12-04,ST,78,30,16
1859,Alex Arce,187,80,1995-06-16,ST,78,162,65
1860,Areso,182,81,1999-07-02,RB,78,81,2
1861,Joe Aribo,183,76,1996-07-21,CM,78,61,17
1862,Stuart Armstrong,183,75,1992-03-30,CM,78,100,24
1863,Adrián Arregui,175,74,1992-08-12,CM,78,172,8
1864,Noah Atubolu,190,99,2002-05-25,GK,78,45,10
1865,Oğuz Aydın,177,76,2000-10-27,RM,78,31,20
1866,Tiago Tomás,180,78,2002-06-16,ST,78,66,12
1867,Milan Badelj,186,80,1989-02-25,CDM,78,121,19
1868,Mama Baldé,176,69,1995-11-06,ST,78,80,96
1869,Carlos Baleba,179,75,2004-01-03,CDM,78,59,34
1870,Leon Balogun,190,88,1988-06-28,CB,78,113,17
1871,Valentín Barco,170,66,2004-07-23,LB,78,70,8
1872,Mohamed Bayo,188,76,1998-06-04,ST,78,53,27
1873,Gavin Bazunu,189,78,2002-02-20,GK,78,61,76
1874,Thomas Beelen,190,78,2001-06-11,CB,78,58,9
1875,Kevin Behrens,185,85,1991-02-03,ST,78,66,10
1876,Vid Belec,193,84,1990-06-06,GK,78,206,15
1877,Eliesse Ben Seghir,178,72,2005-02-16,CAM,78,57,28
1878,Gastón Benavídez,175,71,1995-10-23,RB,78,143,8
1879,Dimitry Bertaud,180,85,1998-06-06,GK,78,76,53
1880,Leonardo Bittencourt,171,63,1993-12-19,CAM,78,117,10
1881,Fredrik Andre Bjørkan,180,73,1998-08-21,LB,78,133,3
1882,Darijan Bojanić,182,74,1994-12-28,CM,78,167,22
1883,Yoan Bonny,189,86,2003-10-25,ST,78,131,1
1884,Ângelo,180,78,,RM,78,24,5
1885,Jan Bořil,175,75,1991-01-11,CB,78,98,45
1886,Darko Brašanac,178,73,1992-02-12,CM,78,86,30
1887,Ben Brereton Díaz,188,75,1999-04-18,LW,78,61,74
1888,Armando Broja,191,83,2001-09-10,ST,78,36,66
1889,Jorge Broun,190,92,1986-05-26,GK,78,135,8
1890,Facundo Buonanotte,174,66,2004-12-23,RM,78,95,8
1891,Gianluca Busio,170,61,2002-05-28,CM,78,170,36
1892,Nahuel Bustos,176,64,1998-07-04,ST,78,134,8
1893,Javier Cabrera,168,62,1992-03-18,RM,78,140,14
1894,Juan José Cáceres,173,62,2000-06-01,RB,78,123,65
1895,Mathieu Cafaro,178,74,1997-03-25,LM,78,153,1
1896,Jens-Lys Cajuste,188,77,1999-08-10,CDM,78,126,22
1897,Luca Caldirola,186,79,1991-02-01,CB,78,90,7
1898,Calero,183,71,1995-09-14,CB,78,127,2
1899,Alexander Callens,186,78,1992-05-04,CB,78,88,77
1900,Lamine Camara,173,65,2004-01-01,CM,78,57,61
1901,Sergio Camello,177,69,2001-02-10,ST,78,60,2
1902,Jorman Campuzano,175,69,1996-04-30,CDM,78,124,25
1903,Sergi Canós,175,66,1997-02-02,LM,78,22,2
1904,Edwin Cardona,183,92,,CAM,78,124,25
1905,Irvin Cardona,185,75,1997-08-08,ST,78,127,1
1906,Julián Carranza,182,75,,ST,78,58,8
1907,Guido Carrillo,187,87,1991-05-25,ST,78,130,8
1908,Federico Carrizo,169,62,1991-05-17,CAM,78,185,8
1909,Wanderson,172,62,1989-03-31,LB,78,154,5
1910,Cristian Cásseres Jr,175,68,2000-01-20,CDM,78,110,42
1911,Santiago Castro,182,76,2004-09-18,ST,78,56,8
1912,Adam Gnezda Čerin,180,77,1999-07-16,CM,78,107,15
1913,Diego Chará,172,68,1986-04-05,CDM,78,115,25
1914,Oliver Christensen,190,82,1999-03-22,GK,78,71,32
1915,Alessandro Circati,190,84,2003-10-10,CB,78,131,71
1916,Elias Cobbaut,188,78,1997-11-24,CB,78,131,6
1917,Lorenzo Colombo,183,74,2002-03-08,ST,78,139,7
1918,Nazareno Colombo,182,83,1999-03-20,CB,78,128,8
1919,Eray Cömert,183,80,1998-02-04,CB,78,120,16
1920,Diego Conde,187,83,1998-10-28,GK,78,35,2
1921,Janner Corozo,176,63,1995-09-08,RM,78,157,39
1922,Nicolas Cozza,178,72,1999-01-08,LB,78,136,1
1923,Maxime Crépeau,180,88,1994-05-11,GK,78,115,40
1924,Miguel Crespo,186,73,1996-09-11,CM,78,138,12
1925,Pejiño,177,67,1996-07-29,RM,78,65,2
1926,Leonardo Lelo,175,70,2000-03-30,LM,78,158,12
1927,Danny da Costa,187,87,1993-07-13,RB,78,93,10
1928,Abner Vinícius,182,74,,LB,78,46,5
1929,Busanello,180,75,1998-10-29,LB,78,207,5
1930,Mikkel Damsgaard,180,70,2000-07-03,CM,78,74,32
1931,Marcus Danielson,192,80,1989-04-08,CB,78,208,22
1932,Josh Dasilva,184,75,1998-10-23,CM,78,74,4
1933,Paweł Dawidowicz,189,80,1995-05-20,CB,78,122,13
1934,Miguel,182,83,1999-09-03,ST,78,86,2
1935,Jeffrey de Lange,191,78,1998-04-01,GK,78,73,9
1936,Cláudio Ramos,183,83,1991-11-16,GK,78,27,12
1937,Thibault De Smet,183,65,1998-06-05,LB,78,105,6
1938,Mikkel Desler,184,73,1995-02-19,RB,78,116,32
1939,Cyriel Dessers,185,87,1994-12-08,ST,78,113,17
1940,Ersin Destanoğlu,195,88,2001-01-01,GK,78,32,20
1941,Habib Diarra,179,74,2004-01-03,CM,78,91,61
1942,Sinaly Diomandé,184,74,2001-04-09,CB,78,178,49
1943,Matt Doherty,185,80,1992-01-16,RB,78,79,76
1944,Nery Domínguez,183,71,1990-04-09,CB,78,123,8
1945,Cecilio Domínguez,179,74,1994-08-11,LM,78,185,65
1946,Tomás Händel,180,73,2000-11-27,CDM,78,144,12
1947,Juninho Vieira,179,74,,ST,78,209,5
1948,Carlos Miguel,204,96,,GK,78,84,5
1949,Kamory Doumbia,170,53,2003-02-18,CAM,78,80,54
1950,Patrick Drewes,194,90,1993-02-04,GK,78,150,10
1951,Joël Drommel,193,90,1996-11-16,GK,78,54,9
1952,Sampson Dweh,180,75,2001-10-10,CB,78,177,67
1953,Youssef El Arabi,182,84,,ST,78,206,28
1954,Omar El Hilali,183,75,2003-09-12,RB,78,127,28
1955,Emanuel Emegha,195,82,2003-02-03,ST,78,91,9
1956,Julio César Enciso,173,64,2004-01-23,CAM,78,59,65
1957,Samuel Essende,192,87,1998-01-23,ST,78,141,1
1958,Kiko Femenía,174,61,1991-02-02,RB,78,35,2
1959,Roger Fernandes,170,63,2005-11-21,LM,78,52,12
1960,Edimilson Fernandes,187,77,1996-04-15,CB,78,80,16
1961,Federico Fernández,189,83,1989-02-21,CB,78,130,8
1962,Wes Foderingham,185,75,1991-01-14,GK,78,38,4
1963,Fraser Forster,201,93,1988-03-17,GK,78,17,4
1964,Francés,180,70,2002-08-01,CB,78,39,2
1965,Nicolás Freire,186,80,1994-02-18,CB,78,9,8
1966,Fresneda,183,74,2004-09-20,RB,78,26,2
1967,Marvin Friedrich,193,84,1995-12-13,CB,78,87,10
1968,Kanya Fujimoto,176,69,1999-07-01,CAM,78,159,48
1969,Manu Fuster,169,65,1997-10-22,LM,78,65,2
1970,Gianluca Gaetano,175,70,2000-05-05,CAM,78,119,7
1971,Gauthier Gallon,187,80,1993-04-23,GK,78,101,1
1972,Javier García,182,78,1987-01-29,GK,78,111,8
1973,Federico Gattoni,183,79,1999-02-16,CB,78,29,8
1974,Valentin Gendrey,179,69,2000-06-21,RB,78,42,1
1975,Faouzi Ghoulam,188,80,1991-02-01,LB,78,210,31
1976,Benedikt Gimber,187,84,1997-02-19,CB,78,145,10
1977,Sergi Gómez,185,80,1992-03-28,CB,78,127,2
1978,Pedro Malheiro,179,72,2001-01-21,RB,78,62,12
1979,Derlis González,175,75,1994-03-20,ST,78,211,65
1980,Francisco González Metilli,179,72,1997-03-29,CAM,78,186,8
1981,José Gragera,187,81,2000-05-14,CDM,78,127,2
1982,Archie Gray,187,70,2006-03-12,CDM,78,17,4
1983,Hugo Guillamón,178,62,2000-01-31,CDM,78,22,2
1984,Manuel Gulde,184,82,1991-02-12,CB,78,45,10
1985,Gumbau,187,77,1994-12-18,CM,78,60,2
1986,Günay Güvenç,187,85,1991-07-25,GK,78,34,20
1987,Lewis Hall,179,71,2004-09-08,LB,78,21,4
1988,Abdou Harroui,182,76,1998-01-13,CM,78,122,28
1989,Jorrel Hato,182,76,2006-03-07,CB,78,72,9
1990,Lukáš Hejda,189,87,1990-03-09,CB,78,177,45
1991,Junior Hernández,172,69,1999-04-05,LB,78,212,25
1992,Philipp Hofmann,195,89,1993-03-30,ST,78,150,10
1993,Casper Højer,184,75,1994-11-20,LB,78,189,32
1994,Rob Holding,189,75,1995-09-20,CB,78,55,4
1995,Lucas Höler,184,83,1994-07-10,ST,78,45,10
1996,Adam Idah,190,83,2001-02-11,ST,78,77,76
1997,Samuel Iling-Junior,182,75,2003-10-04,LM,78,56,4
1998,Pontus Jansson,194,86,1991-02-13,CB,78,207,22
1999,Ben Johnson,180,69,2000-01-24,RB,78,126,4
2000,Paul Joly,182,75,2000-06-07,RB,78,178,1
2001,Dejan Joveljić,181,75,1999-08-07,ST,78,109,30
2002,Christopher Jullien,196,88,1993-03-22,CB,78,76,1
2003,Anthony Jung,185,81,1991-11-03,CB,78,117,10
2004,Matěj Jurásek,181,73,2003-08-30,RW,78,98,45
2005,David Jurásek,183,76,2000-08-07,LB,78,42,45
2006,Issa Kaboré,180,72,2001-05-12,RB,78,30,37
2007,Hassane Kamara,168,67,1994-03-05,LB,78,155,49
2008,Jakub Kamiński,179,68,2002-06-05,LM,78,66,13
2009,Grigoris Kastanos,179,71,1998-01-30,CAM,78,122,97
2010,Tomasz Kędziora,183,76,1994-06-11,CB,78,114,13
2011,Reda Khadra,180,72,2001-07-04,CAM,78,105,10
2012,Hervé Koffi,186,82,1996-10-16,GK,78,48,37
2013,Boubakar Kouyaté,192,78,1997-04-15,CB,78,76,54
2014,Vladan Kovacević,192,81,1998-04-11,GK,78,26,30
2015,Emil Krafth,184,83,1994-08-02,RB,78,21,22
2016,Elias Jelert,178,70,2003-06-12,RB,78,34,32
2017,Nicolas Kühn,176,69,2000-01-01,RW,78,77,10
2018,Bas Kuipers,180,73,1994-08-17,LB,78,78,9
2019,Daniel-Kofi Kyereh,179,79,1996-03-08,CAM,78,45,43
2020,Nediljko Labrović,196,91,,GK,78,141,19
2021,Stefan Lainer,175,73,1992-08-27,RB,78,87,21
2022,Carlos Lampe,192,84,1987-03-17,GK,78,213,98
2023,Gianluca Lapadula,178,71,1990-02-07,ST,78,119,77
2024,Jacob Bruun Larsen,183,77,1998-09-19,LM,78,42,32
2025,Jens Stryger Larsen,180,82,1991-02-21,RB,78,207,32
2026,Latasa,192,83,2001-03-23,ST,78,120,2
2027,Valentino Lazaro,181,76,1996-03-24,LM,78,40,21
2028,Mathew Leckie,181,78,1991-02-04,LM,78,214,71
2029,Tomás Araújo,187,81,2002-05-16,CB,78,30,12
2030,Johann Lepenant,176,71,2002-10-22,CDM,78,136,1
2031,Keane Lewis-Potter,170,67,2001-02-22,LW,78,74,4
2032,Mateusz Lis,192,83,,GK,78,215,13
2033,Nicolás Lodeiro,170,69,1989-03-21,CAM,78,108,14
2034,Luciano Lollo,183,88,1987-03-29,CB,78,130,8
2035,Ivi López,174,70,1994-06-29,CAM,78,216,2
2036,Nahuel Losada,184,86,1993-04-17,GK,78,123,8
2037,Iker Losada,175,70,2001-08-01,RM,78,41,2
2038,Sandi Lovrič,180,75,1998-03-28,CDM,78,155,15
2039,Jeison Lucumí,177,63,1995-04-08,LM,78,212,25
2040,Gustav Ludwigson,182,75,1993-10-20,LM,78,167,22
2041,Massimo Luongo,176,76,1992-09-25,CDM,78,126,71
2042,Charalampos Lykogiannis,190,87,1993-10-22,LB,78,56,59
2043,Antoine Makoumbou,187,80,1998-07-18,CDM,78,119,99
2044,Lennard Maloney,187,88,1999-10-08,CDM,78,145,36
2045,Aleš Mandous,188,85,1992-04-21,GK,78,98,45
2046,Matías Mansilla,191,92,1996-02-15,GK,78,130,8
2047,Braydon Manu,170,70,1997-03-28,RM,78,217,43
2048,Juan Carlos,186,85,1988-01-20,GK,78,39,2
2049,Roger Martínez,180,89,1994-06-23,ST,78,128,25
2050,Erhan Mašović,189,82,1998-11-22,CB,78,150,30
2051,Mata,185,79,1988-10-24,ST,78,65,2
2052,Luca Mazzitelli,187,76,1995-11-15,CM,78,50,7
2053,Oli McBurnie,191,77,1996-06-04,ST,78,65,24
2054,Gary Medel,171,76,1987-08-03,CB,78,111,74
2055,Bamo Meïté,183,75,2001-06-20,CB,78,73,49
2056,Santiago Mele,184,79,1997-09-06,GK,78,132,14
2057,Lorenzo Melgarejo,178,75,1990-08-10,ST,78,199,65
2058,Jubal,190,80,1993-08-29,CB,78,178,5
2059,João Mendes,183,76,1994-10-21,LW,78,144,12
2060,Batista Mendy,191,82,2000-01-12,CDM,78,62,1
2061,Max Meyer,173,68,1995-09-18,CAM,78,206,10
2062,Matt Miazga,193,84,1995-07-19,CB,78,51,36
2063,Fredrik Midtsjø,175,68,1993-08-11,CM,78,198,3
2064,Salvador Agra,166,69,1991-11-11,RM,78,203,12
2065,Pere Milla,184,72,1992-09-23,ST,78,127,2
2066,Alexandru Mitriță,165,68,1995-02-08,LM,78,218,87
2067,Filip Mladenović,180,64,1991-08-15,LB,78,107,30
2068,Jakub Moder,188,78,1999-04-07,CM,78,59,13
2069,Florent Mollet,174,68,1991-11-19,CAM,78,136,1
2070,Gonzalo Montes,173,76,1994-12-22,CM,78,219,14
2071,Emre Mor,169,60,1997-07-24,RM,78,31,20
2072,Maxi Moralez,159,54,1987-02-27,CAM,78,220,8
2073,Tete Morente,184,78,1996-12-04,LM,78,69,2
2074,Lewis Morgan,178,75,1996-09-30,ST,78,83,24
2075,Gabriel Moscardo,185,73,,CDM,78,105,5
2076,Andrés Mosquera,182,80,1990-02-20,CB,78,221,25
2077,Stefan Mugoša,188,78,1992-02-26,ST,78,222,50
2078,Florent Muslija,172,65,1998-07-06,CAM,78,45,58
2079,Andrey Santos,180,75,,CM,78,91,5
2080,Sebastian Nanasi,178,71,2002-05-16,LM,78,91,22
2081,Cyril Ngonge,179,67,2000-05-26,RM,78,13,6
2082,Tanguy Nianzou,191,83,2002-06-07,CB,78,70,1
2083,Moritz Nicolas,193,89,1997-10-21,GK,78,87,10
2084,Justin Njinmah,184,75,2000-11-15,ST,78,117,10
2085,Niels Nkounkou,180,77,2000-11-01,LB,78,49,1
2086,Andries Noppert,203,92,1994-04-07,GK,78,223,9
2087,Obinna Nwobodo,179,72,1996-11-29,CDM,78,51,17
2088,Armando Obispo,185,79,1999-03-05,CB,78,54,9
2089,Jens Odgaard,188,80,1999-03-31,ST,78,56,32
2090,Wilson Odobert,182,75,2004-11-28,LM,78,17,1
2091,Chiedozie Ogbene,181,75,1997-05-01,RB,78,126,76
2092,Darius Olaru,177,71,1998-03-03,CM,78,224,87
2093,Brian Oliván,177,73,1994-04-01,LB,78,127,2
2094,Jorge Fernandes,191,91,1997-04-02,CB,78,144,12
2095,Gastón Olveira,191,80,1993-04-21,GK,78,211,14
2096,Samu,193,82,2004-05-05,ST,78,27,2
2097,Karim Onisiwo,188,88,1992-03-17,ST,78,93,21
2098,Luca Orellano,177,66,2000-03-22,LM,78,51,8
2099,Divock Origi,189,88,1995-04-18,ST,78,15,6
2100,Nicolás Oroz,171,71,1994-04-01,CM,78,173,8
2101,Richard Ortiz,174,75,1990-05-22,CDM,78,211,65
2102,Reece Oxford,193,86,1998-12-16,CB,78,141,4
2103,Pacheco,186,81,1992-05-18,GK,78,127,2
2104,Nicolas Pallois,189,89,1987-09-19,CB,78,136,1
2105,Kevin Paredes,175,61,2003-05-07,LM,78,66,36
2106,Aleksandar Pavlović,188,75,2004-05-03,CDM,78,3,10
2107,Martín Payero,182,78,1998-09-11,CM,78,155,8
2108,Marcus Holmgren Pedersen,183,76,2000-06-16,RM,78,40,3
2109,Mads Pedersen,174,72,1996-09-01,LB,78,141,32
2110,Iñaki Peña,184,78,1999-03-02,GK,78,8,2
2111,Ricardo Pepi,185,74,2003-01-09,ST,78,54,36
2112,Joaquín Pereyra,181,73,1998-12-01,LM,78,168,8
2113,Mauricio Pereyra,170,63,1990-03-15,CAM,78,225,14
2114,Rafael Pérez,186,76,1990-01-09,CB,78,132,25
2115,Luis Pérez,174,71,1995-02-04,RB,78,120,2
2116,Fran Pérez,176,67,2002-09-09,RM,78,22,2
2117,Kike Pérez,184,80,1997-02-14,CM,78,120,2
2118,Pavao Pervan,194,88,1987-11-13,GK,78,66,21
2119,Andrea Petagna,190,85,1995-06-30,ST,78,90,7
2120,Oleksandr Pikhalyonok,179,72,,CM,78,112,26
2121,Andrea Pinamonti,188,72,1999-05-19,ST,78,121,7
2122,Marko Pjaca,186,83,,LW,78,125,19
2123,Abdón Prats,181,81,1992-12-07,ST,78,44,2
2124,Dirk Proper,168,63,2002-02-24,CDM,78,151,9
2125,Leopold Querfeld,190,83,2003-12-20,CB,78,92,21
2126,Carlos Quintana,190,88,1988-02-11,CB,78,135,8
2127,Dani Raba,184,76,1995-10-29,RM,78,86,2
2128,Diant Ramaj,188,81,2001-09-19,GK,78,72,10
2129,Juanpe,190,80,1991-04-30,CB,78,39,2
2130,Andrei Rațiu,183,72,1998-06-20,RB,78,60,87
2131,Tim Ream,185,80,1987-10-05,CB,78,179,36
2132,Jason,178,65,1994-07-06,RM,78,165,2
2133,Devyne Rensch,179,73,2003-01-18,RB,78,72,9
2134,Amir Richardson,195,79,2002-01-24,CM,78,71,28
2135,Jacob Rinne,188,87,1993-06-20,GK,78,208,22
2136,Mihailo Ristić,180,79,1995-10-31,LB,78,25,30
2137,Patricio Rodríguez,170,60,1990-05-04,LW,78,213,8
2138,Juan Gabriel Rodríguez,185,81,1994-02-28,CB,78,143,8
2139,Santiago Rodríguez,172,62,2000-01-08,CAM,78,220,14
2140,Mads Roerslev,184,67,1999-06-24,RB,78,74,32
2141,Gabriel Rojas,173,73,1997-06-22,LB,78,128,8
2142,Cristian Roldan,172,75,1995-06-03,RM,78,147,36
2143,Leo Román,189,83,2000-07-06,GK,78,44,2
2144,Isaac,184,70,2000-05-18,ST,78,70,2
2145,Daan Rots,180,71,2001-07-25,RM,78,78,9
2146,Matteo Ruggeri,187,79,2002-07-11,LM,78,43,7
2147,Alan Ruiz,183,78,,CAM,78,205,8
2148,Albert Rusnák,175,73,1994-07-07,CAM,78,147,44
2149,André Franco,177,70,1998-04-12,RM,78,27,12
2150,Serdar Saatçı,190,90,2003-02-14,CB,78,52,20
2151,Abdelhamid Sabiri,186,80,1996-11-28,CAM,78,71,28
2152,Modibo Sagnan,187,85,1999-04-14,CB,78,76,54
2153,Hiroki Sakai,185,78,,RB,78,226,48
2154,Kike Salas,186,80,2002-04-23,CB,78,70,2
2155,Ulises Sanchez,169,64,1998-06-26,RM,78,186,8
2156,Iván Sánchez,169,66,1992-09-23,RM,78,120,2
2157,Ilie Sánchez,180,75,1990-11-21,CDM,78,33,2
2158,Antonio Sánchez,179,78,1997-04-22,RM,78,44,2
2159,Arouna Sangante,189,76,2002-04-12,CB,78,161,61
2160,Agustín Sant'Anna,173,72,1997-07-27,RB,78,29,14
2161,Liam Scales,188,85,1998-08-08,CB,78,77,76
2162,Jeffrey Schlupp,178,72,1992-12-23,LW,78,55,43
2163,Jan Schöppner,190,78,1999-06-12,CDM,78,145,10
2164,Simone Scuffet,193,77,1996-05-31,GK,78,119,7
2165,Zito Luvumbo,171,65,2002-03-09,ST,78,119,70
2166,Aleksandar Sedlar,180,79,1991-12-13,CB,78,106,30
2167,Jordan Siebatcheu,191,86,1996-04-26,ST,78,92,36
2168,Kiliann Sildillia,186,84,2002-05-16,RB,78,45,1
2169,Ricardo Velho,188,88,1998-08-20,GK,78,227,12
2170,Santiago Simón,181,74,2002-06-13,RM,78,29,8
2171,Tim Skarke,181,79,1996-09-07,ST,78,92,10
2172,Will Smallbone,183,75,2000-02-21,CM,78,61,76
2173,Eric Smith,192,86,1997-01-08,CB,78,191,22
2174,Adam Smith,180,78,1991-04-29,RB,78,68,4
2175,Fábio Silva,185,75,2002-07-19,ST,78,65,12
2176,Ola Solbakken,189,82,,RM,78,139,3
2177,Santiago Sosa,182,81,1999-05-03,CB,78,128,8
2178,Marquinhos,174,65,1997-01-26,LW,78,206,5
2179,Cican Stanković,187,86,1992-11-04,GK,78,88,21
2180,Zack Steffen,191,86,1995-04-02,GK,78,196,36
2181,Jack Stephens,185,75,1994-01-27,CB,78,61,4
2182,Dujon Sterling,180,81,1999-10-24,LB,78,113,4
2183,Gabriel Suazo,178,72,1997-08-09,LB,78,110,74
2184,Erik Sviatchenko,184,82,1991-10-04,CB,78,103,32
2185,Karol Świderski,184,78,1997-01-23,ST,78,179,13
2186,Morlaye Sylla,170,67,1998-07-27,LM,78,165,27
2187,Haris Tabaković,194,90,1994-06-20,ST,78,42,41
2188,Yohei Takaoka,181,72,1996-03-16,GK,78,100,48
2189,Oussama Targhalline,186,70,2002-05-20,CM,78,161,28
2190,Jackson Tchatchoua,186,76,2001-06-23,RB,78,122,34
2191,Álvaro Tejero,174,69,1996-07-20,RB,78,127,2
2192,Brandon Thomas,175,71,1995-02-04,ST,78,114,2
2193,Dorukhan Toköz,180,75,1996-05-21,CM,78,198,20
2194,Omar Haktab Traoré,187,80,1998-02-04,RB,78,145,10
2195,Lassina Traoré,183,90,2001-01-12,ST,78,129,37
2196,Mark Travers,191,82,1999-05-18,GK,78,68,76
2197,Zlatko Tripić,182,74,1992-12-02,LW,78,228,3
2198,Axel Tuanzebe,185,75,1997-11-14,CB,78,126,4
2199,Ozan Tufan,184,88,1995-03-23,CAM,78,62,20
2200,Deniz Türüç,177,75,1993-01-29,RM,78,138,20
2201,Konstantinos Tzolakis,193,80,,GK,78,99,59
2202,Salih Uçan,182,80,1994-01-06,CM,78,32,20
2203,Lesley Ugochukwu,191,88,2004-03-26,CDM,78,61,1
2204,Mikael Uhre,188,86,1994-09-30,ST,78,156,32
2205,Um Won Sang,173,63,1999-01-06,RM,78,167,18
2206,Vallejo,184,79,1997-01-05,CB,78,1,2
2207,Siebe Van der Heyden,185,76,1998-05-30,CB,78,44,6
2208,Mike van der Hoorn,190,85,1992-10-15,CB,78,180,9
2209,Miloš Veljković,188,83,1995-09-26,CB,78,117,30
2210,Diego Viera,186,89,1991-04-30,CB,78,199,65
2211,Héctor Villalba,178,76,1994-07-26,LM,78,199,65
2212,Villalibre,184,87,1997-09-30,ST,78,106,2
2213,Nicolas Viola,180,77,1989-10-12,CAM,78,119,7
2214,Michel Vlap,191,81,1997-06-02,LM,78,78,9
2215,Tomáš Vlček,182,73,2001-02-28,CB,78,98,45
2216,Conrad Wallem,180,73,2000-06-09,LM,78,98,3
2217,Joel Ward,188,83,1989-10-29,RB,78,55,4
2218,Owen Wijndal,176,65,1999-11-28,LB,78,72,9
2219,Maximilian Wittek,173,68,1995-08-21,LB,78,150,10
2220,Luke Woolfenden,193,80,1998-10-21,CB,78,126,4
2221,Ashley Young,175,65,1985-07-09,RB,78,36,4
2222,Miha Zajc,178,72,1994-07-01,CM,78,110,15
2223,Carlos Zambrano,185,77,1989-07-10,CB,78,172,77
2224,Anass Zaroury,178,68,2000-11-07,LM,78,48,28
2225,Exequiel Zeballos,170,68,2002-04-24,RM,78,111,8
2226,Akim Zedadka,173,72,1995-05-30,RB,78,53,31
2227,Jaroslav Zelený,190,83,1992-08-20,CB,78,96,45
2228,David Zima,190,80,2000-11-08,CB,78,98,45
2229,Félix Correia,178,66,2001-01-22,LM,77,159,12
2230,Abdelkabir Abqar,188,80,1999-03-10,CB,77,106,28
2231,Luis Abram,181,78,1996-02-27,CB,77,229,77
2232,Lautaro Acosta,169,65,1988-03-14,CAM,77,123,8
2233,Dapo Afolayan,180,70,1997-09-11,RW,77,191,4
2234,Lucien Agoumé,188,72,2002-02-09,CM,77,70,1
2235,Felix Agu,180,67,1999-09-27,LB,77,117,10
2236,Alfredo Aguilar,186,89,1988-07-18,GK,77,230,65
2237,Akapo,179,70,1993-03-12,RB,77,164,86
2238,Yunus Akgün,173,65,2000-07-07,RM,77,34,20
2239,Marvin,178,63,2000-03-07,RM,77,65,2
2240,Paul Akouokou,181,68,1997-12-20,CDM,77,46,49
2241,Ameen Al Dakhil,187,70,2002-03-06,CB,77,64,6
2242,Danijel Aleksić,182,75,1991-04-30,CM,77,142,30
2243,Tadeo Allende,185,73,1999-02-20,RM,77,25,8
2244,Facundo Altamirano,186,85,1996-03-21,GK,77,134,8
2245,Francisco Álvarez,180,74,2000-02-26,CB,77,173,8
2246,Robson Bambu,185,72,1997-11-12,CB,77,52,5
2247,Kelvin Amian,180,78,1998-02-08,RB,77,136,1
2248,Dennis Appiah,179,68,1992-06-09,RB,77,153,1
2249,Daniel Armstrong,175,64,1997-10-11,RM,77,231,24
2250,Yáser Asprilla,175,75,2003-11-19,RW,77,39,25
2251,Tommaso Augello,180,70,1994-08-30,LB,77,119,7
2252,Gustavo Sá,186,80,2004-11-11,CAM,77,152,12
2253,Tiemoué Bakayoko,189,85,1994-08-17,CDM,77,114,1
2254,Mitchel Bakker,185,87,2000-06-20,LM,77,53,9
2255,Lameck Banda,162,69,2001-01-29,LW,77,69,92
2256,Federico Barba,185,80,1993-09-01,CB,77,50,7
2257,David Barbona,174,78,1995-02-22,CAM,77,232,8
2258,Hernán Barcos,187,91,1984-04-11,ST,77,172,8
2259,Borna Barišić,186,80,1992-11-10,LB,77,62,19
2260,Maximilian Bauer,189,84,2000-02-09,CB,77,141,10
2261,Timo Becker,190,86,1997-03-25,RB,77,190,10
2262,Kristijan Belić,177,71,2001-03-25,CDM,77,82,30
2263,Stefan Bell,192,88,1991-08-24,CB,77,93,10
2264,Adrian Benedyczak,191,78,2000-11-24,LM,77,131,13
2265,Daniel Bentley,188,73,1993-07-13,GK,77,79,4
2266,Matúš Bero,181,81,1995-09-06,CM,77,150,44
2267,Benjamín Berríos,169,67,1998-03-09,CM,77,233,74
2268,Stipe Biuk,182,70,2002-12-26,LM,77,75,19
2269,Sebastián Blanco,170,68,1988-03-15,CAM,77,134,8
2270,Lucas Blondel,178,75,1996-09-14,RB,77,111,8
2271,Myron Boadu,181,67,2001-01-14,ST,77,150,9
2272,Oscar Bobb,174,73,2003-07-12,RW,77,2,3
2273,Bruno Gaspar,178,70,1993-04-21,RM,77,144,70
2274,Toni Borevković,194,86,1997-06-18,CB,77,144,19
2275,Sebastián Boselli,183,82,2003-02-04,CB,77,130,14
2276,Walter Bou,174,74,1993-08-25,ST,77,123,8
2277,Róbert Boženík,188,80,1999-11-18,ST,77,203,44
2278,Matthias Braunöder,174,67,2002-03-27,CM,77,50,21
2279,Nathan Broadhead,178,73,1998-04-05,LM,77,126,69
2280,Gaston Brugman,175,66,1992-09-07,CM,77,109,14
2281,Gianni Bruno,180,73,,ST,77,198,6
2282,Hugo Bueno,180,73,2002-09-18,LB,77,58,2
2283,Osman Bukari,170,68,,RW,77,116,43
2284,Cameron Burgess,194,81,1995-10-21,CB,77,126,71
2285,Wes Burns,179,68,1994-11-23,RM,77,126,69
2286,Marnon Busch,182,79,1994-12-08,RB,77,145,10
2287,Jimmy Cabot,164,64,1994-04-18,RB,77,48,1
2288,Liberato Cacace,184,81,2000-09-27,LB,77,139,83
2289,Déiber Caicedo,168,69,2000-03-25,LM,77,100,25
2290,Mady Camara,182,80,,CM,77,114,27
2291,Matteo Cancellieri,180,79,2002-08-12,LW,77,131,7
2292,Antonio Candela,185,74,2000-04-27,RB,77,170,7
2293,Víctor Cantillo,180,70,1993-10-15,CDM,77,132,25
2294,Johan Carbonero,170,71,1999-07-20,LW,77,128,25
2295,Valentín Carboni,185,78,2005-03-05,CAM,77,73,8
2296,Carlos Mané,173,63,1994-03-11,LM,77,234,96
2297,Óscar Cardozo,193,87,1983-05-20,ST,77,199,65
2298,Yago Cariello,186,82,1999-07-27,ST,77,167,5
2299,Carmona,183,80,2002-01-29,RM,77,70,2
2300,Dário Essugo,178,80,2005-03-14,CDM,77,65,12
2301,Byron Castillo,171,64,1995-07-25,RB,77,157,39
2302,Lukáš Červ,182,74,2001-04-10,CDM,77,177,45
2303,Maxime Chanot,186,84,1990-01-21,CB,77,33,78
2304,Jhoanner Chávez,182,76,2002-04-25,LB,77,48,39
2305,Leandro Chichizola,185,80,1990-03-27,GK,77,131,8
2306,Hamza Choudhury,178,64,1997-10-01,RB,77,95,4
2307,Anders Christiansen,175,68,1990-06-08,CM,77,207,32
2308,Carney Chukwuemeka,187,77,2003-10-20,CAM,77,24,4
2309,Zander Clark,193,80,1992-06-26,GK,77,175,24
2310,Matías Cóccaro,178,73,1997-11-15,ST,77,235,14
2311,Germán Conti,193,81,1994-06-03,CB,77,128,8
2312,Rodrigo Contreras,186,88,1995-10-27,ST,77,233,8
2313,Derek Cornelius,188,86,1997-11-25,CB,77,73,40
2314,Carlos Coronel,192,88,1996-12-29,GK,77,83,65
2315,Charlie Cresswell,191,77,2002-08-17,CB,77,110,4
2316,Pau Cubarsí,182,75,2007-01-22,CB,77,8,2
2317,Rafael Czichos,187,86,1990-05-14,CB,77,137,10
2318,Nuno da Costa,184,70,1991-02-10,ST,77,187,89
2319,Zé Pedro,187,80,1997-06-06,CB,77,27,12
2320,Riccieli,184,76,1998-09-17,CB,77,152,5
2321,Zuriko Davitashvili,175,63,2001-02-15,LM,77,153,23
2322,Luca de la Torre,177,63,1998-05-23,CM,77,25,36
2323,Artur,181,70,1996-03-11,CDM,77,103,5
2324,Lorenzo De Silvestri,186,84,1988-05-23,RB,77,56,7
2325,Tiago Esgaio,175,72,1995-08-01,RB,77,165,12
2326,Daniel,188,80,1994-05-06,GK,77,164,5
2327,Alan,165,57,2000-03-08,CAM,77,183,5
2328,Koni De Winter,191,75,2002-06-12,CB,77,121,6
2329,Thomas Delaine,180,71,1992-03-24,LB,77,91,1
2330,Rafael Delgado,178,79,1990-01-13,LB,77,186,8
2331,Olivier Deman,181,70,2000-04-06,LB,77,117,6
2332,Emmanuel Dennis,175,67,1997-11-15,LM,77,84,17
2333,Cameron Devlin,171,78,1998-06-07,CDM,77,175,71
2334,Gianluca Di Chiara,186,78,1993-12-26,LB,77,131,7
2335,Oumar Diakité,182,75,2003-12-20,ST,77,105,49
2336,Bamba Dieng,178,72,2000-03-23,ST,77,204,61
2337,Loïs Diony,183,82,1992-12-20,ST,77,204,1
2338,Jaume,185,73,1990-11-05,GK,77,22,2
2339,Aron Dønnum,178,78,1998-04-20,RM,77,110,3
2340,Guéla Doué,187,84,2002-10-17,RB,77,91,49
2341,Ismaël Doukouré,183,80,2003-07-24,CDM,77,91,1
2342,Carel Eiting,178,72,1998-02-11,CM,77,78,9
2343,Jurgen Ekkelenkamp,188,74,2000-04-05,CAM,77,155,9
2344,Jack Elliott,198,83,1995-08-24,CB,77,156,4
2345,José Enamorado,167,58,1999-01-13,LM,77,132,25
2346,Arne Engels,185,78,2003-09-08,CM,77,77,6
2347,Martin Erlić,192,88,1998-01-24,CB,77,56,19
2348,Juan Espínola,185,89,1994-11-02,GK,77,186,65
2349,Sebastiano Esposito,183,73,2002-07-02,ST,77,139,7
2350,Nahuel Estévez,181,77,1995-11-14,CDM,77,131,8
2351,Håkon Evjen,178,68,2000-02-14,RW,77,133,3
2352,Cláudio Falcão,187,79,1994-07-03,CDM,77,227,5
2353,Zinedine Ferhat,180,70,1993-03-01,RM,77,204,31
2354,Gerso,172,62,1991-02-23,LW,77,222,96
2355,Álvaro Carreras,186,78,,LB,77,30,2
2356,Frederico Venâncio,186,82,1993-02-04,CB,77,236,12
2357,Kilian Fischer,182,77,2000-10-12,RB,77,66,10
2358,Ryan Flamingo,185,73,2002-12-31,CB,77,54,9
2359,Malick Fofana,170,60,2005-03-31,LW,77,46,6
2360,David Datro Fofana,181,76,2002-12-22,ST,77,24,49
2361,Yahia Fofana,194,89,2000-08-21,GK,77,204,49
2362,Jonas Föhrenbach,184,82,1996-01-26,LB,77,145,10
2363,Nicolás Fonseca,181,74,1998-10-19,CDM,77,29,14
2364,Ryan Fraser,163,70,1994-02-24,LW,77,61,24
2365,Stefan Frei,191,88,1986-04-20,GK,77,147,36
2366,Ramiro Funes Mori,187,79,1991-03-05,CB,77,29,8
2367,Pedro Gallese,188,79,1990-02-23,GK,77,108,77
2368,Ignatius Ganago,176,78,1999-02-16,ST,77,136,34
2369,Ulisses Garcia,182,73,1996-01-11,LB,77,73,16
2370,Kialonda Gaspar,193,88,1997-09-27,CB,77,69,70
2371,Valère Germain,181,75,1990-04-17,ST,77,237,1
2372,Lautaro Giannetti,185,80,1993-11-13,CB,77,155,8
2373,Dimitris Giannoulis,175,71,1995-10-17,LB,77,141,59
2374,Rafał Gikiewicz,190,81,1987-10-26,GK,77,238,13
2375,Jakob Glesnes,188,84,1994-03-25,CB,77,156,3
2376,Edoardo Goldaniga,188,79,1993-11-02,CB,77,50,7
2377,Rodrigo Gomes,175,67,2003-07-07,RW,77,79,12
2378,Jonatan Gómez,171,71,1989-12-21,CM,77,135,8
2379,Unai Gómez,183,74,2003-05-25,CAM,77,20,2
2380,Paulo Bernardo,184,78,2002-01-24,CM,77,77,12
2381,Luis González,170,66,1990-12-22,LM,77,132,42
2382,Sergio,186,67,1992-04-20,CB,77,86,2
2383,Stian Gregersen,192,83,1995-05-17,CB,77,229,3
2384,Julian Gressel,185,84,1993-12-16,RM,77,9,36
2385,Carlos Gruezo,173,71,1995-04-19,CDM,77,164,39
2386,Morgan Guilavogui,189,82,1998-03-10,ST,77,191,27
2387,Serdar Gürler,175,65,1991-09-14,LM,77,138,20
2388,Yeison Guzmán,169,65,1998-03-22,CAM,77,212,25
2389,Kortney Hause,191,77,1995-07-16,CB,77,18,4
2390,Christophe Hérelle,188,79,1992-08-22,CB,77,239,1
2391,Javi Hernández,182,75,1998-05-02,LB,77,86,2
2392,Andrés Herrera,178,75,1998-11-03,RB,77,102,8
2393,Ki-Jana Hoever,183,73,2002-01-18,RB,77,178,9
2394,Benedict Hollerbach,181,78,2001-05-17,ST,77,92,10
2395,Timo Horn,192,90,1993-05-12,GK,77,150,10
2396,Hwang Ui Jo,185,78,1992-08-28,ST,77,84,18
2397,Jesús Imaz,174,70,1990-09-26,CAM,77,240,2
2398,Sverrir Ingi Ingason,188,83,1993-08-05,CB,77,107,56
2399,Juan Iturbe,169,73,1993-06-04,RM,77,185,65
2400,Václav Jemelka,187,81,1995-06-23,CB,77,177,45
2401,Jeong Woo Yeong,179,71,1999-09-20,CAM,77,92,18
2402,Erik Jirka,183,77,1997-09-19,RM,77,177,44
2403,Lasse Berg Johnsen,179,75,1999-08-18,CDM,77,207,3
2404,Michael Johnston,178,66,1999-04-19,LW,77,77,76
2405,DeJuan Jones,180,75,1997-06-24,LB,77,102,36
2406,Jhojan Julio,168,68,1998-02-11,LM,77,162,39
2407,Tino Kadewere,183,72,1996-01-05,ST,77,136,81
2408,Yann Karamoh,185,80,1998-07-08,LM,77,40,1
2409,David Moberg Karlsson,178,74,,CAM,77,241,22
2410,Yassine Kechta,174,68,2002-02-25,CM,77,161,28
2411,Olivier Kemen,177,76,1996-07-20,CM,77,138,34
2412,Marc-Oliver Kempf,186,87,1995-01-28,CB,77,50,10
2413,Frankie Kent,188,76,1995-11-21,CB,77,175,4
2414,Wahbi Khazri,176,82,1991-02-08,ST,77,76,51
2415,Abdukodir Khusanov,186,84,2004-02-29,CB,77,48,100
2416,Semih Kılıçsoy,178,68,2005-08-15,ST,77,32,20
2417,Antonín Kinský,190,80,,GK,77,98,45
2418,Joshua Kitolano,170,71,2001-08-03,CM,77,149,3
2419,Kenan Kodro,190,80,1993-08-19,ST,77,169,41
2420,Mats Köhlert,162,62,1998-05-02,LB,77,223,10
2421,Ondřej Kolář,193,81,1994-10-17,GK,77,98,45
2422,Ismaël Koné,188,76,2002-06-16,CM,77,73,40
2423,Jan Kopic,179,81,1990-06-04,RM,77,177,45
2424,Giannis Kotsiras,183,77,1992-12-16,RB,77,107,59
2425,Damir Kreilach,186,78,1989-04-16,ST,77,100,19
2426,Filip Krovinović,177,70,1995-08-29,CAM,77,75,19
2427,Luca Langoni,173,66,2002-02-09,RM,77,85,8
2428,Sam Larsson,180,70,1993-04-10,LM,77,242,22
2429,Tobias Lauritsen,194,85,1997-08-30,ST,77,149,3
2430,Tom Lawrence,180,75,1994-01-13,CAM,77,113,69
2431,Amor Layouni,191,81,1992-10-03,RW,77,197,51
2432,Lee Seung Woo,173,63,1998-01-06,CAM,77,243,18
2433,Maxim Leitsch,189,83,1998-05-16,CB,77,93,10
2434,Alan Lescano,182,67,2001-11-11,CM,77,173,8
2435,Martin Linnes,177,72,1991-09-20,RB,77,163,3
2436,Robert Ljubičić,180,69,1999-07-14,CM,77,88,19
2437,Raúl Loaiza,180,70,1994-06-08,CDM,77,123,25
2438,Roberto López,180,70,2000-04-24,CAM,77,86,2
2439,Lorenzo Lucca,201,80,2000-09-10,ST,77,155,7
2440,Abel Luciatti,178,67,1993-02-18,CB,77,123,8
2441,Tomás Ribeiro,185,77,1999-04-30,CB,77,144,12
2442,Álvaro Madrid,179,78,1995-04-05,CM,77,233,74
2443,Soungoutou Magassa,188,75,2003-10-08,CB,77,57,1
2444,Frank Magri,178,75,1999-09-04,ST,77,110,34
2445,Gaius Makouta,180,75,1997-07-25,CDM,77,192,99
2446,Youssef Maleh,177,74,1998-08-22,CM,77,139,28
2447,Facundo Mallo,186,81,1995-01-16,CB,77,135,14
2448,Christos Mandas,189,73,2001-09-17,GK,77,37,59
2449,Vito Mannone,189,77,1988-03-02,GK,77,53,7
2450,Jonas Martin,184,77,1990-04-09,CDM,77,80,1
2451,Alexis Martín Arias,185,79,1992-07-04,GK,77,185,8
2452,Aarón,178,70,1997-04-22,LB,77,121,2
2453,Mauricio Martínez,183,80,1993-02-20,CDM,77,135,8
2454,David Martínez,182,76,1998-01-21,CB,77,9,65
2455,Josef Martínez,173,74,1993-05-19,ST,77,235,42
2456,Adam Masina,191,87,1994-01-02,CB,77,40,28
2457,Lukáš Masopust,179,76,1993-02-12,RM,77,98,45
2458,Eliot Matazo,170,67,2002-02-15,CDM,77,57,6
2459,Christian Mawissa,180,75,2005-04-18,CB,77,57,1
2460,Pasquale Mazzocchi,180,74,1995-07-27,RM,77,13,7
2461,Eugenio Mena,173,68,1988-07-18,LB,77,202,74
2462,Kevin Méndez,175,72,1996-01-10,RM,77,233,14
2463,Edgar Méndez,187,78,,RM,77,244,2
2464,Levent Mercan,176,69,2000-12-10,LB,77,31,20
2465,Bautista Merlini,167,65,1995-07-04,CAM,77,199,8
2466,Fernando Meza,176,74,1990-03-21,RB,77,173,8
2467,Giannis Michailidis,188,85,2000-02-18,CB,77,114,59
2468,Valentin Mihăilă,180,71,2000-02-02,LM,77,131,87
2469,Lewis Miley,189,68,2006-05-01,CM,77,21,4
2470,Samy Mmaee,188,83,1996-09-08,CB,77,125,28
2471,Aaron Molinas,175,73,2000-08-02,CAM,77,232,8
2472,Ilaix Moriba,185,73,2003-01-19,CM,77,25,27
2473,Tyler Morton,178,73,2002-10-31,CDM,77,6,4
2474,Jhon Mosquera,185,72,1990-06-06,LM,77,177,25
2475,Franco Moyano,171,68,1997-09-13,CDM,77,143,8
2476,Paul-José Mpoku,180,79,1992-04-19,CM,77,222,53
2477,Florian Müller,190,88,1997-11-13,GK,77,45,10
2478,Junior Mwanga,184,80,2003-05-11,CDM,77,91,1
2479,Juan Ignacio Nardoni,180,80,2002-07-14,CM,77,128,8
2480,Robert Navarro,178,69,2002-04-12,LM,77,44,2
2481,Umut Nayir,191,75,1993-06-28,ST,77,142,20
2482,Loïc Négo,181,71,1991-01-15,RM,77,161,35
2483,Nathan Ngoumou,183,74,2000-03-14,RM,77,87,1
2484,Joakim Nilsson,185,78,1994-02-06,CB,77,97,22
2485,Stanley Nsoki,184,83,1999-04-09,CB,77,42,1
2486,Kenedy,180,85,1996-02-08,LM,77,120,5
2487,Antonio Nusa,180,72,2005-04-17,LM,77,23,3
2488,Bram Nuytinck,190,82,1990-05-04,CB,77,151,9
2489,Lewis O'Brien,173,74,1998-10-14,CM,77,33,4
2490,Martín Ojeda,175,59,1998-11-27,CAM,77,108,8
2491,Caleb Okoli,191,91,2001-07-13,CB,77,95,7
2492,Victor Olatunji,191,78,1999-09-05,ST,77,96,17
2493,Anderson Oliveira,169,69,1998-07-16,LM,77,245,5
2494,João Gonçalves,188,80,2000-11-05,GK,77,203,12
2495,Kewin,189,84,1995-01-25,GK,77,183,5
2496,Jean Onana,189,85,2000-01-08,CM,77,32,34
2497,Frank Onyeka,183,70,1998-01-01,CM,77,141,17
2498,Joao Ortiz,177,70,1996-05-01,CDM,77,176,39
2499,Gabriel Osho,185,70,1998-08-14,CB,77,178,17
2500,Yordan Osorio,186,80,1994-05-10,CB,77,131,42
2501,Jonathan Osorio,175,68,1992-06-12,CM,77,104,40
2502,Leo Østigård,182,80,1999-11-28,CB,77,101,3
2503,Rémi Oudin,185,79,1996-11-18,RW,77,69,1
2504,Berkay Özcan,178,72,1998-02-15,CM,77,138,20
2505,Berat Özdemir,188,84,1998-05-23,CM,77,138,20
2506,Kendry Páez,177,71,2007-05-04,CAM,77,176,39
2507,Tiago Palacios,167,68,2001-03-28,RM,77,130,14
2508,Carlos Palacios,184,81,2000-07-20,LW,77,182,74
2509,Renato Veiga,190,85,2003-07-29,CDM,77,24,12
2510,Park Jin Seob,184,80,1995-10-23,CB,77,243,18
2511,Keaton Parks,191,81,1997-08-06,CDM,77,220,36
2512,Lucas Passerini,191,98,1994-07-16,ST,77,186,8
2513,Remko Pasveer,187,88,1983-11-08,GK,77,72,9
2514,Dimitrios Pelkas,175,73,1993-10-26,CAM,77,138,59
2515,Facundo Pellistri,175,65,2001-12-20,RM,77,107,14
2516,Sergio Peña,178,70,1995-09-28,CM,77,207,77
2517,Alexandre Penetra,186,79,2001-09-09,CB,77,82,12
2518,Daniel Peretz,190,89,2000-07-10,GK,77,3,90
2519,Sebastián Pérez,175,72,1993-03-29,CDM,77,203,25
2520,Marco Pérez,182,76,1990-09-18,ST,77,132,25
2521,Baldomero Perlaza,187,82,1992-06-02,CDM,77,246,25
2522,Gaëtan Perrin,169,63,1996-06-07,LM,77,178,1
2523,Jakub Pešek,174,67,1993-06-24,RW,77,96,45
2524,Pablo Piatti,163,63,1989-03-31,LM,77,130,8
2525,Hamilton Piedra,182,78,1993-02-20,GK,77,247,39
2526,Marvin Pieringer,191,82,1999-10-04,ST,77,145,10
2527,Ronaël Pierre-Gabriel,177,80,1998-06-13,RB,77,125,1
2528,Carlo Pinsoglio,194,85,1990-03-16,GK,77,19,7
2529,Lukas Podolski,183,88,1985-06-04,CAM,77,248,10
2530,Diego Polenta,185,87,1992-02-06,CB,77,225,14
2531,Andy Polo,173,70,1994-09-29,RM,77,249,77
2532,Juan Camilo Portilla,185,80,1998-09-12,CDM,77,143,25
2533,Juan Portillo,182,75,2000-05-18,LB,77,143,8
2534,Samuel Portugal,188,80,1994-03-29,GK,77,27,5
2535,Matteo Prati,185,75,2003-12-28,CDM,77,119,7
2536,Alan Pulido,177,83,1991-03-08,ST,77,250,46
2537,Facundo Quignon,178,73,1993-05-02,CDM,77,186,8
2538,José Quintero,178,77,1990-06-20,RB,77,162,39
2539,Nemanja Radoja,186,77,1993-02-06,CM,77,250,30
2540,Ionuț Andrei Radu,188,70,1997-05-28,GK,77,7,87
2541,Gastón Ramírez,183,78,1990-12-02,CAM,77,140,14
2542,Adrián Ramos,184,78,1986-01-22,ST,77,221,25
2543,Youri Regeer,178,68,2003-08-18,RB,77,78,9
2544,Chadi Riad,190,78,2003-06-17,CB,77,55,28
2545,Kiko Bondoso,171,66,,LW,77,160,12
2546,Omar Richards,174,69,,LB,77,160,4
2547,Stefan Ristovski,183,72,1992-02-12,RB,77,125,62
2548,Miles Robinson,188,84,1997-03-14,CB,77,51,36
2549,Felipe Román,183,80,1995-10-05,RB,77,124,25
2550,Luka Romero,165,64,2004-11-18,RM,77,106,8
2551,Rafael Romo,196,91,1990-02-25,GK,77,184,42
2552,Lazaros Rota,180,74,1997-08-23,RB,77,88,59
2553,Tom Rothe,192,85,2004-10-29,LB,77,92,10
2554,Albion Rrahmani,188,80,2000-08-31,ST,77,96,58
2555,Diego Rubio,180,77,1993-05-15,ST,77,116,74
2556,Johnny Russell,178,76,1990-04-08,RW,77,250,24
2557,Matěj Ryneš,183,73,2001-05-30,LB,77,96,45
2558,Falaye Sacko,179,68,1995-05-01,RB,77,76,54
2559,Bartosz Salamon,194,84,1991-05-01,CB,77,251,13
2560,Maximiliano Salas,174,82,1997-12-01,ST,77,128,8
2561,Alan Saldivia,180,80,2002-04-06,CB,77,182,14
2562,Manolis Saliakas,175,75,1996-09-12,RB,77,191,59
2563,Dániel Sallói,185,68,1996-07-19,LW,77,250,35
2564,Mbwana Ally Samatta,183,75,1992-12-23,ST,77,114,101
2565,Juanlu Sánchez,186,70,2003-08-15,RB,77,70,2
2566,Philipp Sander,185,77,1998-02-21,CM,77,87,10
2567,Ivo Rodrigues,180,76,1995-03-30,CM,77,165,12
2568,Kevin Schade,185,74,2001-11-27,LW,77,74,10
2569,Andreas Schjelderup,176,68,2004-06-01,LW,77,30,3
2570,Niklas Schmidt,184,89,1998-03-01,CM,77,110,10
2571,Lasse Schøne,178,78,1986-05-27,CM,77,151,32
2572,Richard Schunke,185,78,1991-11-26,CB,77,176,8
2573,Ole Kristian Selnæs,188,80,1994-07-07,CM,77,252,3
2574,Volodymyr Shepelev,184,73,1997-06-01,CDM,77,112,26
2575,Eldor Shomurodov,190,76,1995-06-29,ST,77,14,100
2576,Djibril Sidibé,183,80,1992-07-29,RB,77,110,1
2577,Alejandro Silva,178,68,1989-09-04,CM,77,199,14
2578,Maximiliano Silvera,176,68,1997-09-05,ST,77,140,14
2579,Giuliano Simeone,173,70,2002-12-18,ST,77,10,8
2580,Daley Sinkgraven,179,70,1995-07-04,LB,77,65,9
2581,Ibrahim Sissoko,192,89,1995-11-27,ST,77,153,54
2582,Steven Skrzybski,174,72,1992-11-18,ST,77,190,10
2583,Son Jun Ho,180,73,1992-05-12,CDM,77,245,18
2584,Song Min Kyu,179,72,1999-09-12,CAM,77,243,18
2585,Brenner,175,70,2000-01-16,ST,77,155,5
2586,Ali Sowe,191,84,1994-06-14,ST,77,189,91
2587,Djed Spence,184,71,2000-08-09,RB,77,17,4
2588,Andraž Šporar,186,82,1994-02-27,ST,77,107,15
2589,Marko Stamenić,188,80,,CDM,77,99,83
2590,Issiaga Sylla,180,75,1994-01-01,LB,77,76,27
2591,Mamadou Sylla,184,84,1994-03-20,ST,77,120,61
2592,Abakar Sylla,188,80,2002-12-25,CB,77,91,49
2593,Florian Tardieu,181,70,1992-04-22,CDM,77,153,1
2594,Chiquinho,179,73,2000-02-05,LW,77,44,12
2595,Charlie Taylor,185,70,1993-09-18,LB,77,61,4
2596,Casper Tengstedt,184,79,2000-06-01,ST,77,122,32
2597,Florian Thauvin,181,77,1993-01-26,ST,77,155,1
2598,Morten Thorsby,189,79,1996-05-05,CM,77,121,3
2599,Harry Toffolo,183,71,1995-08-19,LB,77,84,4
2600,Gastón Togni,181,80,1997-09-20,LM,77,232,8
2601,Torrente,193,79,2001-09-11,CB,77,125,2
2602,El Bilal Touré,185,72,2001-10-03,ST,77,64,54
2603,Isaak Touré,206,98,2003-03-28,CB,77,155,1
2604,Abdoulaye Touré,188,84,1994-03-03,CDM,77,161,27
2605,Nicolás Tripichio,176,70,1996-01-05,RB,77,134,8
2606,Auston Trusty,191,85,1998-08-12,CB,77,77,36
2607,Oleksandr Tymchyk,180,67,1997-01-20,RB,77,112,26
2608,Filip Uremović,184,81,1997-02-11,CB,77,75,19
2609,Agustín Urzi,169,71,2000-05-04,LM,77,128,8
2610,Can Uzun,186,70,2005-11-11,CAM,77,49,20
2611,Nicolás Valentini,187,79,2001-04-06,CB,77,111,8
2612,Alex Valera,183,84,1996-05-16,ST,77,249,77
2613,Emanuele Valeri,180,78,1998-12-07,LB,77,131,7
2614,Mattia Valoti,187,73,1993-09-06,CM,77,90,7
2615,Dante Vanzeir,175,77,1998-04-16,ST,77,83,6
2616,Juan Pablo Vargas,192,88,1995-06-06,CB,77,148,102
2617,Denis Vavro,189,81,1996-04-10,CB,77,66,44
2618,Benjamin Verbič,179,72,1993-11-27,LW,77,107,15
2619,Nick Viergever,183,77,1989-08-03,CB,77,180,9
2620,Guillermo Viscarra,190,80,1993-02-07,GK,77,253,98
2621,Lukáš Vorlický,186,76,,CAM,77,98,45
2622,Marios Vrousai,183,77,1998-07-02,LM,77,160,59
2623,Matěj Vydra,180,74,1992-05-01,ST,77,177,45
2624,Hauke Wahl,189,85,1994-04-15,CB,77,191,10
2625,Victor Wanyama,188,79,1991-06-25,CDM,77,235,94
2626,Danny Ward,191,88,1993-06-22,GK,77,95,69
2627,Marcelo Weigandt,175,72,2000-01-11,RB,77,9,8
2628,Noah Weißhaupt,181,76,2001-09-20,LM,77,45,10
2629,Tomáš Wiesner,176,72,1997-07-17,RB,77,96,45
2630,Mateusz Wieteska,187,77,1997-02-11,CB,77,119,13
2631,Cláudio Winck,184,77,1994-04-15,RB,77,187,5
2632,Miki Yamane,178,72,1993-12-22,RB,77,109,48
2633,Yoon Bit Garam,178,75,1990-05-07,CM,77,245,18
2634,Maya Yoshida,189,90,1988-08-24,CB,77,109,48
2635,Étienne Youté Kinkoué,195,91,2002-01-14,CB,77,161,1
2636,Alhassan Yusuf,175,66,2000-07-18,CDM,77,85,17
2637,Diego Zabala,172,64,1991-09-19,RW,77,225,14
2638,Francesco Zampano,177,74,1993-09-30,LB,77,170,7
2639,Alessandro Zanoli,188,76,2000-10-03,RB,77,121,7
2640,Zarraga,175,76,1999-01-04,CM,77,155,2
2641,Arbër Zeneli,176,72,1995-02-25,LW,77,254,58
2642,Kevin Zenón,180,70,2001-07-30,LM,77,111,8
2643,Nermin Zolotić,188,77,1993-07-07,CB,77,158,41
2644,Szymon Żurkowski,185,79,1997-09-25,CM,77,139,13
2645,Ali Abdi,183,73,1993-12-20,LB,76,67,51
2646,Matthis Abline,182,81,2003-03-28,ST,76,136,1
2647,Kellyn Acosta,177,68,1995-07-24,CM,76,137,36
2648,Emanuel Aguilera,185,88,1989-06-11,CB,76,232,8
2649,Jean-Eudes Aholou,186,71,1994-03-20,CM,76,204,49
2650,José Aja,193,87,1993-05-10,CB,76,246,14
2651,Halil Akbunar,167,68,1993-11-09,RM,76,198,20
2652,Gabriel Alanís,189,80,1994-03-16,RM,76,232,8
2653,Gonçalo Borges,184,77,2001-03-29,LM,76,27,12
2654,Jim Allevinah,172,70,1995-02-27,RM,76,204,55
2655,Javier Altamirano,173,69,1999-08-21,CM,76,130,74
2656,Altimira,188,75,2001-08-25,CM,76,41,2
2657,Lucas Lima,178,72,1991-10-10,LB,76,138,5
2658,Branco Ampuero,184,82,1993-07-19,CB,76,202,74
2659,Santiago Arzamendia,172,72,1998-05-05,LB,76,130,65
2660,Javier Báez,180,84,1990-04-09,CB,76,185,65
2661,Danovis Banguero,185,85,1989-10-27,LB,76,148,25
2662,Mattia Bani,188,81,1993-12-10,CB,76,121,7
2663,Beni Baningime,178,70,1998-09-09,CDM,76,175,53
2664,Miguel Barbieri,182,80,,CB,76,135,8
2665,Italo,190,87,1997-08-03,CM,76,255,5
2666,Juan Barinaga,180,80,2000-10-10,RB,76,111,8
2667,Aymen Barkok,189,82,1998-05-21,CAM,76,93,28
2668,João Novais,183,77,1993-07-10,CM,76,160,12
2669,Enzo Barrenechea,186,81,2001-05-22,CDM,76,22,8
2670,Connor Barron,171,66,2002-08-29,CM,76,113,24
2671,Dylan Batubinsika,188,84,1996-02-15,CB,76,153,53
2672,Daniel Batz,191,87,1991-01-12,GK,76,93,10
2673,Finn Ole Becker,177,71,2000-06-08,CM,76,42,10
2674,Mohamed Belloumi,174,66,2002-06-01,RW,76,227,31
2675,Carlos Benavídez,185,77,1998-03-30,CDM,76,106,14
2676,Gastón Benedetti,175,68,2001-03-29,LB,76,130,8
2677,Yassine Benzia,179,77,,CAM,76,209,31
2678,Nahir Besara,182,76,1991-02-25,CAM,76,256,22
2679,Lautaro Blanco,176,70,1999-02-19,LB,76,111,8
2680,Aylton Boa Morte,182,75,1993-09-23,RM,76,234,12
2681,Daniel Bocanegra,182,73,1987-04-23,CB,76,221,25
2682,Paweł Bochniewicz,193,78,1996-01-30,CB,76,223,13
2683,Luciano Boggio,175,69,1999-03-10,CM,76,123,14
2684,Martin Boyle,172,63,1993-04-25,RM,76,257,71
2685,Flavien-Enzo Boyomo,181,86,2001-10-07,CB,76,81,34
2686,Umut Bozok,178,75,1996-09-19,ST,76,62,20
2687,Volodymyr Brazhko,184,77,2002-01-23,CDM,76,112,26
2688,Fabian Bredlow,190,89,1995-03-02,GK,76,64,10
2689,Anthony Briançon,185,79,1994-11-29,CB,76,153,1
2690,Ezequiel Bullaude,184,80,,CAM,76,258,8
2691,Brandon Bye,183,79,1995-11-29,RB,76,85,36
2692,Alejandro Camargo,175,68,1989-06-12,CM,76,259,8
2693,Facundo Cambeses,186,85,1997-04-09,GK,76,128,8
2694,Omar Campos,174,65,2002-07-20,LB,76,33,46
2695,Manuel Capasso,188,87,1996-04-19,CB,76,211,8
2696,Pierrick Capelle,181,73,1987-04-15,CDM,76,204,1
2697,Marc Cardona,183,70,1995-07-08,ST,76,65,2
2698,Gonzalo Carneiro,194,85,1995-09-12,ST,76,225,14
2699,Adalberto Carrasquilla,170,64,1998-11-28,CM,76,103,93
2700,Cesare Casadei,186,77,2003-01-10,CM,76,24,7
2701,Josué Casimir,180,72,2001-09-24,RM,76,161,1
2702,Harlen Castillo,188,80,1993-08-17,GK,76,124,25
2703,Alex Castro,170,67,1994-03-08,LM,76,212,25
2704,Alexis Castro,183,71,1994-10-18,CM,76,225,8
2705,Nélson Oliveira,185,82,1991-08-08,ST,76,144,12
2706,Maximiliano Caufriez,189,83,1997-02-16,CB,76,22,6
2707,Roman Celentano,192,80,2000-09-14,GK,76,51,36
2708,Ondřej Čelůstka,187,83,,CB,76,239,45
2709,Fabien Centonze,182,75,1996-01-16,RB,76,136,1
2710,Ricardo Mangas,179,66,1998-03-19,LM,76,144,12
2711,Timmy Chandler,187,84,1990-03-29,RB,76,49,36
2712,Yimmi Chará,165,68,1991-04-02,LM,76,132,25
2713,Youssef Chermiti,192,81,2004-05-24,ST,76,36,12
2714,Choi Jun,177,72,1999-04-17,RB,76,166,18
2715,Marcus Coco,184,78,1996-06-24,RM,76,136,1
2716,Enzo Copetti,180,88,1996-01-16,ST,76,135,8
2717,Diego Coppola,192,78,2003-12-28,CB,76,122,7
2718,Fábio Ronaldo,178,72,2001-04-28,LW,76,160,12
2719,Soumaila Coulibaly,191,73,2003-10-14,CB,76,80,1
2720,Woyo Coulibaly,188,84,1999-05-26,RB,76,131,1
2721,Diogo Gonçalves,178,70,1997-02-06,CM,76,94,12
2722,Wylan Cyprien,180,79,1995-01-28,CDM,76,131,1
2723,Edgar,191,87,1987-01-03,ST,76,200,5
2724,Keinan Davis,189,68,1998-02-13,ST,76,155,4
2725,Vítor Costa,182,75,1994-07-01,LB,76,164,5
2726,Fernando De Paul,183,83,1991-04-25,GK,76,182,74
2727,Rúben Lameiras,176,67,1994-12-22,RW,76,158,12
2728,Fabiano Souza,175,68,2000-03-14,RB,76,183,5
2729,Liam Delap,186,80,2003-02-08,ST,76,126,4
2730,Mark Delgado,175,67,1995-05-16,CDM,76,109,36
2731,Marco Di Cesare,186,86,2002-01-30,CB,76,128,8
2732,Dimitris Diamantakos,183,83,1993-03-05,ST,76,260,59
2733,Assane Diao Diaoune,185,72,2005-09-07,RM,76,41,2
2734,Moussa Diarra,185,73,2000-11-10,LB,76,106,54
2735,Mauro Díaz,170,61,1991-03-10,CAM,76,184,8
2736,Pedro Díaz,180,78,1998-06-05,CM,76,60,2
2737,El Hadji Malick Diouf,183,75,2004-12-29,LB,76,98,61
2738,Moussa Djenepo,177,65,1998-06-15,LM,76,242,54
2739,Lucas Piazón,182,73,,CAM,76,261,5
2740,Benjamín Domínguez,172,68,2003-09-19,LM,76,56,8
2741,Maxime Dominguez,173,63,1996-02-01,CM,76,159,16
2742,Kieran Dowell,185,70,1997-10-10,CAM,76,113,4
2743,Denis Drăguș,185,80,1999-07-06,ST,76,62,87
2744,Vladyslav Dubinchak,173,62,1998-07-01,LB,76,112,26
2745,Jean-Kévin Duverne,184,71,1997-07-12,LB,76,136,103
2746,Lasha Dvali,191,80,1995-05-14,CB,76,206,23
2747,Jeremy Ebobisse,183,79,1997-02-13,ST,76,164,34
2748,Enzo Ebosse,185,75,1999-03-11,CB,76,155,34
2749,Claudio Echeverri,170,65,2006-01-02,CAM,76,29,8
2750,Souffian El Karouani,178,74,2000-10-19,LB,76,180,28
2751,Eren Elmalı,183,76,2000-07-07,LB,76,62,20
2752,Ivo Pinto,183,73,1990-01-07,RB,76,258,12
2753,Mamadou Fall,184,72,1991-12-31,ST,76,187,61
2754,Paolo Fernandes,167,68,1998-08-09,RW,76,88,2
2755,Clayton,184,78,,ST,76,160,5
2756,Sebastián Fernández,167,65,1985-05-23,ST,76,262,14
2757,Miguel Maga,175,69,2002-11-16,RB,76,144,12
2758,Cristopher Fiermarin,190,85,1998-01-01,GK,76,232,14
2759,Daniel Fila,190,88,,ST,76,98,45
2760,Edison Flores,170,70,1994-05-14,LW,76,249,77
2761,Fabricio Formiliano,185,85,1993-01-14,CB,76,263,14
2762,Franco Fragapane,167,66,1993-02-06,LM,76,168,8
2763,Martin Frese,179,75,1998-01-04,LB,76,122,32
2764,Gabriel Fuentes,185,78,1997-02-09,LB,76,132,25
2765,César Fuentes,172,70,1993-04-12,CDM,76,182,74
2766,Fernando Gaibor,178,72,1991-10-08,CM,76,157,39
2767,Konstantinos Galanopoulos,172,72,1997-12-28,CDM,76,88,59
2768,Matías Galarza,180,71,2002-03-04,CDM,76,143,8
2769,Nicholas Gioacchini,183,79,2000-07-25,ST,76,51,36
2770,Santiago Giordana,179,77,1995-05-03,ST,76,148,8
2771,Mauro Goicoechea,186,82,1988-03-27,GK,76,262,14
2772,Marlon Gomes,184,70,2003-12-14,CM,76,129,5
2773,Joan González,188,80,2002-02-01,CM,76,69,2
2774,Mario González,183,76,1996-02-25,ST,76,152,2
2775,Craig Gordon,193,83,1982-12-31,GK,76,175,24
2776,Jay Gorter,190,83,2000-05-30,GK,76,72,9
2777,Alberto Grassi,183,75,1995-03-07,CM,76,139,7
2778,Joel Graterol,176,82,1997-02-13,GK,76,221,42
2779,Robert Gumny,182,71,1998-06-04,RB,76,141,13
2780,Koray Günter,184,79,1994-08-16,CB,76,215,10
2781,Rodrigo Guth,191,80,2000-11-10,CB,76,258,5
2782,Ehsan Haji Safi,178,81,1990-02-25,LB,76,88,60
2783,Sead Hakšabanović,173,74,1999-05-04,LM,76,207,50
2784,Alen Halilović,170,68,1996-06-18,CAM,76,258,19
2785,Craig Halkett,183,75,1995-05-29,CB,76,175,24
2786,Jens Petter Hauge,184,75,1999-10-12,LW,76,133,3
2787,Isaac Hayden,187,79,1995-03-22,CDM,76,21,4
2788,Leo Coelho,189,87,1993-05-17,CB,76,140,5
2789,Edwin Herrera,170,64,1998-09-02,LB,76,132,25
2790,Aaron Herrera,180,71,1997-06-06,RB,76,181,104
2791,George Hirst,191,81,1999-02-15,ST,76,126,4
2792,Ryan Hollingshead,185,82,1991-04-16,RB,76,33,36
2793,Sebastian Holmén,188,77,1992-04-29,CB,76,254,22
2794,Hong Chul,176,70,1990-09-17,LB,76,200,18
2795,Cédric Hountondji,194,81,1994-01-19,CB,76,204,80
2796,Even Hovland,191,90,1989-02-14,CB,76,197,3
2797,Hwang In Jae,187,73,1994-04-22,GK,76,154,18
2798,Renato Ibarra,175,76,1991-01-20,RM,76,176,39
2799,Alessio Iovine,174,70,1991-02-01,RB,76,50,7
2800,Andy Irving,190,78,2000-05-13,CM,76,38,24
2801,Mikael Ishak,184,81,1993-03-31,ST,76,251,22
2802,Ardian Ismajli,185,76,1996-09-30,CB,76,139,66
2803,Daniel Iversen,193,80,1997-07-19,GK,76,95,32
2804,Jakub Jankto,184,74,1996-01-19,CM,76,119,45
2805,Franco Jara,179,77,1988-07-15,ST,76,186,8
2806,Alexander Jeremejeff,192,82,1993-10-12,ST,76,107,22
2807,Jung Ho Yeon,180,73,2000-09-28,CM,76,264,18
2808,Christian Kabasele,187,84,1991-02-24,CB,76,155,6
2809,Warren Kamanzi,177,70,2000-11-11,RB,76,110,3
2810,Ahmetcan Kaplan,189,75,2003-01-16,CB,76,72,20
2811,Aytaç Kara,186,84,1993-03-23,CM,76,187,20
2812,Erce Kardeşler,184,79,1994-03-14,GK,76,210,20
2813,Michael Kayode,179,70,2004-07-10,RB,76,71,7
2814,Yannik Keitel,186,85,2000-02-15,CDM,76,64,10
2815,Emre Kılınç,174,68,1994-08-23,RM,76,201,20
2816,Kim Dong Joon,189,85,1994-12-19,GK,76,255,18
2817,Kim Dae Won,171,65,,LM,76,193,18
2818,Mathias Kjølø,175,67,2001-06-27,CDM,76,78,3
2819,Ko Seung Beom,173,70,1994-04-24,CM,76,167,18
2820,Markus Kolke,187,91,1990-08-18,GK,76,117,10
2821,Juan Cruz Komar,190,82,1996-08-13,CB,76,135,8
2822,Yukhym Konoplia,180,74,1999-08-26,RB,76,129,26
2823,Matías Kranevitter,179,76,1993-05-21,CDM,76,29,8
2824,Dmytro Kryskiv,180,67,2000-10-06,CM,76,129,26
2825,Saël Kumbedi,175,63,2005-03-26,RB,76,46,1
2826,Berkan Kutlu,186,75,1998-01-25,CM,76,34,20
2827,Giorgos Kyriakopoulos,178,74,1996-02-05,LB,76,90,59
2828,Richie Laryea,175,70,1995-01-07,RB,76,104,40
2829,Lee Yeong Jae,174,60,1994-09-13,CM,76,243,18
2830,Jordan Lefort,184,81,1993-08-09,LB,76,204,1
2831,Tim Leibold,174,72,1993-11-30,LB,76,250,10
2832,Félix Lemaréchal,180,73,2003-08-07,CAM,76,91,1
2833,Luis Guilherme,175,71,,RM,76,38,5
2834,Pol Lirola,183,70,1997-08-13,RB,76,73,2
2835,Danny Loader,182,76,2000-08-28,ST,76,27,4
2836,Saba Lobjanidze,175,62,1994-12-18,RW,76,229,23
2837,Marius Lode,185,77,1993-03-11,CB,76,197,3
2838,Maximiliano Lovera,170,68,1999-03-09,LM,76,135,8
2839,Sayfallah Ltaief,178,77,2000-04-22,LM,76,78,51
2840,Yvann Maçon,177,74,1998-10-01,RB,76,153,1
2841,Daniel Maldini,185,66,2001-10-11,CAM,76,90,7
2842,Lucas Mancinelli,168,68,1989-07-06,RM,76,247,8
2843,Eliaquim Mangala,188,80,1991-02-13,CB,76,171,1
2844,Manquillo,178,76,1994-05-05,RB,76,25,2
2845,Adrián Marín,181,73,1997-01-09,LB,76,52,2
2846,Rafa Marín,191,78,2002-05-19,CB,76,13,2
2847,João Marques,179,73,2002-02-13,LW,76,52,12
2848,Federico Martínez,175,75,1996-02-28,ST,76,233,14
2849,Facundo Martínez,180,76,1985-04-02,CM,76,184,8
2850,Damián Martínez,180,72,1990-01-31,RB,76,135,8
2851,Thiago Martins,184,75,1995-03-17,CB,76,220,5
2852,Bruno Martins Indi,185,76,1992-02-08,CB,76,82,9
2853,Gastón Martirena,174,65,2000-02-05,RB,76,128,14
2854,Igor Matanović,194,90,2003-03-31,ST,76,49,10
2855,Rabbi Matondo,175,66,2000-09-09,LM,76,113,69
2856,Nathanaël Mbuku,170,68,2002-03-16,RM,76,125,1
2857,Kasey McAteer,177,67,2001-11-22,RW,76,95,4
2858,Alex McCarthy,193,79,1989-12-03,GK,76,61,4
2859,Barrie McKay,172,73,1994-12-30,LM,76,175,24
2860,Scott McKenna,189,80,1996-11-12,CB,76,65,24
2861,Yorleys Mena,178,78,1991-07-20,ST,76,265,25
2862,Javier Méndez,185,84,1994-12-05,CB,76,140,14
2863,Mauro Méndez,176,76,1999-01-17,ST,76,130,14
2864,Meseguer,184,77,1999-06-09,CM,76,120,2
2865,Kamal Miller,183,74,1997-05-16,CB,76,115,40
2866,Martin Minchev,184,80,2001-04-22,ST,76,189,73
2867,Tomás Molina,183,78,1995-04-12,ST,76,173,8
2868,Shaquell Moore,180,74,1996-11-02,RB,76,89,36
2869,Felipe Mora,175,68,1993-08-02,ST,76,115,74
2870,Lautaro Morales,187,76,1999-12-16,GK,76,143,8
2871,Santiago Moreno,173,67,2000-04-21,RM,76,115,25
2872,Mateu Morey,173,67,2000-03-02,RB,76,44,2
2873,Raúl Moro,168,60,2002-12-05,LM,76,120,2
2874,Jordan Morris,183,85,1994-10-26,ST,76,147,36
2875,Fahd Moufi,177,77,1996-05-05,RB,76,75,28
2876,Arbnor Muja,179,69,1998-11-29,RM,76,201,66
2877,Facundo Mura,170,72,1999-03-24,RB,76,128,8
2878,Jesús Murillo,183,80,1994-02-18,CB,76,33,25
2879,Mickaël Nadé,188,80,1999-03-04,CB,76,153,1
2880,Adamo Nagalo,185,75,2002-09-22,CB,76,54,37
2881,Paul Nebel,169,66,2002-10-10,CAM,76,93,10
2882,João Virgínia,192,84,1999-10-10,GK,76,36,12
2883,Ivan Nevistić,193,88,1998-07-31,GK,76,125,19
2884,Yvan Neyou,180,63,1997-01-03,CDM,76,86,34
2885,Tokmac Chol Nguen,174,60,1993-10-20,CAM,76,208,3
2886,Kevin Nisbet,180,75,1997-03-08,ST,76,266,24
2887,Jean-Pierre Nsame,188,88,1993-05-01,ST,76,267,34
2888,Olivier Ntcham,180,80,1996-02-09,CM,76,201,34
2889,Randy Nteka,189,75,1997-12-06,ST,76,60,1
2890,Miguel Cardoso,176,76,1994-06-19,LM,76,234,12
2891,Jay O'Shea,183,70,1988-08-10,CM,76,268,76
2892,Moses Odubajo,177,69,,RB,76,88,4
2893,Lawrence Ofori,181,69,1998-06-28,CM,76,183,43
2894,Masaya Okugawa,177,68,1996-04-14,LM,76,141,48
2895,Cristian Olivera,175,77,2002-04-17,RW,76,33,14
2896,Emanuel Olivera,180,75,1990-04-02,CB,76,132,8
2897,Andrew Omobamidele,188,74,2002-06-23,CB,76,84,76
2898,Bruno Onyemaechi,183,80,1999-04-03,LB,76,203,17
2899,Jerome Opoku,197,79,1998-10-14,CB,76,138,43
2900,Gaetano Oristanio,174,62,2002-09-28,CAM,76,170,7
2901,Elisha Owusu,182,72,1997-11-07,CDM,76,178,43
2902,Braian Oyola,156,56,1996-06-15,LM,76,157,8
2903,Pacheco,184,77,2001-01-08,CB,76,28,2
2904,Maarten Paes,192,82,1998-05-14,GK,76,118,9
2905,Nelson Palacio,180,75,2001-06-16,CM,76,94,25
2906,Alberto Paleari,193,88,,GK,76,40,7
2907,Nathan Patterson,183,80,2001-10-16,RB,76,36,24
2908,Esteban Pavez,180,76,1990-05-01,CDM,76,182,74
2909,Andy Pelmard,180,68,2000-03-12,CB,76,69,1
2910,Jorge Pereyra Díaz,180,80,1990-08-05,ST,76,244,8
2911,Matías Pérez García,165,68,1984-10-13,CAM,76,269,8
2912,Martín Pérez Guedes,179,74,1991-08-18,CM,76,249,8
2913,Máximo Perrone,178,64,2003-01-07,CM,76,50,8
2914,Giuseppe Pezzella,187,81,1997-11-29,LB,76,139,7
2915,Maximilian Philipp,183,79,1994-03-01,ST,76,45,10
2916,Roberto Piccoli,190,83,2001-01-27,ST,76,119,7
2917,Lorenzo Pirola,185,79,2002-02-20,CB,76,99,7
2918,Rodolfo Pizarro,178,71,1994-02-15,LM,76,88,46
2919,Vicente Pizarro,172,68,2002-11-05,CDM,76,182,74
2920,Jackson Porozo,192,84,2000-08-04,CB,76,86,39
2921,Lucas Pratto,186,90,1988-06-04,ST,76,211,8
2922,Filip Prebsl,186,81,,CDM,76,98,45
2923,Mateus Quaresma,181,76,1996-08-22,LB,76,165,5
2924,Anthony Ralston,183,78,1998-11-16,RB,76,77,24
2925,Juan Ramírez,174,72,1993-05-25,CM,76,111,8
2926,Rayan Raveloson,182,73,1997-01-16,CDM,76,178,105
2927,Alexander Ring,175,73,1991-04-09,CDM,76,116,29
2928,Facundo Rodríguez,190,88,2000-02-26,CB,76,130,8
2929,Alan Rodríguez,171,63,2000-01-25,CM,76,173,14
2930,Marko Rog,180,73,1995-07-19,CM,76,125,19
2931,Maximiliano Romero,180,76,1999-01-09,ST,76,173,8
2932,Jonny Rowe,178,74,2003-04-30,RM,76,73,4
2933,Kye Rowles,185,80,1998-06-24,CB,76,175,71
2934,John Ruddy,193,97,1986-10-24,GK,76,21,4
2935,Elias Saad,185,72,1999-12-27,LW,76,191,51
2936,Pablo Sabbag,188,84,1997-06-11,ST,76,172,106
2937,Emmanuel Sabbi,178,70,1997-12-24,LM,76,161,36
2938,Jorge Sáenz,192,75,1996-11-17,CB,76,86,2
2939,Ramzi Safuri,184,74,1995-10-21,CAM,76,242,90
2940,Yoann Salmier,188,85,1992-11-21,CB,76,161,1
2941,Ulrik Saltnes,187,78,1992-11-10,CM,76,133,3
2942,James Sands,186,73,2000-07-06,CDM,76,220,36
2943,Marcelo Saracchi,172,68,1998-04-23,LB,76,111,14
2944,Malang Sarr,182,78,,CB,76,48,1
2945,Joan Sastre,174,68,1997-04-30,RB,76,114,2
2946,David Schnegg,185,74,1998-09-29,LB,76,181,21
2947,Nico Serrano,176,72,2003-03-05,LM,76,20,2
2948,Armindo Sieb,175,75,2003-02-17,ST,76,93,10
2949,Tim Siersleben,187,84,2000-03-09,CB,76,145,10
2950,Reis,175,75,1993-01-06,LW,76,255,5
2951,Miguel Reisinho,184,76,1999-04-09,CM,76,203,12
2952,Simon Sohm,188,85,2001-04-11,CAM,76,131,16
2953,Álex Sola,178,75,1999-06-09,RM,76,63,2
2954,Santiago Solari,178,74,1998-01-19,LM,76,128,8
2955,Jhon Solís,189,80,2004-10-03,CDM,76,39,25
2956,Brandon Soppy,181,82,2002-02-21,RB,76,43,1
2957,Cheick Souaré,179,74,2002-09-03,LM,76,177,1
2958,Hélder Costa,179,77,,RM,76,171,70
2959,Leonai,174,73,1995-04-28,CDM,76,157,5
2960,Dayne St. Clair,191,75,1997-05-09,GK,76,168,40
2961,Pascal Stenzel,183,74,1996-03-20,RB,76,64,10
2962,Leonidas Stergiou,180,75,2002-03-03,CB,76,64,16
2963,Ross Stewart,188,81,1996-07-11,ST,76,61,24
2964,Carlos Strandberg,187,90,1996-04-14,ST,76,210,22
2965,Cristián Suárez,179,75,1987-02-06,CB,76,270,74
2966,Kamaldeen Sulemana,175,70,2002-02-15,LW,76,61,43
2967,Ibrahim Sulemana,180,78,2003-05-22,CDM,76,43,43
2968,Sam Surridge,191,77,1998-07-28,ST,76,89,4
2969,Zion Suzuki,190,91,2002-08-21,GK,76,131,48
2970,Jan Sýkora,171,64,1993-12-29,LM,76,177,45
2971,Cristian Tarragona,176,75,1991-04-09,ST,76,143,8
2972,César Tárrega,193,78,2002-02-26,CB,76,22,2
2973,Robert Taylor,182,78,1994-10-21,LW,76,9,29
2974,Filippo Terracciano,181,68,2003-02-08,RM,76,15,7
2975,Tanner Tessmann,188,86,2001-09-24,CDM,76,46,36
2976,Cedric Teuchert,182,80,1997-01-14,ST,76,97,10
2977,Isaac Kiese Thelin,189,82,1992-06-24,ST,76,207,22
2978,Kévin Théophile-Catherine,183,86,1989-10-28,CB,76,125,1
2979,Norman Theuerkauf,183,80,1987-01-24,CDM,76,145,10
2980,Sorba Thomas,185,75,1999-01-25,RM,76,136,69
2981,Luke Thomas,177,68,2001-06-10,LB,76,95,4
2982,Erik Thommy,175,71,1994-08-20,CM,76,250,10
2983,Timothy Tillman,183,74,1999-01-04,CM,76,33,36
2984,Nouhou,178,79,1997-06-23,LB,76,147,34
2985,Michal Tomič,181,77,1999-03-30,RB,76,133,44
2986,Jens Toornstra,178,74,1989-04-04,CAM,76,180,9
2987,Jonatan Torres,187,73,1996-12-29,ST,76,123,8
2988,Conor Townsend,183,73,1993-03-04,LB,76,126,4
2989,Boubacar Traoré,183,67,2001-08-20,CDM,76,79,54
2990,Jesús Trindade,176,82,1993-07-10,CDM,76,157,14
2991,Fran Tudor,173,68,1995-09-27,RM,76,216,19
2992,Rodrigo Ureña,179,79,1993-03-01,CDM,76,249,74
2993,Jere Uronen,177,69,1994-07-13,LB,76,179,29
2994,Etienne Vaessen,189,84,1995-07-26,GK,76,271,79
2995,Georgios Vagiannidis,181,68,2001-09-12,RB,76,107,59
2996,Bruno Wilson,191,80,1996-12-27,CB,76,164,12
2997,Leonardo Valencia,173,77,1991-04-25,CAM,76,272,74
2998,Nuno Santos,179,73,1999-03-02,CM,76,144,12
2999,Jhon Vásquez,176,84,1995-02-12,RM,76,246,25
3000,Emiliano Velázquez,184,79,1994-04-30,CB,76,225,14
3001,Kristoffer Velde,179,65,1999-09-09,LM,76,99,3
3002,Calvin Verdonk,174,69,1997-04-26,LB,76,151,107
3003,Gastón Verón,184,82,2001-04-23,ST,76,173,8
3004,Arno Verschueren,184,73,1997-04-08,CAM,76,149,6
3005,Carlos Vicente,179,69,1999-04-23,RM,76,106,2
3006,Mikel Villanueva,192,79,1993-04-14,CB,76,144,42
3007,Mattia Viti,190,82,2002-01-24,CB,76,139,7
3008,Mërgim Vojvoda,186,80,1995-02-01,LM,76,40,58
3009,Nazar Voloshyn,175,62,2003-06-17,LM,76,112,26
3010,Neto Volpi,189,93,1992-08-01,GK,76,212,5
3011,Andrés Vombergar,187,79,,ST,76,134,15
3012,Bart Vriends,188,85,1991-05-09,CB,76,273,9
3013,Patrik Wålemark,183,73,2001-10-14,RW,76,251,22
3014,Rémi Walter,175,73,1995-04-26,CM,76,250,1
3015,Timon Weiner,189,85,1999-01-18,GK,76,190,10
3016,Brian White,181,83,1996-02-03,ST,76,100,36
3017,Hannes Wolf,179,71,1999-04-16,RM,76,220,21
3018,Paweł Wszołek,186,77,1992-04-30,RM,76,267,13
3019,Mert Hakan Yandaş,174,70,1994-08-19,CM,76,31,20
3020,Kelvin Yeboah,183,73,2000-05-06,ST,76,168,7
3021,DeAndre Yedlin,171,75,1993-07-09,RB,76,51,36
3022,Élie Youan,183,70,1999-04-07,LM,76,257,1
3023,Alessio Zerbin,182,80,1999-03-03,LW,76,13,7
3024,Ondřej Zmrzlý,185,73,1999-04-22,LB,76,98,45
3025,Jeroen Zoet,188,87,1991-01-06,GK,76,82,9
3026,Bruno Zuculini,182,77,1993-04-02,CDM,76,128,8
3027,Joe Abrigo,168,58,1995-03-22,CAM,75,270,74
3028,Junior Adamu,183,81,2001-06-06,ST,75,45,21
3029,Washington Aguerre,188,90,1993-04-23,GK,75,140,14
3030,Juan Felipe Aguirre,186,79,1996-08-29,CB,75,124,25
3031,Ahn Hyun Beom,179,72,1994-12-21,RB,75,243,18
3032,Ahn Young Kyu,185,81,1989-12-04,CB,75,264,18
3033,Gökhan Akkan,188,80,1995-01-01,GK,75,189,20
3034,Doğan Alemdar,189,73,2002-10-29,GK,75,101,20
3035,Denis Alibec,187,84,,ST,75,274,87
3036,Nabil Alioui,175,64,1999-02-18,LW,75,174,1
3037,Bruno Costa,174,68,1997-04-19,CM,75,275,12
3038,Miguel Lopes,183,83,1986-12-19,CB,75,205,12
3039,Giorgio Altare,190,75,1998-08-09,CB,75,170,7
3040,Jaime Alvarado,180,87,1999-07-26,CDM,75,246,25
3041,Viti Rozada,170,64,1997-09-16,RM,75,65,2
3042,Kikas,177,71,1998-09-17,ST,75,205,12
3043,Lisandro Alzugaray,176,69,1990-04-17,RM,75,162,8
3044,Jordan Amavi,176,70,1994-03-09,LB,75,80,1
3045,Aurèle Amenda,194,90,2003-07-31,CB,75,49,16
3046,Oleksandr Andrievskyi,179,75,1994-06-25,CDM,75,112,26
3047,Fabrizio Angileri,185,73,1994-03-15,LB,75,63,8
3048,Giorgi Arabidze,173,68,,RW,75,167,23
3049,Carlos Arboleda,173,64,1991-01-24,LM,75,276,39
3050,Jorge Arias,182,75,1992-11-13,CB,75,148,25
3051,José Arnáiz,173,69,1995-04-15,LM,75,81,2
3052,Paul Arriola,168,66,1995-02-05,RM,75,118,36
3053,Dixon Arroyo,179,77,1992-06-01,CDM,75,157,39
3054,Zoran Arsenić,187,75,1994-06-02,CB,75,216,19
3055,Gastón Ávila,182,75,2001-09-30,CB,75,72,8
3056,Tomás Avilés,186,72,2004-02-03,CB,75,9,8
3057,Chidozie Awaziem,189,77,1997-01-01,CB,75,51,17
3058,Irakli Azarov,179,70,2002-02-21,LB,75,129,23
3059,Volkan Babacan,192,86,1988-08-11,GK,75,138,20
3060,Michael Baidoo,174,70,1999-05-14,CAM,75,254,43
3061,George Baldock,175,67,1993-03-09,RB,75,107,59
3062,Jure Balkovec,185,74,1994-09-09,CB,75,192,15
3063,Fodé Ballo-Touré,182,70,1997-01-03,LB,75,15,61
3064,Abdoulaye Bamba,182,72,1990-04-25,CB,75,204,49
3065,Nicușor Bancu,178,65,1992-09-18,LB,75,218,87
3066,Lucas Barcelos,182,82,1998-07-19,LW,75,200,5
3067,Tai Baribo,181,79,1998-01-15,ST,75,156,90
3068,Alain Baroja,185,80,1989-10-23,GK,75,277,42
3069,Cristian Barrios,163,65,1998-05-19,LM,75,221,25
3070,Cole Bassett,180,67,2001-07-28,CAM,75,196,36
3071,Samuel Bastien,175,75,1996-09-26,CM,75,258,53
3072,Gabriel Batista,188,78,,GK,75,236,5
3073,Bilal Bayazıt,185,76,1999-04-08,GK,75,234,20
3074,Adrian Beck,185,81,1997-06-09,CM,75,145,10
3075,Alejandro Bedoya,178,73,1987-04-29,CM,75,156,36
3076,Jeanuël Belocian,182,73,2005-02-17,CB,75,11,1
3077,Luis Benítes,160,60,1996-07-09,LM,75,269,77
3078,Jorge Benítez,182,80,1992-09-02,ST,75,230,65
3079,Yassine Benrahou,172,68,1999-01-24,CAM,75,75,28
3080,Rubén Bentancourt,184,80,1993-03-02,ST,75,225,14
3081,Berrocal,187,72,1999-12-05,CB,75,63,2
3082,Marcus Bettinelli,193,82,1992-05-24,GK,75,24,4
3083,Giulian Biancone,187,79,,CB,75,99,1
3084,Mateusz Bogusz,175,69,2001-08-22,ST,75,33,13
3085,Emil Bohinen,189,81,1999-03-12,CM,75,121,3
3086,Kevin Bonifazi,187,85,1996-05-19,CB,75,69,7
3087,Taylor Booth,173,66,2001-05-31,RM,75,180,36
3088,Erik Botheim,187,70,2000-01-10,ST,75,207,3
3089,Hugo Boumous,173,72,1995-07-24,CAM,75,278,28
3090,Bilal Boutobba,172,65,1998-08-29,RM,75,210,1
3091,Billal Brahimi,183,73,2000-03-14,RW,75,67,31
3092,Mattijs Branderhorst,192,87,1993-12-31,GK,75,258,9
3093,Claudio Bravo,170,68,1997-03-13,LB,75,115,8
3094,James Bree,178,74,1997-12-11,RB,75,61,4
3095,David Brekalo,186,88,1998-12-03,CB,75,108,15
3096,Abel Bretones,188,79,2000-08-21,LB,75,81,2
3097,Bruno Brígido,187,76,1991-03-09,GK,75,205,5
3098,Fabijan Buntić,194,91,1997-02-24,GK,75,209,19
3099,Maxime Busi,182,78,1999-10-14,RB,75,105,6
3100,Drake Callender,191,88,1997-10-07,GK,75,9,36
3101,Leonardo Campana,187,76,2000-06-24,ST,75,9,39
3102,Ángelo Campos,182,82,1993-04-27,GK,75,172,77
3103,Mateo Carabajal,179,72,1997-02-21,CB,75,176,8
3104,Jofre,175,70,2001-06-17,RM,75,127,2
3105,Martim Neto,181,75,2003-01-14,CM,75,160,12
3106,José Carvallo,180,83,1986-03-01,GK,75,265,77
3107,Štěpán Chaloupek,188,82,,CB,75,98,45
3108,Dylan Chambost,177,70,1997-08-19,CM,75,102,1
3109,Eder Chaux,189,75,1991-12-20,GK,75,246,25
3110,Pep Chavarría,174,72,1998-04-10,LB,75,60,2
3111,Ignacio Chicco,184,86,1996-06-30,GK,75,186,8
3112,Steve Clark,188,86,1986-04-14,GK,75,103,36
3113,Leighton Clarkson,175,66,2001-10-19,CM,75,266,4
3114,Jairo Concha,175,69,1999-05-27,CM,75,249,77
3115,Leo Cordeiro,174,67,1995-09-27,CM,75,205,5
3116,Óscar Cortés,178,76,2003-12-03,LM,75,113,25
3117,Aldo Corzo,173,75,1989-05-20,CB,75,249,77
3118,Pedro Álvaro,186,88,2000-03-02,CB,75,171,12
3119,Luís Silva,185,75,,CM,75,261,12
3120,Tanguy Coulibaly,179,78,2001-02-18,LM,75,76,1
3121,Matt Crooks,192,80,1994-01-20,CAM,75,94,4
3122,William Cuesta,195,87,1993-02-19,GK,75,212,25
3123,Rui Pedro,182,75,1998-03-20,ST,75,210,12
3124,Damian Dąbrowski,182,81,1992-08-27,CDM,75,279,13
3125,Mats Møller Dæhli,172,70,1995-03-02,CAM,75,163,3
3126,Johan Dahlin,192,94,1986-09-08,GK,75,207,22
3127,Kryštof Daněk,182,68,,RW,75,96,45
3128,Lukas Daschner,182,76,1998-10-01,ST,75,150,10
3129,Marcos André,184,78,1996-10-20,ST,75,120,5
3130,Madson,164,54,1999-08-26,RM,75,183,5
3131,Fisayo Dele-Bashiru,186,80,2001-02-06,CAM,75,37,17
3132,Raffaele Di Gennaro,188,80,1993-10-03,GK,75,7,7
3133,Davide Diaw,191,78,1992-01-06,ST,75,90,7
3134,Juan Cruz,177,72,2000-04-25,LM,75,86,2
3135,Sokratis Dioudis,189,77,1993-02-03,GK,75,169,59
3136,Carlos Domínguez,187,71,2001-02-11,CB,75,25,2
3137,Álex Domínguez,186,82,1998-07-30,GK,75,110,2
3138,Doo Hyun Seok,169,65,1995-12-21,RB,75,264,18
3139,Daniel Penha,170,68,1998-10-17,CAM,75,275,5
3140,Couhaib Driouech,175,64,2002-04-17,LW,75,54,28
3141,Milan Đurić,198,94,1990-05-22,ST,75,90,41
3142,Serdar Dursun,190,80,1991-10-19,ST,75,192,20
3143,Samuel Edozie,181,71,2003-01-28,LW,75,61,4
3144,Victor Edvardsen,185,86,1996-01-14,ST,75,280,22
3145,Johannes Eggestein,183,75,1998-05-08,ST,75,191,10
3146,İrfan Can Eğribayat,193,79,1998-06-30,GK,75,31,20
3147,Kingsley Ehizibue,189,78,1995-05-25,RM,75,155,17
3148,Albin Ekdal,186,82,1989-07-28,CDM,75,208,22
3149,Caleb Ekuban,182,80,1994-03-23,ST,75,121,43
3150,Oussama El Azzouzi,189,75,2001-05-29,CDM,75,56,28
3151,Oualid El Hajjam,181,72,1991-02-19,RB,75,161,28
3152,Farid El Melali,168,65,1997-05-05,LM,75,204,31
3153,Omar Elabdellaoui,179,74,1991-12-05,RB,75,133,3
3154,Juan Elordi,176,70,1994-08-21,LB,75,128,8
3155,Yannik Engelhardt,184,74,2001-02-07,CDM,75,50,10
3156,Ramiro Enrique,171,68,2001-05-04,ST,75,108,8
3157,Yusuf Erdoğan,171,64,1992-08-07,RM,75,142,20
3158,Caner Erkin,181,72,,LB,75,198,20
3159,Patrick Erras,196,90,1995-01-21,CB,75,190,10
3160,Matías Espinoza,179,82,1997-08-19,LB,75,199,65
3161,Michael Estrada,187,78,1996-04-07,ST,75,162,39
3162,Nené,187,66,1995-06-10,CM,75,240,12
3163,Alieu Fadera,186,80,2001-11-03,LM,75,50,91
3164,Diego Fagundez,173,64,1995-02-14,LM,75,109,14
3165,José Fajardo,180,69,1993-08-18,ST,75,184,93
3166,Maximiliano Falcón,179,80,1997-05-01,CB,75,182,14
3167,Wuilker Faríñez,180,74,1998-02-15,GK,75,281,42
3168,Sebastián Ferreira,180,78,1998-02-13,ST,75,103,65
3169,Kiril Fesiun,191,80,,GK,75,129,26
3170,Bård Finne,173,70,1995-02-13,ST,75,282,3
3171,Lamine Fomba,188,68,1998-01-26,CDM,75,153,1
3172,Carlos Forbs,169,58,2004-03-19,LW,75,79,12
3173,Bartol Franjić,186,77,2000-01-14,CDM,75,129,19
3174,Christian Früchtl,193,88,2000-01-28,GK,75,69,10
3175,Nahuel Furtado,168,63,1998-03-20,RB,75,283,14
3176,Samuel Galindo,190,70,1992-04-18,CM,75,284,98
3177,Jonathan Galván,180,81,1992-06-25,CB,75,173,8
3178,Cristian Gamboa,175,70,1989-10-24,RB,75,150,102
3179,Damián García,177,74,2003-07-15,CDM,75,140,14
3180,Diego García,185,75,2000-04-18,ST,75,86,2
3181,Imanol,177,63,2000-08-08,LB,75,96,2
3182,Denis Genreau,175,75,1999-05-21,CM,75,110,71
3183,Lautaro Giaccone,172,71,2001-02-01,RM,75,135,8
3184,Leonardo Gil,176,74,1991-05-31,CM,75,182,8
3185,Gastón Giménez,188,82,1991-07-27,CDM,75,137,65
3186,Daniel Giraldo,178,77,1992-07-01,CDM,75,148,25
3187,Federico Girotti,190,84,1999-06-02,ST,75,143,8
3188,Erik Godoy,185,79,1993-08-16,CB,75,173,8
3189,Aníbal Godoy,183,82,1990-02-10,CDM,75,89,93
3190,Gastón Gómez,190,99,1996-03-04,GK,75,134,8
3191,Andrés Gómez,172,61,2002-09-22,RM,75,101,25
3192,Josué Sá,187,79,1992-06-17,CB,75,159,12
3193,Zeca,182,67,1988-08-31,CDM,75,107,59
3194,Dominik Greif,197,82,1997-04-06,GK,75,44,44
3195,Fredrik Gulbrandsen,176,74,1992-09-10,ST,75,163,3
3196,Semih Güler,188,85,1994-11-30,CB,75,174,20
3197,Jostein Gundersen,186,82,1996-04-02,CB,75,133,3
3198,Simon Gustafson,185,80,1995-01-11,CDM,75,197,22
3199,Kevin Gutiérrez,168,65,1997-06-03,CDM,75,232,8
3200,Christian Gytkjær,185,77,1990-05-06,ST,75,170,32
3201,Nikita Haikin,185,74,1995-07-11,GK,75,133,47
3202,Han Kook Young,183,76,1990-04-19,CDM,75,243,18
3203,Ridgeciano Haps,175,66,1993-06-12,LM,75,170,79
3204,Kristoffer Haugen,188,77,1994-02-21,LB,75,163,3
3205,Simon Hedlund,173,66,1993-03-11,RW,75,254,22
3206,Liam Henderson,183,76,1996-04-25,CM,75,139,24
3207,Markus Henriksen,187,85,1992-07-25,CM,75,252,3
3208,Lucas Áfrico,185,79,,CB,75,227,5
3209,Diego Herazo,180,81,1996-04-14,ST,75,225,25
3210,Leonardo Heredia,185,79,1996-01-11,ST,75,173,8
3211,Lucas Hernández,175,81,1992-08-05,LB,75,140,14
3212,Mees Hoedemakers,181,75,1998-02-18,CDM,75,151,9
3213,Carlo Holse,177,68,1999-06-02,RM,75,201,32
3214,Mathias Honsak,188,83,1996-12-20,LM,75,145,21
3215,Michael Hoyos,181,76,1991-08-02,ST,75,176,8
3216,Jakub Hromada,180,76,1996-05-25,CDM,75,285,44
3217,Valber Huerta,185,77,1993-08-26,CB,75,202,74
3218,Pablo Ibáñez,179,74,1998-09-20,CM,75,81,2
3219,George Ilenikhena,185,76,2006-08-16,ST,75,57,1
3220,Robin Jansson,188,87,1991-11-15,CB,75,108,22
3221,Danley Jean Jacques,182,72,2000-05-20,CDM,75,156,103
3222,Jeong Jae Hee,174,70,1994-04-28,RM,75,154,18
3223,Marco John,184,73,2002-04-02,LB,75,42,10
3224,Sean Johnson,190,98,1989-05-31,GK,75,104,36
3225,Stanko Jurić,188,82,1996-08-16,CDM,75,120,19
3226,Mohamed Kaba,185,78,2001-10-27,CDM,75,69,1
3227,Vladyslav Kabaev,176,55,1995-09-01,LM,75,112,26
3228,Brian Kaltak,180,84,1993-09-30,CB,75,286,108
3229,Jesper Karlström,182,81,1995-06-21,CDM,75,155,22
3230,Mikkel Kaufmann,190,90,2001-01-03,ST,75,145,32
3231,Kim Hyeon Ug,160,61,,RW,75,194,18
3232,Stephen Kingsley,178,77,1994-07-23,CB,75,175,24
3233,László Kleinheisler,173,70,1994-04-08,CAM,75,107,35
3234,Viktor Kovalenko,182,76,1996-02-14,CM,75,43,26
3235,Joris Kramer,187,76,1996-08-02,CB,75,280,9
3236,Ermal Krasniqi,188,78,1998-09-07,LW,75,96,58
3237,Thomas Thiesson Kristensen,198,85,2002-01-17,CB,75,155,32
3238,Yuya Kubo,178,73,1993-12-24,CM,75,51,48
3239,Fredy,170,68,,CM,75,239,70
3240,Larrazabal,180,78,1997-12-17,RM,75,158,2
3241,Johan Larsson,182,75,1990-05-05,RB,75,254,22
3242,Julien Le Cardinal,184,74,1997-08-03,CB,75,80,1
3243,Lee Gyu Seong,174,68,1994-05-10,CDM,75,167,18
3244,Lee Soon Min,177,70,1994-05-22,CM,75,194,18
3245,Donovan Léon,187,94,1992-11-03,GK,75,178,1
3246,Brayan León,175,68,2000-10-19,ST,75,246,25
3247,Gastón Lezcano,170,67,1986-11-21,ST,75,272,8
3248,Lim Chai Min,188,82,1990-11-18,CB,75,255,18
3249,Pablo Lima,181,76,1990-08-19,CDM,75,246,14
3250,Luquinhas,170,60,,CAM,75,267,5
3251,Andreas Linde,196,93,1993-07-24,GK,75,197,22
3252,Leandro Andrade,176,70,,RW,75,209,89
3253,Marcos Lliuya,168,73,1992-03-27,CAM,75,269,77
3254,Daniel Londoño,185,82,1995-01-01,LB,75,246,25
3255,Kevin Long,188,83,1990-08-18,CB,75,104,76
3256,Aaron Long,188,79,1992-10-12,CB,75,33,36
3257,Santiago Longo,173,70,1998-04-12,CDM,75,186,8
3258,Pedro Pereira,185,72,1998-01-22,RM,75,90,12
3259,Julián López,186,75,2000-01-08,CDM,75,232,8
3260,Javi López,183,75,2002-03-25,LB,75,28,2
3261,Leandro Lozano,169,70,1998-12-19,RB,75,225,14
3262,Pol Lozano,177,62,1999-10-06,CDM,75,127,2
3263,Joe Lumley,191,73,1995-02-15,GK,75,61,4
3264,André Ferreira,193,79,1996-05-29,GK,75,120,12
3265,Zinédine Machach,185,77,1996-01-05,CAM,75,287,1
3266,Seiya Maikuma,178,68,,RB,75,82,48
3267,Jordy Makengo,190,79,2001-08-03,LB,75,45,1
3268,Dominik Marczuk,177,74,2003-11-01,RM,75,94,13
3269,Matías Marín,169,71,1999-12-19,CAM,75,186,74
3270,Alejandro Marqués,189,76,2000-08-04,ST,75,171,42
3271,Agustín Martegani,183,74,2000-05-20,CM,75,111,8
3272,Cris Martínez,170,70,1993-04-24,LW,75,219,65
3273,Alejandro Martínez,170,67,1997-07-12,LW,75,143,8
3274,Braian Martínez,170,77,1999-08-18,LM,75,233,8
3275,Javi Martínez,181,71,1999-12-22,CM,75,81,2
3276,Pedro Santos,178,76,1988-04-22,LB,75,181,12
3277,Chrislain Matsima,193,80,2002-05-15,CB,75,141,1
3278,Brice Maubleu,192,83,1989-12-01,GK,75,153,1
3279,James McAtee,180,72,2002-10-18,RW,75,2,4
3280,Jamie McGrath,175,71,1996-09-30,RM,75,266,76
3281,Jakov Medić,193,91,1998-09-07,CB,75,150,19
3282,Jeison Medina,180,74,,ST,75,176,25
3283,Luis Mejía,193,81,1991-03-16,GK,75,225,93
3284,Dario Melnjak,179,73,1992-10-31,LB,75,75,19
3285,Gideon Mensah,178,64,1998-07-18,LB,75,178,43
3286,John Mercado,186,74,,LW,75,261,39
3287,Karol Mets,191,82,1993-05-16,CB,75,191,109
3288,Eric Meza,175,73,1999-04-08,RB,75,130,8
3289,Enea Mihaj,186,81,1998-07-05,CB,75,152,66
3290,Pedro Milans,171,67,2002-03-24,RB,75,140,14
3291,Lucas Mincarelli,180,65,2004-01-05,LB,75,76,1
3292,Ignacio Miramón,179,74,2003-06-12,CDM,75,111,8
3293,Gerasimos Mitoglou,195,88,1999-10-20,CB,75,88,59
3294,Koji Miyoshi,167,62,1997-03-26,RM,75,150,48
3295,Brede Mathias Moe,184,80,1991-12-15,CB,75,133,3
3296,Sadegh Moharrami,174,71,1996-03-01,RB,75,125,60
3297,Thomas Monconduit,184,83,1991-02-10,CDM,75,153,1
3298,Weverson,185,69,2000-07-05,LB,75,165,5
3299,Jorge Morel,184,80,1998-01-22,CB,75,185,65
3300,Didier Moreno,179,78,1991-09-15,CDM,75,132,25
3301,Yerson Mosquera,188,84,2001-05-02,CB,75,79,25
3302,Daniel Mosquera,181,85,,ST,75,122,25
3303,Santiago Mouriño,183,76,2002-02-13,CB,75,106,14
3304,Abdul Mumin,188,79,1998-06-06,CB,75,60,43
3305,Rúben Vinagre,174,66,1999-04-09,LB,75,267,12
3306,Maik Nawrocki,185,75,2001-02-07,CB,75,77,13
3307,Abdoulaye Ndiaye,185,75,2002-04-10,CB,75,80,61
3308,Andreas Ndoj,190,84,,CB,75,99,59
3309,Dieumerci Ndongala,170,59,1991-06-14,RM,75,206,53
3310,Sean Nealis,194,79,1997-01-13,CB,75,83,36
3311,Franco Negri,174,76,1995-02-20,LB,75,9,8
3312,Kiki,181,76,,LB,75,261,12
3313,Joe Newell,185,71,1993-03-15,CM,75,257,4
3314,Juan Nieto,178,74,1993-02-25,CM,75,212,25
3315,Dan Nistor,174,74,1988-05-06,CAM,75,288,87
3316,Rúben Vezo,183,80,,CB,75,99,12
3317,Christoffer Nyman,185,82,1992-10-05,ST,75,241,22
3318,Braian Ojeda,173,68,2000-06-27,CDM,75,94,65
3319,Lucas Rosa,177,73,2000-04-03,RB,75,120,5
3320,Ado Onaiwu,180,75,1995-11-08,ST,75,178,48
3321,Kevin Ortiz,176,70,2000-09-18,CDM,75,135,8
3322,José Ortíz,179,78,1998-11-16,CB,75,246,25
3323,Amine Oudrhiri,184,76,1992-11-04,CM,75,160,1
3324,Cenk Özkacar,187,85,2000-10-06,CB,75,120,20
3325,Sergi Palencia,172,68,1996-03-23,RB,75,33,2
3326,Alex Paulsen,193,82,2002-07-04,GK,75,68,83
3327,Leonardo Pavoletti,188,85,1988-11-26,ST,75,119,7
3328,Alisson Safira,185,75,,ST,75,236,5
3329,Felipe Peña Biafore,180,76,2001-04-05,CDM,75,123,8
3330,Rodrigo Pinho,185,80,1991-05-30,ST,75,205,5
3331,Bruno Almeida,172,66,,CAM,75,236,12
3332,Léo Pétrot,188,81,1997-04-15,LB,75,153,1
3333,Benedikt Pichler,188,88,1997-07-20,ST,75,190,21
3334,Samuel Piette,171,79,1994-11-12,CDM,75,235,40
3335,Ezequiel Piovi,168,68,1992-08-20,CDM,75,162,8
3336,Iván Piris,173,75,1989-03-10,RB,75,199,65
3337,Robert Piris Da Motta,180,80,1994-07-26,CDM,75,185,65
3338,Matt Polster,183,77,1993-06-08,CDM,75,85,36
3339,Finn Porath,180,72,1997-02-23,RM,75,190,10
3340,Adonis Preciado,175,72,1997-03-23,RM,75,157,39
3341,Ivan Prtajin,189,89,1996-05-14,ST,75,92,19
3342,Tymoteusz Puchacz,180,81,1999-01-23,LB,75,190,13
3343,Afimico Pululu,175,80,1999-03-23,ST,75,240,70
3344,Julián Quiñónes,195,85,1989-11-05,CB,75,212,25
3345,Leonel Quiñonez,180,76,1993-07-03,LB,75,162,39
3346,Miguel Nóbrega,190,84,2000-04-14,CB,75,160,12
3347,Ylber Ramadani,185,72,1996-04-12,CDM,75,69,66
3348,Jesús Ramírez,184,76,,ST,75,144,42
3349,Benito,179,70,1995-07-11,LB,75,65,2
3350,Federico Ravaglia,191,75,1999-11-11,GK,75,56,7
3351,Abderrahman Rebbach,176,72,1998-08-11,LM,75,106,31
3352,Bryan Reyna,171,66,1998-08-23,LM,75,186,77
3353,César Rigamonti,188,76,1987-04-07,GK,75,270,8
3354,Williams Riveros,186,84,1992-11-20,CB,75,249,65
3355,Nuno Moreira,175,66,1999-06-16,RM,75,158,12
3356,Santiago Rodríguez,171,73,1997-08-23,ST,75,173,8
3357,Baltasar Rodríguez,173,64,2003-07-09,CAM,75,128,8
3358,Alan Rodríguez,174,70,2000-08-15,LB,75,135,65
3359,Diego Rodríguez,169,67,1989-09-04,CDM,75,289,14
3360,Taras Romanczuk,186,77,1991-11-14,CDM,75,240,13
3361,Santiago Romero,176,75,1990-02-15,CDM,75,262,14
3362,Keegan Rosenberry,173,73,1993-12-11,RB,75,196,36
3363,Loreintz Rosier,191,82,1998-08-14,CDM,75,258,1
3364,Pablo Ruiz,172,68,1998-12-20,CDM,75,94,8
3365,Ramiro Ruiz Rodríguez,185,75,2000-03-21,ST,75,143,8
3366,Stefano Sabelli,176,70,1993-01-13,RB,75,121,7
3367,Saborit,186,72,,LB,75,169,2
3368,Michal Sáček,178,72,1996-09-19,RB,75,240,45
3369,Marco Sala,182,72,1999-06-04,LB,75,50,7
3370,Ibrahim Salah,186,70,2001-08-30,ST,75,80,28
3371,Anton Salétros,183,73,1996-04-12,CM,75,290,22
3372,Tobias Salquist,190,85,1995-05-18,CB,75,137,32
3373,Braian Samudio,182,80,,LM,75,242,65
3374,Adrián,190,80,1987-01-03,GK,75,41,2
3375,Diego Sánchez,184,91,1987-05-08,GK,75,259,74
3376,Salvi Sánchez,175,64,1991-03-30,RM,75,127,2
3377,Agustín Sández,181,78,2001-01-16,LB,75,135,8
3378,Kevin,176,68,2003-01-04,LW,75,129,5
3379,Rúben Fernandes,187,81,1986-05-06,CB,75,159,12
3380,Carlos Ponck,183,84,1995-01-13,CB,75,183,89
3381,Zvonimir Šarlija,189,85,1996-08-29,CB,75,75,19
3382,Bruno Sávio,184,70,1994-08-01,RW,75,213,5
3383,Rasmus Schüller,177,67,1991-06-18,CDM,75,208,29
3384,Patrick Schulte,193,79,2001-03-13,GK,75,102,36
3385,Alexander Schwolow,190,84,1992-06-02,GK,75,92,10
3386,Léo Scienza,173,69,1998-09-13,LM,75,145,5
3387,Marvin Senaya,179,65,2001-01-28,RB,75,91,1
3388,Leonardo Sequeira,177,74,1995-04-26,ST,75,140,8
3389,Gaspar Servio,185,86,1992-03-09,GK,75,291,8
3390,Ilya Shkurin,188,80,1999-08-17,ST,75,292,110
3391,Kaj Sierhuis,180,83,1998-04-27,ST,75,258,9
3392,Manu Silva,189,83,2001-06-12,CB,75,144,12
3393,Gabriel Silva,177,78,,RM,75,236,5
3394,Lassine Sinayoko,186,81,1999-12-08,RM,75,178,54
3395,Bartosz Slisz,180,76,1999-03-29,CM,75,229,13
3396,Rafa Soares,177,72,1995-05-09,LB,75,152,12
3397,Lucas Soares,174,64,,RB,75,236,5
3398,Eduard Sobol,186,73,1995-04-20,LB,75,91,26
3399,Markus Solbakken,182,70,2000-07-25,CM,75,96,3
3400,Luca Sosa,179,77,1994-06-11,CB,75,157,8
3401,Alexis Soto,176,75,1993-10-20,LB,75,232,8
3402,Arnaud Souquet,179,74,1992-02-12,RB,75,137,1
3403,Dario Špikić,183,79,1999-03-22,RW,75,125,19
3404,Filip Stanković,187,79,2002-02-25,GK,75,170,30
3405,Marius Ștefănescu,173,66,1998-08-14,RM,75,224,87
3406,Petar Sučić,183,76,2003-10-25,CM,75,125,19
3407,Adrian Șut,186,77,1999-04-30,CDM,75,224,87
3408,Stratos Svarnas,183,76,1997-11-11,CB,75,216,59
3409,Oleksandr Svatok,186,78,1994-09-27,CB,75,116,26
3410,Williot Swedberg,185,75,2004-02-01,CM,75,25,22
3411,Panagiotis Tachtsidis,191,90,1991-02-15,CDM,75,293,59
3412,Adam Taggart,183,69,1993-06-02,ST,75,294,71
3413,Benjamin Tahirović,191,77,2003-03-09,CDM,75,72,41
3414,Ștefan Târnovanu,197,87,2000-05-09,GK,75,224,87
3415,Loum Tchaouna,180,67,2003-09-08,RW,75,37,1
3416,Enzo Tchato,182,75,2002-11-23,RB,75,76,34
3417,Sergio Tejera,180,75,,CDM,75,206,2
3418,Tiago Orobó,190,75,1993-10-28,ST,75,243,5
3419,Anton Tinnerholm,176,75,1991-02-26,RB,75,207,22
3420,Umut Tohumcu,175,71,2004-08-11,CAM,75,42,10
3421,John Tolkin,170,61,2002-07-31,LB,75,83,36
3422,Mirko Topić,190,84,2001-02-05,CDM,75,152,30
3423,Marlon Torres,180,70,1996-04-17,CB,75,212,25
3424,Ahmed Touba,190,81,1998-03-13,CB,75,138,31
3425,Enrique Triverio,183,82,1988-12-31,ST,75,253,8
3426,Alexis Trouillet,175,65,,CM,75,107,1
3427,Ignace Van der Brempt,187,76,2002-04-01,RB,75,50,6
3428,Rick van Drongelen,187,85,1998-12-20,CB,75,201,9
3429,Stijn van Gassel,186,81,1996-10-18,GK,75,151,9
3430,Nikola Vasilj,193,89,1995-12-02,GK,75,191,41
3431,Jesús Vázquez,172,73,2003-01-02,LB,75,22,2
3432,Stefano Vecchia,182,80,1995-01-23,LM,75,207,22
3433,Stiven Vega,178,70,1998-05-22,CDM,75,148,25
3434,Ranko Veselinović,190,77,1999-03-24,CB,75,100,30
3435,Joel Pereira,178,73,1996-09-28,RB,75,251,12
3436,Alex Vigo,175,74,1999-04-28,RB,75,143,8
3437,Güray Vural,177,65,1988-06-11,LB,75,242,20
3438,Robert Wagner,181,80,2003-07-14,CM,75,191,10
3439,Sebastian Walukiewicz,188,85,2000-04-05,CB,75,40,13
3440,Brice Wembangomo,180,75,1996-12-18,RB,75,133,3
3441,Joe Willis,196,84,1988-08-10,GK,75,89,36
3442,David Møller Wolfe,185,78,2002-04-23,LB,75,82,3
3443,Won Du Jae,187,83,,CDM,75,167,18
3444,Güven Yalçın,184,77,1999-01-18,ST,75,165,20
3445,Kenan Yıldız,185,75,2005-05-04,LW,75,19,20
3446,Yuri,185,78,1998-06-12,ST,75,255,5
3447,Mihael Žaper,188,75,1998-08-11,CDM,75,75,19
3448,Gabriele Zappa,183,78,1999-12-22,RB,75,119,7
3449,Oskar Zawada,192,87,1996-02-01,ST,75,295,13
3450,Nadir Zortea,175,70,1999-06-19,RB,75,119,7
3451,Abdellah Zoubir,180,75,,LW,75,209,1
3452,Paxten Aaronson,175,63,2003-08-26,CAM,74,180,36
3453,Afonso Freitas,181,73,2000-04-07,LB,74,275,12
3454,Aceves,190,85,2003-07-26,GK,74,120,2
3455,Sam Adekugbe,175,74,1995-01-16,LB,74,100,40
3456,Arijan Ademi,183,79,1991-05-29,CM,74,125,62
3457,Shawn Adewoye,181,81,2000-06-29,CB,74,258,6
3458,Saad Agouzoul,192,75,1997-08-10,CB,74,178,28
3459,Alan Aguerre,181,76,1990-08-23,GK,74,123,8
3460,Pablo Aguilar,178,74,1987-04-02,CB,74,230,65
3461,Naouirou Ahamada,183,73,2002-03-29,CM,74,101,1
3462,Youssef Aït Bennasser,184,74,1996-07-07,CDM,74,201,28
3463,Arlind Ajeti,184,83,1993-09-25,CB,74,293,66
3464,Samet Akaydın,190,82,1994-03-13,CB,74,31,20
3465,Babajide David Akintola,180,74,1996-01-13,RM,74,189,17
3466,Faride Alidou,186,84,2001-07-18,RM,74,122,10
3467,Rasmus Alm,174,70,1995-08-17,RM,74,97,22
3468,Skelly Alvero,202,93,2002-05-04,CDM,74,117,1
3469,Antony,178,66,2001-09-08,LM,74,115,5
3470,Emiliano Amor,188,80,1995-05-16,CB,74,182,8
3471,Magnus Kofod Andersen,170,64,1999-05-10,CM,74,170,32
3472,Anderson Angulo,188,80,1996-07-01,CB,74,212,25
3473,Álvaro Angulo,177,68,1997-03-06,LB,74,124,25
3474,Iván Angulo,170,66,1999-03-22,LM,74,108,25
3475,Oliver Antman,185,75,2001-08-15,RW,74,280,29
3476,Alejandro Araque,180,80,1995-09-14,GK,74,296,42
3477,César Araújo,178,69,2001-04-02,CDM,74,108,14
3478,Bright Akwo Arrey-Mbi,187,80,2003-03-26,CB,74,52,10
3479,Jasir Asani,179,62,1995-05-19,RM,74,264,66
3480,Carlos Ascues,187,82,1992-06-19,CB,74,265,77
3481,Gustavo Assunção,178,70,2000-03-30,CDM,74,152,5
3482,Florian Ayé,184,80,1997-01-19,ST,74,178,1
3483,Paulo Azzi,188,80,1994-07-15,LB,74,119,5
3484,Miguel Baeza,177,76,2000-03-27,RW,74,275,2
3485,Jonas Bager,182,79,1996-07-18,CB,74,297,32
3486,Theo Bair,191,96,1999-08-27,ST,74,178,40
3487,Sinan Bakış,186,73,1994-04-22,ST,74,248,20
3488,Bünyamin Balcı,173,69,2000-05-31,RB,74,242,20
3489,Josepmir Ballón,180,80,1988-03-21,CDM,74,265,77
3490,Botond Balogh,189,77,2002-06-06,CB,74,131,35
3491,Alexandru Băluță,166,67,1993-09-13,RW,74,224,87
3492,Tudor Băluță,192,80,1999-03-27,CDM,74,298,87
3493,Funsho Bamgboye,173,67,1999-01-09,RM,74,210,17
3494,Dani Silva,180,73,2000-04-11,CM,74,122,12
3495,Fran Vieites,196,88,1999-05-07,GK,74,41,2
3496,Antonio Bareiro,167,67,1989-04-24,RM,74,199,65
3497,Filipe Soares,180,72,1999-05-20,CM,74,227,12
3498,Thierno Barry,195,82,2002-10-21,ST,74,35,1
3499,Bruno Barticciotto,176,73,2001-05-07,ST,74,143,74
3500,Daniele Baselli,182,75,1992-03-12,CM,74,50,7
3501,Amine Bassi,173,69,1997-11-27,CAM,74,103,28
3502,El Fardou Ben,174,74,1989-06-10,RW,74,206,111
3503,Mortadha Ben Ouanes,182,75,1994-07-02,LB,74,187,51
3504,Jonathan Benítez,178,77,1991-09-04,LM,74,270,8
3505,Oliver Berg,178,74,1993-08-28,CAM,74,207,3
3506,Veton Berisha,175,75,1994-04-13,ST,74,163,3
3507,Álex Bermejo,183,76,1998-12-11,LM,74,227,2
3508,Maxime Bernauer,186,77,1998-07-01,CB,74,125,1
3509,Léider Berrío,172,68,1998-06-07,CM,74,132,25
3510,Miha Blažič,185,78,1993-05-08,CB,74,251,15
3511,Augustine Boakye,178,70,2000-11-03,RM,74,153,43
3512,Matchoi Djaló,175,68,,RW,74,138,12
3513,Enrique Bologna,188,89,1982-02-13,GK,74,232,8
3514,Brandon Borrello,178,79,1995-07-25,ST,74,299,71
3515,Badredine Bouanani,177,68,2004-12-08,RW,74,67,31
3516,Michael Boxall,188,91,1988-08-18,CB,74,168,83
3517,Liam Boyce,184,75,1991-04-08,ST,74,175,85
3518,Tyler Boyd,183,66,1994-12-30,LM,74,89,36
3519,Can Bozdoğan,175,72,2001-04-05,CM,74,180,10
3520,Domagoj Bradarić,178,69,1999-12-10,LM,74,122,19
3521,João Figueiredo,180,74,1996-05-27,ST,74,138,5
3522,Tim Breithaupt,186,70,2002-02-07,CDM,74,141,10
3523,Marco Brescianini,188,80,2000-01-20,CM,74,43,7
3524,Benny,176,72,2000-03-27,CAM,74,183,12
3525,Sebastián Britos,190,87,1988-01-02,GK,74,249,14
3526,Andrew Brody,178,61,1995-05-03,RB,74,94,36
3527,Moritz Broschinski,190,80,2000-09-23,ST,74,150,10
3528,Michael Brouwer,189,81,1993-01-21,GK,74,180,9
3529,Nathaniel Brown,180,60,2003-06-16,LB,74,49,10
3530,Ola Brynhildsen,175,70,1999-04-27,ST,74,163,3
3531,Onur Bulut,179,80,1994-04-16,RB,74,32,20
3532,Borisav Burmaz,185,75,2001-04-21,ST,74,285,30
3533,Nathan Byrne,180,84,1992-06-05,RB,74,179,4
3534,Nelson Cabanillas,171,76,2000-08-02,LM,74,249,77
3535,Luis Adrián Caicedo,187,90,1997-09-24,CB,74,277,39
3536,Horacio Calcaterra,176,71,1989-02-22,CM,74,249,77
3537,Diego Callai,190,88,,GK,74,26,5
3538,Gastón Campi,193,83,1991-04-06,CB,74,134,8
3539,Andrea Carboni,187,80,2001-02-04,CB,74,90,7
3540,Ángel Cardozo Lucena,168,70,1994-10-19,CM,74,199,65
3541,Graham Carey,183,69,1989-05-20,CM,74,300,76
3542,Bryan Carrasco,172,71,1991-01-31,RM,74,270,74
3543,Carreira,170,67,2000-10-13,RB,74,25,2
3544,Wilder Cartagena,180,77,1994-09-23,CDM,74,108,77
3545,Pedro Santos,174,61,2000-10-12,CM,74,165,12
3546,Gonzalo Castellani,183,75,1987-08-10,CM,74,182,8
3547,Joan Castro,175,70,1997-01-13,RB,74,124,25
3548,Pablo Ceppelini,178,75,1991-09-11,CAM,74,124,14
3549,Ezequiel Cerutti,169,70,1992-01-17,RW,74,134,8
3550,Anastasios Chatzigiovanis,175,62,1997-05-31,LM,74,198,59
3551,Juan Camilo Chaverra,185,75,1992-12-12,GK,74,212,25
3552,Andrés Chávez,185,97,1991-03-21,ST,74,259,8
3553,Kacper Chodyna,176,68,1999-05-24,RM,74,267,13
3554,Choi Kyoung Rok,176,68,1995-03-15,CM,74,264,18
3555,Diego Churín,187,87,1989-12-01,ST,74,185,8
3556,Seydouba Cisse,179,72,2001-02-10,CM,74,86,27
3557,Harry Clarke,180,80,2001-03-02,RB,74,126,4
3558,João Aurélio,182,74,,RB,74,275,12
3559,Valentin Cojocaru,195,89,1995-10-01,GK,74,188,87
3560,Enis Çokaj,176,69,,CDM,74,107,66
3561,Marcos Paulo,186,75,2001-02-01,LM,74,10,12
3562,Tomás Silva,172,64,1999-10-15,RB,74,240,12
3563,Maurice Cova,173,64,1992-08-11,CM,74,296,42
3564,Sebastián Cristóforo,175,68,1993-08-23,CDM,74,140,14
3565,Mauricio Cuero,178,83,1993-01-28,RM,74,301,25
3566,Jason Cummings,178,63,1995-08-01,ST,74,302,71
3567,Pastor,176,78,2000-02-20,RB,74,227,5
3568,Jhamir D'Arrigo,170,70,1999-11-15,RW,74,172,77
3569,Chico,186,92,1995-05-05,ST,74,185,5
3570,Charles,186,80,1994-02-04,GK,74,144,5
3571,Willyan,170,69,1994-02-17,LM,74,166,5
3572,Jefté,183,76,2003-12-21,LB,74,113,5
3573,Colin Dagba,170,62,1998-09-09,RB,74,5,1
3574,Samuel Dahl,171,72,2003-03-04,LB,74,14,22
3575,Sean Davis,183,75,1993-02-08,CDM,74,89,36
3576,André Geraldes,180,70,1991-05-02,RB,74,158,12
3577,Matheus Silva,182,73,,RB,74,209,5
3578,Jonathan de Guzmán,173,70,1987-09-13,CM,74,149,9
3579,Justin de Haas,194,87,2000-02-01,CB,74,152,9
3580,De La Hoz,179,75,1992-03-30,CDM,74,120,2
3581,Arthur,174,69,2003-03-01,RB,74,11,5
3582,Deivid Washington,187,73,2005-06-05,ST,74,24,5
3583,Ciprian Deac,177,74,1986-02-16,CM,74,293,87
3584,Alessandro Deiola,189,85,1995-08-01,CM,74,119,7
3585,Matías Di Benedetto,184,81,1992-11-19,CB,74,249,8
3586,Ismaël Chester Diallo,178,74,1997-01-29,LB,74,75,49
3587,Adrián Diéguez,187,78,1996-02-04,CB,74,240,2
3588,Mitchell Dijks,194,92,1993-02-09,LB,74,258,9
3589,Landry Dimata,185,81,1997-09-01,ST,74,201,6
3590,Assane Dioussé,175,68,1997-09-20,CDM,74,178,61
3591,Pablo Roberto,183,75,1999-11-14,CM,74,158,5
3592,Oliver Valaker Edvardsen,175,63,1999-03-19,LM,74,280,3
3593,Mike Eerdhuijzen,194,83,2000-07-13,CB,74,149,9
3594,Úmaro Embaló,170,62,2001-05-06,LM,74,258,12
3595,Kristian Eriksen,177,74,1995-07-18,CAM,74,163,3
3596,Carlos Esparragoza,178,76,1999-03-06,CM,74,212,25
3597,Stephen Eze,198,96,,CB,74,303,17
3598,Khalil Fayad,172,61,2004-06-09,CM,74,76,28
3599,Mattia Felici,182,68,2001-04-17,LM,74,119,7
3600,Tomané,186,82,1992-10-23,ST,74,227,12
3601,Matías Fernández,172,69,1995-08-14,RB,74,176,74
3602,Cristian Ferreira,175,69,1999-09-12,CM,74,29,8
3603,Nicolás Ferreyra,194,90,1993-03-30,CB,74,304,8
3604,Sondre Fet,178,74,1997-01-17,CM,74,133,3
3605,Luca Fiordilino,178,68,1996-07-25,CDM,74,170,7
3606,Kian Fitz-Jim,174,66,2003-07-05,CM,74,72,9
3607,Sherel Floranus,181,74,1998-08-23,RB,74,217,112
3608,Fontàs,185,89,1989-11-14,CB,74,250,2
3609,Tiago Morais,168,63,2003-09-03,LM,74,160,12
3610,Alan Forrest,176,74,1996-09-09,LM,74,175,24
3611,Jímer Fory,187,81,2002-05-24,LB,74,246,25
3612,Matheus França,184,67,2004-04-01,CAM,74,55,5
3613,Franquesa,174,70,1997-02-26,LB,74,86,2
3614,Jean Franco Fuentes,181,87,1997-02-07,CB,74,305,42
3615,Alessandro Gabrielloni,178,79,1994-07-10,ST,74,50,7
3616,Ruben Gabrielsen,186,87,1992-03-10,CB,74,306,3
3617,Antonio Galeano,170,70,2000-03-22,RW,74,225,65
3618,Diego García,168,64,1996-12-29,LM,74,289,14
3619,Pedro Amaral,178,72,,LB,74,171,12
3620,Daniele Ghilardi,189,80,2003-01-06,CB,74,122,7
3621,Ali Gholizadeh,176,72,1996-03-10,RM,74,251,60
3622,Milton Giménez,184,83,1996-08-12,ST,74,111,8
3623,Justen Glad,183,72,1997-02-28,CB,74,94,36
3624,Mika Godts,176,70,2005-06-07,LW,74,72,6
3625,Wouter Goes,188,73,2004-06-10,CB,74,82,9
3626,Dani Gómez,178,69,1998-07-30,ST,74,22,2
3627,Gastón González,183,81,2001-06-27,LW,74,225,8
3628,Rober,173,63,2001-01-06,RM,74,151,2
3629,Peter,180,71,2002-07-25,RM,74,63,113
3630,Fabio González,176,69,1997-02-12,CDM,74,65,2
3631,Constantin Grameni,179,72,2002-10-23,CM,74,274,87
3632,Samuel Grandsir,170,65,1996-08-14,LM,74,161,1
3633,Fausto Grillo,181,78,1993-02-20,CB,74,184,8
3634,Marc Gual,184,73,1996-03-13,ST,74,267,2
3635,Gwon Wan Gyu,183,80,1991-11-20,CB,74,166,18
3636,Nicolas Haas,181,74,1996-01-23,CM,74,139,16
3637,Florent Hadergjonaj,183,73,1994-07-31,RB,74,192,58
3638,Warner Hahn,190,88,,GK,74,256,79
3639,André Hansen,194,87,1989-12-17,GK,74,307,3
3640,Milan Havel,183,77,1994-08-07,LB,74,177,45
3641,Matt Hedges,193,93,1990-04-01,CB,74,116,36
3642,Herzog,186,75,2004-05-13,CB,74,65,2
3643,Eirik Hestad,183,75,1995-06-26,RM,74,163,3
3644,James Hill,184,73,2002-01-10,CB,74,68,4
3645,Jack Hinshelwood,181,74,2005-04-11,CDM,74,59,4
3646,Bongokuhle Hlongwane,182,75,2000-06-20,RM,74,168,114
3647,Kristian Hlynsson,179,67,2004-01-23,CAM,74,72,56
3648,Gerrit Holtmann,185,77,1995-03-25,LM,74,150,115
3649,Majid Hosseini,187,76,1996-06-20,CB,74,234,60
3650,Dino Hotić,168,69,1995-07-26,CAM,74,251,41
3651,Johan Hove,177,72,,CM,74,271,3
3652,Arbër Hoxha,185,77,1998-10-06,LW,74,125,66
3653,Niklas Hult,173,63,1990-02-13,LB,74,254,22
3654,Jannik Huth,185,80,1994-04-15,GK,74,45,10
3655,Hwang Seok Ho,183,80,1989-06-27,CB,74,167,18
3656,Hwang Jae Won,180,73,2002-08-16,CB,74,200,18
3657,Tim Iroegbunam,183,70,2003-06-30,CDM,74,36,4
3658,Filip Wojciech Jagiełło,180,70,1997-08-08,CM,74,251,13
3659,Ahmed Jahouh,188,82,1988-07-31,CDM,74,278,28
3660,Dominik Janošek,183,78,,CAM,74,308,45
3661,Julian Jeanvier,185,84,1993-03-31,CB,74,234,27
3662,Victor Jensen,175,63,2000-02-08,CAM,74,180,32
3663,Jeon Min Gwang,187,73,1993-01-17,CB,74,154,18
3664,Jeong Seung Won,173,68,1997-02-27,CM,74,245,18
3665,Marko Jevtović,194,82,1993-07-24,CDM,74,142,30
3666,Stefan Johansen,182,78,1991-01-08,CM,74,309,3
3667,Matej Jonjić,187,83,1991-01-29,CB,74,222,19
3668,Kei Kamara,191,86,1984-09-01,ST,74,33,116
3669,Nordine Kandil,165,55,2001-10-31,LM,74,91,28
3670,Kang Hyeon Mu,185,78,,GK,74,166,18
3671,Ercan Kara,192,88,1996-01-03,ST,74,201,21
3672,Yalçın Kayan,180,74,,CM,74,215,20
3673,Luca Kerber,183,82,2002-03-10,CM,74,145,10
3674,Henry Kessler,193,84,1998-06-25,CB,74,97,36
3675,Hamidou Keyta,184,77,,LW,74,209,1
3676,Kim Jin Hyuk,187,78,1993-06-03,CB,74,200,18
3677,Kim Young Gwon,185,78,1990-02-27,CB,74,167,18
3678,Ko Jae Hyeon,180,67,1999-03-05,RW,74,200,18
3679,Bautista Kociubinski,181,81,2001-04-26,CDM,74,130,8
3680,Okan Kocuk,188,78,1995-07-27,GK,74,201,20
3681,Koba Leïn Koindredi,184,80,2001-10-27,CM,74,26,1
3682,Peer Koopmeiners,186,78,2000-05-04,CDM,74,82,9
3683,Georgi Kostadinov,185,75,1990-09-07,CDM,74,206,73
3684,Efthymios Koulouris,186,82,1996-03-06,ST,74,188,59
3685,Michiel Kramer,196,80,1988-12-03,ST,74,295,9
3686,Roy Krishna,169,70,1987-08-30,ST,74,278,117
3687,Anton Krivotsyuk,186,76,1998-08-20,CB,74,194,118
3688,Sergiy Kryvtsov,186,83,1991-03-15,CB,74,9,26
3689,Patryk Kun,165,54,1995-04-20,LM,74,267,13
3690,Moritz-Broni Kwarteng,175,69,1998-04-28,RW,74,150,10
3691,Mathías Laborda,182,72,1999-09-15,CB,74,100,14
3692,Mayckel Lahdo,170,76,2002-12-30,RW,74,82,22
3693,Nicola Leali,188,78,1993-02-17,GK,74,121,7
3694,Lee Sang Heon,178,67,1998-02-26,ST,74,310,18
3695,Lee Myung Joo,176,72,1990-04-24,CM,74,222,18
3696,Nahuel Leiva,170,66,1996-11-22,LM,74,298,2
3697,Dimitris Limnios,178,71,1998-05-27,LM,74,107,59
3698,Krisztián Lisztes,183,72,2005-05-06,CAM,74,49,35
3699,Dailon Rocha Livramento,185,75,,ST,74,122,89
3700,Javi Llabrés,172,71,2002-01-15,LM,74,44,2
3701,Duk,178,75,2000-02-16,ST,74,266,89
3702,Joseph Lopy,181,68,1992-03-15,CDM,74,204,61
3703,Daniel Lovitz,178,75,1991-08-27,LB,74,89,36
3704,Nilson Loyola,178,64,1994-10-26,LB,74,265,77
3705,Ivan Lučić,194,98,1995-03-23,GK,74,75,21
3706,Gonzalo Luján,182,82,2001-04-27,CB,74,134,8
3707,Francis Mac Allister,176,71,1995-10-30,CDM,74,173,8
3708,Shuto Machino,185,81,1999-09-30,ST,74,190,48
3709,Tiago Sá,185,78,1995-01-11,GK,74,52,12
3710,Daniel Mancilla,178,74,1991-02-17,LB,74,284,98
3711,Cristian Manea,183,77,1997-08-09,RB,74,285,87
3712,Nico Mantl,193,88,2000-02-06,GK,74,165,10
3713,Alexis Manyoma,168,70,2003-01-30,LW,74,130,25
3714,Sékou Mara,183,74,2002-07-30,ST,74,91,1
3715,Filip Marchwiński,187,72,2002-01-10,CAM,74,69,13
3716,Mirko Marić,188,77,,ST,74,90,19
3717,Jaílson,187,74,1995-09-07,CB,74,25,5
3718,Carlos Martín,180,74,2002-04-22,ST,74,106,2
3719,Hugo Martínez,171,72,2000-04-27,CDM,74,199,65
3720,Newerton,167,60,2005-06-03,LW,74,129,5
3721,Franco Mastantuono,177,71,,CAM,74,29,8
3722,Andreas Maxsø,191,87,1994-03-18,CB,74,196,32
3723,Luke McCowan,177,72,1997-12-09,CM,74,77,24
3724,Ringo Meerveld,177,74,,CAM,74,311,9
3725,Antoine Mendy,187,75,2004-05-27,CB,74,67,1
3726,Queensy Menig,174,69,1995-08-19,LW,74,146,9
3727,Nicolas Meriano,192,84,2000-11-09,CB,74,186,8
3728,Connor Metcalfe,183,70,1999-11-05,CM,74,191,71
3729,Antonio Milić,190,81,1994-03-10,CB,74,251,19
3730,Richard Mina,184,84,1999-07-22,CB,74,162,39
3731,Sota Mino,181,78,1994-10-20,CDM,74,312,48
3732,Anuar,174,71,1995-01-15,CM,74,120,28
3733,Niklas Moisander,183,77,1985-09-29,CB,74,207,29
3734,Steven Moreira,179,75,1994-08-13,CB,74,102,89
3735,Diego Moreno,185,78,1996-02-27,CDM,74,246,25
3736,Marius Mouandilmadji,190,85,1998-01-22,ST,74,201,119
3737,César Munder,167,67,2000-01-07,LW,74,272,74
3738,Ezequiel Muñoz,186,86,1990-10-08,CB,74,123,8
3739,Louis Munteanu,184,77,2002-06-16,ST,74,293,87
3740,Radosław Murawski,173,68,1994-04-22,CDM,74,251,13
3741,Nam Tae Hee,174,72,,RM,74,255,18
3742,Yehor Nazaryna,183,75,1997-07-10,CM,74,129,26
3743,Rassoul Ndiaye,179,70,2001-12-11,CDM,74,161,61
3744,Cher Ndour,190,84,2004-07-27,CM,74,32,7
3745,Filipe Ferreira,178,70,1990-09-09,LB,74,203,12
3746,Siyabonga Ngezana,188,77,1997-07-15,CB,74,224,114
3747,Sivert Heltne Nilsen,184,78,1991-10-02,CDM,74,266,3
3748,Noguera,177,65,1989-09-24,CAM,74,244,2
3749,Hugo Novoa,182,69,2003-01-24,RM,74,106,2
3750,Bartosz Nowak,180,75,1993-08-25,CAM,74,313,13
3751,Adam Obert,186,80,2002-08-23,CB,74,119,44
3752,Tim Oermann,187,76,2003-10-06,CB,74,150,10
3753,Koki Ogawa,183,77,1997-08-08,ST,74,151,48
3754,Agustín Ojeda,171,62,2004-06-19,RW,74,220,8
3755,Christian Oliva,178,75,1996-06-01,CDM,74,225,14
3756,Ricardinho,178,73,1994-03-24,LM,74,236,12
3757,Maximiliano Olivera,181,80,1992-03-05,LB,74,140,14
3758,Jan Olschowsky,184,83,2001-11-18,GK,74,87,10
3759,Thomas Lehne Olsen,187,78,1991-06-29,ST,74,306,3
3760,Kenneth Omeruo,184,84,1993-10-17,CB,74,187,17
3761,Michael Ortega,171,70,1991-04-06,CAM,74,253,25
3762,Ulises Ortegoza,180,80,1997-04-19,CM,74,143,8
3763,Orri Óskarsson,188,80,2004-08-29,ST,74,28,56
3764,Abiel Osorio,182,80,,ST,74,232,8
3765,Erick Otieno,168,70,1996-09-27,LB,74,216,94
3766,Kassoum Ouattara,176,73,2004-10-14,LB,74,57,1
3767,Assan Ouédraogo,191,84,2006-05-09,CAM,74,23,10
3768,Godfried Ayesu Owusu Frimpong,180,66,1999-04-21,LB,74,183,9
3769,Rome-Jayden Owusu-Oduro,188,82,2004-07-02,GK,74,82,9
3770,Daniele Padelli,191,82,1985-10-25,GK,74,155,7
3771,Paik Sung Dong,171,66,1991-08-13,LM,74,154,18
3772,Guillermo Paiva,180,79,1997-08-17,ST,74,182,65
3773,Erik Palmer-Brown,187,88,,CB,74,107,36
3774,Jonathan Panzo,185,72,2000-10-25,CB,74,160,4
3775,Cristhian Paredes,183,69,1998-05-18,CDM,74,115,65
3776,Park Seung Wook,184,78,,RB,74,193,18
3777,Tim Parker,188,88,1993-02-23,CB,74,85,36
3778,Alexandru Pașcanu,187,75,1998-09-28,RB,74,285,87
3779,Felix Passlack,172,70,1998-05-29,RB,74,150,10
3780,Nico Paz,186,81,2004-09-08,CAM,74,50,8
3781,Nathan,189,78,1995-05-13,CB,74,147,5
3782,Timothée Pembélé,182,76,2002-09-09,RB,74,161,1
3783,Óscar Perea,180,68,2005-09-27,LM,74,91,25
3784,Juan Carlos Pereira,182,75,1993-02-08,CM,74,148,25
3785,Matheus Pereira,172,67,2000-12-21,LB,74,236,5
3786,Gonzalo Pérez,184,72,2001-01-04,CB,74,123,14
3787,Sebastián Pérez,180,76,1990-12-02,GK,74,202,74
3788,Danny Pérez,180,68,2000-01-23,LM,74,281,42
3789,Samuele Perisan,192,83,1997-08-21,GK,74,139,7
3790,Claudiu Petrila,176,67,2000-11-07,LW,74,285,87
3791,Fafà Picault,173,64,1991-02-23,LM,74,100,103
3792,Stavros Pilios,177,60,2000-12-10,LB,74,88,59
3793,Rafael Barbosa,174,69,1996-03-29,LW,74,227,12
3794,Ioannis Pittas,180,72,1996-07-10,ST,74,290,97
3795,Srđan Plavšić,166,64,1995-12-03,LM,74,216,30
3796,Ole Pohlmann,183,80,2001-04-05,CM,74,160,10
3797,Octavian Popescu,180,66,2002-12-27,LW,74,224,87
3798,Boris Popović,189,75,2000-02-26,CB,74,165,30
3799,Achilleas Poungouras,187,77,1995-12-13,CB,74,146,59
3800,Sebastián Prieto,180,73,1993-04-09,LB,74,173,8
3801,Louka Prip,182,72,1997-06-29,RW,74,142,32
3802,Rokas Pukštas,181,75,2004-08-25,CM,74,75,36
3803,Risto Radunović,183,77,1992-05-04,LB,74,224,50
3804,Antonio Raimondo,185,75,2004-03-18,ST,74,170,7
3805,Erdal Rakip,178,71,1996-02-13,CDM,74,242,62
3806,Iván Ramírez,177,70,1994-12-08,RB,74,199,65
3807,Alejandro Rébola,183,90,1988-07-24,CB,74,186,8
3808,Zé Carlos,177,72,1998-07-31,RB,74,159,12
3809,Alex Pinto,187,79,1998-07-08,RB,74,165,12
3810,Rodrigo Ribeiro,185,72,2005-04-28,ST,74,26,12
3811,Octavio Rivero,185,83,,ST,74,157,14
3812,Guzmán Rodríguez,183,79,2000-02-08,CB,74,140,14
3813,Alex Roldan,178,70,1996-07-28,RB,74,147,120
3814,Kevin Rolón,171,67,2001-03-02,LB,74,263,14
3815,Jhohan Romaña,185,79,1998-09-13,CB,74,134,25
3816,Carlos Romero,180,70,2001-10-29,LB,74,127,2
3817,Dave Romney,188,86,1993-06-12,CB,74,85,36
3818,Dany Rosero,187,87,1993-10-06,CB,74,250,25
3819,Ryu Jae Moon,178,79,1993-11-08,CDM,74,166,18
3820,Ibrahim Sadiq,168,68,2000-05-07,RW,74,82,43
3821,Moïse Sahi,175,70,2001-12-20,ST,74,91,49
3822,Théo Sainte-Luce,181,72,1998-10-20,LB,74,76,1
3823,Junior Sambia,185,73,1996-09-07,RB,74,139,1
3824,Sergi Samper,182,73,1995-01-20,CDM,74,314,2
3825,Roque Santa Cruz,191,93,1981-08-16,ST,74,199,65
3826,Danilo Santacruz,177,74,1995-06-12,CAM,74,291,65
3827,Federico Santander,187,84,1991-06-04,ST,74,225,65
3828,Derick Poloni,173,63,1993-09-01,LB,74,227,5
3829,Tayyip Sanuç,188,85,1999-12-17,CB,74,32,20
3830,Kingsley Sarfo,166,66,1995-02-13,CAM,74,206,43
3831,Ľubomír Šatka,188,78,1995-12-02,CB,74,201,44
3832,Răzvan Sava,195,83,2002-06-21,GK,74,155,87
3833,Jasper Schendelaar,187,87,2000-09-02,GK,74,217,9
3834,Guilherme Schettine,180,82,,ST,74,183,5
3835,Kingsley Schindler,183,80,1993-07-12,RM,74,201,43
3836,Vladimir Screciu,180,70,2000-01-13,CB,74,218,87
3837,Eddie Segura,178,70,1997-02-02,CB,74,33,25
3838,Egil Selvik,187,75,1997-07-30,GK,74,315,3
3839,Shin Jin Ho,177,72,1988-09-07,CM,74,222,18
3840,Graeme Shinnie,175,72,1991-08-04,CDM,74,266,24
3841,Niko Sigur,180,68,2003-09-09,RB,74,75,19
3842,Hugo Silveira,187,89,1993-05-23,ST,74,128,14
3843,Sheriff Sinyan,188,84,1996-07-19,CB,74,307,91
3844,Deian Sorescu,176,72,1997-08-29,RM,74,169,87
3845,Leandro Sosa,177,70,1991-03-18,CDM,74,262,14
3846,Diego Sosa,177,74,1997-07-28,LB,74,140,8
3847,Ignacio Sosa,175,67,2003-08-31,CM,74,140,14
3848,Saïdou Sow,185,75,2002-07-04,CB,74,91,27
3849,Herman Stengel,180,74,1995-08-26,CM,74,316,3
3850,Greg Stewart,178,73,,CAM,74,302,24
3851,Matías Suárez,184,78,1988-05-09,ST,74,186,8
3852,Lucas Suárez,184,81,1995-03-17,CB,74,143,8
3853,Mateo Sušić,181,75,1990-11-18,RB,74,206,41
3854,Gustav Svensson,184,77,1987-02-07,CB,74,297,22
3855,Michael Svoboda,195,85,1998-10-15,CB,74,170,21
3856,Vicente Taborda,175,71,2001-06-14,CAM,74,111,8
3857,Miguel Tapias,179,72,1997-01-09,CB,74,168,46
3858,Jefferson Tavares,188,79,1989-12-22,ST,74,317,5
3859,Denis Thomalla,186,75,1992-08-16,CAM,74,145,10
3860,Lawrence Thomas,191,91,1992-05-09,GK,74,299,71
3861,Emirhan Topçu,188,78,2000-10-11,CB,74,32,20
3862,Fáiner Torijano,182,73,1988-08-31,CB,74,246,25
3863,Philipp Treu,172,68,2000-12-03,LB,74,191,10
3864,Alfonso Trezza,166,59,1999-06-22,RM,74,165,14
3865,Cristian Trujillo,174,65,1998-08-09,CDM,74,212,25
3866,Indrit Tuci,191,84,2000-09-14,ST,74,96,66
3867,Leonardo Buta,182,74,2002-06-05,LB,74,183,12
3868,Fredrik Ulvestad,183,84,1992-06-17,CM,74,188,3
3869,Kacper Urbański,178,58,2004-09-07,CAM,79,56,13
3870,Jonathan Urretaviscaya,170,66,1990-03-19,CAM,74,128,14
3871,Necip Uysal,180,72,1991-01-24,CB,74,32,20
3872,Henry Vaca,166,72,1998-01-27,LW,74,213,98
3873,Leo Väisänen,187,80,1997-07-23,CB,74,116,29
3874,Matěj Valenta,181,75,2000-02-09,CM,74,177,45
3875,Lautaro Valenti,188,80,1999-01-14,CB,74,131,8
3876,Gustav Valsvik,196,91,1993-05-26,CB,74,316,3
3877,Mitchell van Bergen,170,62,1999-08-27,RM,74,78,9
3878,Ruben van Bommel,185,83,2004-08-03,LW,74,82,9
3879,Mick van Buren,184,73,1992-08-24,ST,74,318,9
3880,Sander van de Streek,180,74,1993-03-24,CAM,74,242,9
3881,Bart van Rooij,174,72,2001-05-26,RB,74,78,9
3882,Edwin Velasco,179,80,1991-11-05,LB,74,221,25
3883,Jairo Vélez,174,76,1995-04-21,CAM,74,265,39
3884,Matías Vera,173,69,1995-10-26,CDM,74,211,8
3885,Brayan Vera,180,77,1999-01-15,CB,74,94,25
3886,Tomás Verón,173,67,2000-09-03,RW,74,128,8
3887,Marko Vešović,177,73,,RB,74,209,50
3888,Sam Vines,178,68,1999-05-31,LB,74,196,36
3889,Alessandro Vogliacco,186,78,1998-09-14,CB,74,121,7
3890,Vojtěch Vorel,190,74,1996-06-18,GK,74,96,45
3891,Giacomo Vrioni,188,85,1998-10-15,ST,74,85,66
3892,Axel Werner,191,85,1996-02-28,GK,74,135,8
3893,Eryk Williamson,175,70,1997-06-11,CDM,74,115,36
3894,Nick Woltemade,198,90,2002-02-14,ST,74,64,10
3895,Nathan Wood,188,75,2002-05-31,CB,74,61,4
3896,Yang Hyun Jun,176,69,2002-05-25,RW,74,77,18
3897,John Yeboah,170,69,2000-06-23,RW,74,170,39
3898,Jackson Yueill,178,74,1997-03-18,CM,74,164,36
3899,Bakhtiyor Zainutdinov,185,75,1998-04-02,LM,74,32,121
3900,Alexis Zapata,176,72,1995-05-10,RM,74,221,25
3901,Benedikt Zech,186,73,1990-11-03,CB,74,188,21
3902,Leopold Zingerle,185,78,1994-04-10,GK,74,23,10
3903,Simon Zoller,179,73,1991-06-26,ST,74,191,10
3904,Ishaq Abdulrazak,175,74,2002-05-05,CM,73,307,17
3905,Bobby Adekanye,175,70,1999-02-14,RM,73,280,9
3906,Braian Aguirre,175,71,2000-07-28,RB,73,123,8
3907,Brian Aguirre,178,72,2003-01-06,LW,73,111,8
3908,Ahn Joon Soo,187,75,1998-01-28,GK,73,245,18
3909,Darío Aimar,182,80,1995-01-05,CB,73,253,39
3910,Marian Aioani,187,82,1999-11-07,GK,73,285,87
3911,Nariman Akhundzada,185,78,,RW,73,209,118
3912,Fatih Aksoy,189,78,1997-11-06,CB,73,192,20
3913,José Alberti,172,70,1997-03-29,CM,73,263,14
3914,Haitam Aleesami,183,81,,CB,73,319,3
3915,Migouel Alfarela,173,66,1997-11-15,ST,73,267,1
3916,Taha Abdi Ali,174,63,1998-07-01,LM,73,207,22
3917,Júnior Urso,180,72,1989-03-10,CDM,73,179,5
3918,Alex Álvarez,176,73,1997-08-18,ST,73,230,65
3919,Rodrigo Amaral,178,81,1997-03-25,CAM,73,317,14
3920,Joel Amoroso,183,73,1988-01-08,RM,73,253,8
3921,Malte Amundsen,179,81,1998-02-11,CB,73,102,32
3922,Alexandros Anagnostopoulos,185,83,,GK,73,99,59
3923,Kaio César,168,66,2004-02-15,RW,73,144,5
3924,Jeison Angulo,184,80,1996-06-27,LB,73,212,25
3925,Óscar Aranda,181,78,2002-04-29,LM,73,152,2
3926,Carlens Arcus,180,73,1996-06-28,RB,73,204,103
3927,Jann-Fiete Arp,186,83,2000-01-06,ST,73,190,10
3928,Carlos Arrúa,172,70,1997-07-30,CAM,73,211,65
3929,Daniel Arzani,171,73,1999-01-04,RM,73,287,71
3930,Sebastián Assís,171,75,1993-03-04,CDM,73,283,14
3931,Valentin Atangana,173,68,2005-08-25,CDM,73,105,1
3932,Nathaniel Atkinson,181,72,1999-06-13,RB,73,175,71
3933,Arthur Atta,189,77,2003-01-14,CAM,73,155,1
3934,Soner Aydoğdu,180,72,1991-01-05,CDM,73,201,20
3935,Pedrinho,177,65,2002-07-11,LB,73,129,5
3936,Leandro Bacuna,180,77,,RB,73,271,112
3937,Gabriel Báez,176,76,1995-07-21,LB,73,225,8
3938,Mushaga Bakenga,181,75,1992-08-08,ST,73,320,3
3939,Nordin Bakker,196,85,1997-10-31,GK,73,321,9
3940,Aliou Baldé,170,59,2002-12-12,RW,73,150,27
3941,Kosta Barbarouses,171,68,1990-02-19,ST,73,322,83
3942,Lucas Bartlett,191,90,1997-07-26,CB,73,181,36
3943,Emrah Başsan,177,66,1992-04-17,RM,73,146,20
3944,Afonso Moreira,176,69,2005-03-19,RM,73,26,12
3945,Gil Dias,185,75,1996-09-28,LM,73,152,12
3946,Emerson Batalla,171,73,2001-06-30,RW,73,323,25
3947,Gökdeniz Bayrakdar,181,74,,RM,73,239,20
3948,Yanis Begraoui,178,70,2001-07-04,ST,73,171,28
3949,Alaa Bellaarouch,188,75,2002-02-01,GK,73,91,28
3950,Alan Benítez,176,74,1994-01-25,RB,73,185,65
3951,Lucas Bergvall,186,74,,CM,73,17,22
3952,Alexander Bernhardsson,185,70,1998-09-08,RM,73,190,22
3953,Daniel Bîrligea,184,70,2000-04-19,ST,73,224,87
3954,Tom Bischof,176,66,2005-06-28,CAM,73,42,10
3955,El Chadaille Bitshiabu,196,95,2005-05-16,CB,73,23,1
3956,Odin Luraas Bjørtuft,185,78,1998-12-19,CB,73,133,3
3957,Tristan Blackmon,185,79,1996-08-12,CB,73,100,36
3958,Latif Blessing,170,64,1996-12-30,CM,73,103,43
3959,Kennedy Boateng,191,78,1996-11-29,CB,73,324,75
3960,Victor Bobsin,185,73,2000-01-12,CDM,73,194,5
3961,Facundo Boné,176,67,1995-11-16,ST,73,212,14
3962,Chris Brady,190,77,2004-03-03,GK,73,137,36
3963,Luke Brattan,175,65,1990-03-08,CDM,73,237,71
3964,Christopher Braun,181,81,1991-07-15,RB,73,285,10
3965,Jonatan Braut-Brunes,188,79,2000-08-07,ST,73,216,3
3966,Emil Breivik,180,82,2000-06-11,CDM,73,163,3
3967,Jack Byrne,170,67,1996-04-24,RW,73,325,76
3968,Hernesto Caballero,181,76,1991-04-09,CDM,73,199,65
3969,Martín Cáceres,181,78,1987-04-07,CB,73,109,14
3970,Darío Cáceres,176,65,1998-01-26,LB,73,232,65
3971,Maximiliano Caire,178,71,1988-07-12,RB,73,253,8
3972,Calegari,171,70,,RB,73,152,5
3973,Rudy Camacho,185,79,1991-03-05,CB,73,102,1
3974,Richard,191,76,1994-02-18,CDM,73,192,5
3975,Russell Canouse,178,76,1995-06-11,CDM,73,181,36
3976,Pedro Lima,178,70,,RB,73,79,5
3977,Luis Cardozo,180,75,1988-10-10,CB,73,199,65
3978,Rafael Carrascal,173,72,1992-11-26,CM,73,185,25
3979,Facundo Agustín Cáseres,178,70,2001-05-28,CDM,73,159,8
3980,Nicolás Castillo,177,81,1993-02-14,ST,73,202,74
3981,Nilson Castrillón,183,79,1996-01-28,RB,73,221,25
3982,Agustín Cayetano,179,77,1999-08-09,LB,73,289,14
3983,Bersant Celina,181,66,1996-09-09,LM,73,290,58
3984,Francisco Cerro,179,75,1988-02-09,CDM,73,263,8
3985,Aníbal Chalá,178,70,1996-05-09,LB,73,157,39
3986,Walter Jhonnier Chalá,189,80,2000-05-04,CB,73,157,39
3987,Charilaos Charisis,177,68,1995-01-12,CM,73,146,59
3988,Gabriel Charpentier,188,80,1999-05-17,ST,73,131,99
3989,Issam Chebake,175,71,1989-10-12,RB,73,206,28
3990,Andrés Chicaiza,172,78,1992-04-03,CAM,73,301,39
3991,Julián Chicco,186,73,1998-01-13,CM,73,86,8
3992,Alejandro Chumacero,164,63,1991-04-22,CM,73,317,98
3993,Darko Churlinov,180,73,2000-07-11,RM,73,240,62
3994,Jhon Cifuente,179,82,1992-07-23,ST,73,184,39
3995,Denis Ciobotariu,184,79,1998-06-10,CB,73,312,87
3996,Juri Cisotti,175,62,1993-05-05,CM,73,326,7
3997,Pelle Clement,177,67,1996-05-19,CM,73,149,9
3998,Diego Coelho,182,81,1995-01-28,ST,73,272,14
3999,Amara Condé,173,67,1997-01-06,CM,73,223,10
4000,Kamil Çörekçi,173,74,1992-02-01,RB,73,210,20
4001,Emanuel Coronel,173,72,1997-02-01,RB,73,135,8
4002,Lasso Coulibaly,176,70,2002-10-19,RM,73,178,49
4003,Cristian Cuevas,174,70,1995-04-02,LM,73,202,74
4004,Jakub Czerwiński,183,82,1991-08-06,CB,73,327,13
4005,Nick D'Agostino,175,77,1998-02-25,ST,73,228,71
4006,Xande Silva,177,68,1997-03-16,LW,73,229,12
4007,Thomas Dähne,193,93,1994-01-04,GK,73,190,10
4008,Amadou Dante,179,70,2000-10-07,LB,73,165,54
4009,Misael Dávila,172,69,1991-07-17,CM,73,270,74
4010,Joyskim Dawa,192,92,1996-04-09,CB,73,224,34
4011,Guillermo De Amores,186,78,1994-10-19,GK,73,140,14
4012,Diogo Pinto,195,87,2004-06-18,GK,73,26,12
4013,Afonso Sousa,174,64,2000-05-03,CAM,73,251,12
4014,Eguinaldo,175,69,2004-08-09,LM,73,129,5
4015,Mees de Wit,180,78,1998-04-17,LB,73,82,9
4016,Mats Deijl,181,71,1997-07-15,RB,73,280,9
4017,Harrison Delbridge,190,89,1992-03-15,CB,73,222,71
4018,Alec Deneumostier,182,74,1999-05-05,CB,73,265,77
4019,Cristian Devenish,192,84,2001-01-25,CB,73,261,25
4020,Nicky Devlin,183,73,1993-10-17,RB,73,266,24
4021,Yan Dhanda,171,63,1998-12-14,CAM,73,175,4
4022,Soner Dikmen,179,75,1993-09-01,CM,73,242,20
4023,Anastasios Donis,178,77,1996-08-29,ST,73,206,59
4024,Dejan Dražić,175,68,,LM,73,328,30
4025,Maksym Dyachuk,185,77,2003-07-21,CB,73,112,26
4026,Mathias Dyngeland,187,81,1995-10-07,GK,73,282,3
4027,Adam Dźwigała,185,80,1995-09-25,CB,73,191,13
4028,Ronnie Edwards,180,76,2003-03-28,CB,73,61,4
4029,Marvin Ekpiteta,193,84,1995-08-26,CB,73,257,4
4030,Pierre Ekwah,189,78,2002-01-15,CM,73,153,1
4031,Josip Elez,189,89,1994-04-25,CB,73,75,19
4032,Emeka Eneli,175,70,1999-10-18,CDM,73,94,36
4033,Gustav Engvall,185,85,1996-04-29,ST,73,329,22
4034,Marc-Francois Enoumba,183,81,1993-03-04,CB,73,253,98
4035,Ataru Esaka,175,67,1992-05-31,CAM,73,167,48
4036,Franco Escobar,175,72,1995-02-21,RB,73,103,8
4037,Gonzalo Falcón,190,86,1996-11-16,GK,73,230,14
4038,Mourtada Fall,192,87,1987-12-26,CB,73,278,61
4039,Agustín Farías,177,72,1987-12-25,CM,73,202,8
4040,Andrew Farrell,180,75,1992-04-03,CB,73,85,36
4041,Jacopo Fazzini,178,70,2003-03-16,CM,73,139,7
4042,Volnei Feltes,188,82,2000-04-15,CB,73,171,5
4043,Omar Fernández,166,60,1993-02-11,LM,73,233,25
4044,Julián Fernández,183,73,2004-01-30,RW,73,220,8
4045,Fernando Fernández,180,83,1992-01-08,ST,73,185,65
4046,Manuel Fernández,180,77,1989-01-25,CB,73,259,14
4047,Martín Ferreira,179,75,1992-03-07,LB,73,128,14
4048,Hampus Finndell,177,74,2000-06-06,CM,73,228,22
4049,Leon Flach,178,75,2001-02-28,CM,73,156,36
4050,Santiago Flores,183,88,2001-03-25,CB,73,130,8
4051,João Ferreira,185,79,2001-03-22,RB,73,52,12
4052,Rúben Macedo,171,64,,LW,73,275,12
4053,Rodrigo Formento,182,79,1999-09-25,GK,73,283,14
4054,Iván Franco,171,66,2000-04-16,RM,73,199,65
4055,Pedro Franco,183,73,1991-04-23,CB,73,323,25
4056,Oscar Luigi Fraulo,180,77,2003-12-06,CDM,73,180,32
4057,Nino Galović,186,80,1992-07-06,CB,73,165,19
4058,Renzo Garcés,185,76,1996-06-12,CB,73,172,77
4059,Simón García,186,75,,CB,73,124,25
4060,Ben Garuccio,174,73,1995-06-15,LB,73,330,71
4061,Joe Gauci,194,87,2000-07-04,GK,73,18,71
4062,Benjamín Gazzolo,181,81,1997-07-14,CB,73,219,74
4063,Gaspar Gentile,183,71,1995-02-16,LM,73,301,8
4064,Ismaël Gharbi,167,58,2004-04-10,LW,73,52,2
4065,Brayan Gil,185,75,2001-06-28,ST,73,212,120
4066,Nacho Gil,168,63,1995-09-09,RM,73,85,2
4067,Iván Gil,168,63,2000-01-18,CM,73,65,2
4068,Diego Gómez,185,83,2003-03-27,CM,73,9,65
4069,Ray Gómez,170,70,1993-12-29,CAM,73,269,77
4070,Antonio Gomis,186,80,2003-05-20,GK,73,10,2
4071,Roderick Miranda,191,85,1991-03-30,CB,73,287,12
4072,Ignacio González,187,81,1989-12-02,GK,73,233,74
4073,Walter González,185,79,1995-06-21,ST,73,291,65
4074,Mathieu Gorgelin,187,83,1990-08-05,GK,73,161,1
4075,Carlos Grados,182,79,1995-05-15,GK,73,265,77
4076,Jorge Grant,178,70,1994-12-19,CM,73,175,4
4077,Marcel Guaramato,174,71,1993-11-02,RB,73,331,42
4078,Guarrotxena,177,71,1992-12-06,LW,73,328,2
4079,Franklin Guerra,184,77,1992-04-12,CB,73,157,39
4080,Baptiste Guillaume,189,86,1995-06-16,ST,73,321,6
4081,Umut Güneş,177,74,2000-03-16,CM,73,62,20
4082,Sebastián Guzmán,177,57,,CDM,73,124,25
4083,Anders Hagelskjær,192,84,1997-02-16,CB,73,163,32
4084,Nick Hagglund,185,87,1992-09-14,CB,73,51,36
4085,Johan Hammar,197,84,1994-02-22,CB,73,197,22
4086,Florent Hanin,177,73,1990-02-04,LB,73,204,1
4087,Benjamin Hansen,189,80,1994-02-07,CB,73,290,32
4088,Kristoffer N. Hansen,180,72,1994-08-12,LM,73,240,3
4089,Sontje Hansen,173,69,2002-05-18,RM,73,151,9
4090,Kjetil Haug,191,83,,GK,73,307,3
4091,Þórir Jóhann Helgason,187,66,2000-09-28,CM,73,69,56
4092,Heo Yong Joon,184,75,1993-01-08,ST,73,154,18
4093,Nelson Hernández,177,76,1992-07-08,RB,73,296,42
4094,Herrando,192,76,2001-02-28,CB,73,81,2
4095,Vebjørn Hoff,181,74,1996-02-13,CDM,73,306,3
4096,Samuel Leach Holm,184,75,1997-10-09,CM,73,197,22
4097,Justin Hoogma,190,81,1998-06-11,CB,73,332,9
4098,Siebe Horemans,183,72,1998-06-02,RB,73,180,6
4099,Jannes Horn,186,79,1997-02-06,CB,73,97,10
4100,Jizz Hornkamp,182,81,1998-03-07,ST,73,332,9
4101,Krisztofer Horváth,185,72,,CAM,73,40,35
4102,Dean Huijsen,195,84,2005-04-14,CB,73,68,2
4103,Badavi Hüseynov,185,81,,CB,73,209,118
4104,Hwang Mun Ki,176,70,1996-12-08,RB,73,310,18
4105,Paul Iacob,185,74,1996-06-21,CB,73,285,87
4106,Ylldren Ibrahimaj,178,70,1995-12-24,RM,73,306,58
4107,Jay Idzes,190,82,2000-06-02,CB,73,170,107
4108,Ahmed Ildız,181,81,,CM,73,215,20
4109,Mihajlo Ilić,192,78,,CB,73,56,30
4110,Rareș Ilie,185,75,2003-04-19,LM,73,67,87
4111,Nestory Irankunda,175,74,2006-02-09,RM,73,3,71
4112,Andrei Ivan,189,81,1997-01-04,ST,73,218,87
4113,Marko Ivezić,191,81,2001-12-02,CB,73,190,30
4114,Diego Moreira,179,73,2004-08-06,LM,73,91,12
4115,Jordan James,178,65,2004-07-02,CM,73,101,69
4116,Rafał Janicki,191,82,1992-07-05,CB,73,248,13
4117,Marko Janković,172,65,,CM,73,209,50
4118,Nicolas Janvier,172,77,1998-08-11,CM,73,192,1
4119,Vítězslav Jaroš,190,85,2001-07-23,GK,73,6,45
4120,Gaby Jean,191,80,2000-02-19,CB,73,69,1
4121,Ulisses Wilson,186,82,,CB,73,275,5
4122,Carl Johansson,189,87,1994-05-23,CB,73,190,22
4123,Sebastian Jørgensen,178,68,2000-06-08,RM,73,207,32
4124,Anderson Julio,172,70,1996-05-31,ST,73,94,39
4125,Samuel Soares,190,91,2002-06-15,GK,73,30,12
4126,Jung Woo Young,187,78,1989-12-14,CDM,73,167,18
4127,Adrián Jusino,185,88,1992-07-09,CB,73,253,98
4128,Lukas Kačavenda,174,72,,CAM,73,125,19
4129,Kristijan Kahlina,188,74,1992-07-24,GK,73,179,19
4130,Kang Sang Woo,175,68,1993-10-07,LB,73,166,18
4131,Bartosz Kapustka,180,72,1996-12-23,CM,73,267,13
4132,Nikos Karelis,173,70,,ST,73,333,59
4133,Ayman Kari,176,71,2004-11-19,CM,73,5,1
4134,Jacob Karlstrøm,200,90,1997-01-09,GK,73,297,3
4135,Neraysho Kasanwirjo,185,68,2002-02-18,CB,73,113,9
4136,Mark-Anthony Kaye,185,77,1994-12-02,CM,73,85,40
4137,Can Keleş,180,77,2001-09-02,RM,73,32,20
4138,Aljoscha Kemlein,185,78,2004-08-02,CM,73,92,10
4139,Liam Kerrigan,171,65,,RM,73,50,76
4140,Sam Kersten,191,79,1998-01-30,CB,73,223,9
4141,Benhur Keser,185,76,1996-10-29,LM,73,189,20
4142,Kim Gyeong Min,189,81,1991-11-01,GK,73,264,18
4143,Kim Jin Kyu,177,68,1992-06-13,CM,73,243,18
4144,Kim In Sung,180,78,1989-09-09,RM,73,154,18
4145,Kim Joon Hong,190,87,,GK,73,243,18
4146,Kim Kee Hee,188,80,1989-07-13,CB,73,167,18
4147,Kim Moon Hwan,173,64,1995-08-01,RB,73,194,18
4148,Kim Bong Soo,181,74,,CB,73,193,18
4149,Kim Dong Hyun,182,72,,CM,73,310,18
4150,Kim Jin Su,177,68,1992-06-13,LB,73,243,18
4151,Colin Kleine-Bekel,191,87,2003-01-24,CB,73,190,10
4152,Magnus Knudsen,186,75,2001-06-15,CM,73,190,3
4153,Mateusz Kochalski,190,88,2000-07-25,GK,73,209,13
4154,Vladyslav Kochergin,178,70,1996-04-30,CM,73,216,26
4155,Marco Komenda,182,78,1996-11-26,CB,73,190,10
4156,Eboue Kouassi,185,67,1997-12-13,CDM,73,165,49
4157,Leonardo Koutris,175,69,1995-07-23,LB,73,188,59
4158,Sebastian Kowalczyk,170,60,1998-08-22,CAM,73,103,13
4159,Kacper Kozłowski,182,68,2003-10-16,LM,73,169,13
4160,Bozhidar Kraev,186,80,1997-06-23,RW,73,299,73
4161,Filip Krastev,178,68,2001-10-15,CAM,73,217,73
4162,Anton Krešić,198,83,1996-01-29,CB,73,293,19
4163,Sandro Kulenović,190,83,1999-12-04,ST,73,125,19
4164,Filip Kurto,191,82,1991-06-14,GK,73,237,13
4165,Anthony Landázuri,178,73,1997-04-19,RB,73,176,39
4166,Lars Olden Larsen,175,74,1998-09-17,LM,73,197,3
4167,Eric Larsson,176,72,1991-07-15,RB,73,306,22
4168,Jacob Barrett Laursen,181,77,1994-11-17,LB,73,197,32
4169,Lee Dong Hee,186,82,2000-02-07,CB,73,154,18
4170,Lee Dong Jun,173,65,,RM,73,193,18
4171,Lee Tae Suk,174,70,2002-07-28,LB,73,154,18
4172,Lee Myung Jae,182,68,1993-11-04,LB,73,167,18
4173,Lee Gwang Yeon,184,85,1999-09-11,GK,73,310,18
4174,Lee Hee Kyun,168,66,1998-04-29,ST,73,264,18
4175,Iván Leguizamón,175,73,2002-07-03,RM,73,134,65
4176,Lucas Lemos,183,70,2000-02-26,CDM,73,289,14
4177,Brooks Lennon,177,70,1997-09-22,RB,73,229,36
4178,Sebastián Lentinelly,184,81,1997-08-07,GK,73,289,14
4179,Dylan Levitt,180,73,2000-11-17,CM,73,257,69
4180,Oscar Lewicki,171,68,1992-07-14,CDM,73,207,22
4181,Kevin Lewis,173,73,1999-01-08,CDM,73,262,14
4182,Clayton Lewis,173,72,1997-02-12,CDM,73,237,83
4183,Franco Leys,177,70,1993-10-18,CDM,73,221,8
4184,Lim Sang Hyub,180,73,1988-07-08,LM,73,166,18
4185,Lim Dug Keun,183,77,2000-02-25,CDM,73,194,18
4186,Nicolás Linares,175,72,1996-03-04,CDM,73,270,8
4187,Marcel Lotka,191,85,2001-05-25,GK,73,12,13
4188,Tom Louchet,178,66,2003-05-04,LW,73,67,1
4189,Adrián Luna,169,60,1992-04-12,CAM,73,334,14
4190,Diego Luna,173,84,2003-09-07,LM,73,94,36
4191,Valdemar Lund,193,82,2003-05-28,CB,73,163,32
4192,Jamie Maclaren,179,74,1993-07-29,ST,73,302,71
4193,Zac MacMath,188,88,1991-08-07,GK,73,94,36
4194,Johan Madrid,179,74,1996-11-26,RB,73,265,77
4195,Pablo Magnín,178,75,1990-04-25,ST,73,247,8
4196,Adilson Malanda,185,75,2001-10-29,CB,73,179,1
4197,Julián Malatini,191,84,2001-05-31,CB,73,117,8
4198,Nicolás Maná,178,77,1994-03-25,RM,73,230,8
4199,Cyril Mandouki,179,76,1991-08-21,CDM,73,169,1
4200,Sivert Heggheim Mannsverk,185,77,2002-05-08,CDM,73,72,3
4201,Kevin Mantilla,185,82,2003-05-22,CB,73,143,25
4202,Iván Márquez,191,80,1994-06-09,CB,73,151,2
4203,Mario Martín,177,75,,CM,73,120,2
4204,Alexandru Mățan,165,61,1999-08-29,CAM,73,102,87
4205,Camilo Mayada,175,72,1991-01-08,RB,73,140,14
4206,Olivier Mbaizo,178,70,1997-08-15,RB,73,156,34
4207,Dax McCarty,175,68,1987-04-30,CDM,73,229,36
4208,Jack McGlynn,180,73,2003-07-07,CM,73,156,36
4209,Danilo Veiga,183,83,,RB,73,205,12
4210,William Mendieta,179,77,1989-01-09,CAM,73,199,65
4211,Mehdi Merghem,178,72,1997-07-19,RM,73,227,1
4212,Metinho,178,69,2003-04-23,CDM,73,149,5
4213,August Mikkelsen,167,62,2000-10-24,LW,73,133,3
4214,Kevin Minda,172,72,1998-11-21,CDM,73,184,39
4215,Luis Miranda,175,70,1997-08-27,RM,73,212,25
4216,Dimitar Mitov,188,76,1997-01-22,GK,73,266,73
4217,Stefan Mitrović,181,75,2002-08-16,LM,73,122,30
4218,Vasile Mogoș,186,84,1992-10-31,RB,73,293,87
4219,Alfredo Morales,183,77,1990-05-12,CDM,73,164,36
4220,Berto,177,80,,LM,73,288,89
4221,Ariel Mosór,184,82,2003-02-19,CB,73,216,13
4222,Aimen Moueffek,179,71,2001-04-09,CM,73,153,28
4223,Bartosz Mrozek,191,82,2000-02-23,GK,73,251,13
4224,Filip Mrzljak,177,72,,CDM,73,320,19
4225,Rui Modesto,180,72,1999-10-07,RM,73,155,70
4226,Arbnor Mucolli,175,70,1999-09-15,LW,73,297,66
4227,Ngal'ayel Mukau,188,72,2004-11-03,CDM,73,53,53
4228,Beni,180,78,2002-05-21,CM,73,158,70
4229,Jorge Félix,175,76,1991-08-22,LM,73,327,2
4230,Alex Muyl,180,79,1995-09-30,RM,73,89,36
4231,Nikolas Nartey,185,81,2000-02-22,CM,73,64,32
4232,João Muniz,187,73,2005-06-26,CB,73,26,12
4233,Federico Navarro,170,69,2000-03-09,CDM,73,137,8
4234,Duckens Nazon,181,79,1994-04-07,ST,73,234,103
4235,Alassane Ndao,176,70,1996-12-20,RM,73,142,61
4236,Serge-Junior M. Ngouali,175,75,1992-01-23,CDM,73,335,55
4237,Ibrahima Niane,187,73,1999-03-11,ST,73,204,61
4238,Roland Niczuly,181,76,1995-09-21,GK,73,312,87
4239,Julian Niehues,195,88,2001-04-17,CDM,73,145,10
4240,Lasse Nielsen,185,82,1995-02-21,CB,73,215,32
4241,Luciano Nieto,175,80,1991-01-19,CM,73,184,8
4242,Calem Nieuwenhof,181,73,2001-02-17,CM,73,175,71
4243,Kristoffer Nordfeldt,188,87,1989-06-23,GK,73,290,22
4244,Mark O'Hara,188,80,1995-12-12,CM,73,336,24
4245,Samuel Obeng,183,74,1997-05-15,ST,73,158,43
4246,Jáder Obrian,165,63,1995-05-18,RM,73,116,25
4247,Oh Seung Hoon,192,79,1988-06-30,GK,73,200,18
4248,Andrigo,173,70,1995-02-27,RW,73,243,5
4249,Cleiton Silva,175,73,1987-02-03,ST,73,260,5
4250,Alexandre Olliero,193,85,1996-02-15,GK,73,105,1
4251,Simon Olsson,185,81,1997-09-14,CM,73,223,22
4252,Odei,180,71,1989-12-07,CB,73,328,2
4253,Jérôme Onguéné,186,78,1997-12-22,CB,73,49,34
4254,Thijs Oosting,176,70,,ST,73,271,9
4255,Kwadwo Opoku,172,70,2001-07-13,ST,73,235,43
4256,Pedro Ortiz,184,76,2000-08-19,CM,73,70,2
4257,Leandro Otormín,172,74,1996-07-30,LW,73,263,14
4258,Yassin Oukili,195,88,2001-01-03,CDM,73,295,28
4259,Berke Özer,190,73,,GK,73,198,20
4260,Marko Pajač,185,69,1993-05-11,LB,73,121,19
4261,Tobías Palacio,185,78,2006-11-11,CB,73,173,8
4262,Renato Pantalon,194,86,1997-10-27,CB,73,160,19
4263,Jayson Papeau,175,75,1996-06-30,LM,73,285,1
4264,Ezequiel Parnisari,184,79,1990-06-01,CB,73,304,8
4265,Alfonso Parot,180,74,1989-10-15,LB,73,202,74
4266,Troy Parrott,185,72,2002-02-04,ST,73,82,76
4267,Juan Patiño,180,88,1989-11-29,CB,73,337,65
4268,Luis Paz,174,76,1988-09-08,CDM,73,221,25
4269,Marvin Peersman,184,69,,CB,73,271,6
4270,Tomáš Pekhart,194,82,1989-05-26,ST,73,267,45
4271,Pietro Pellegri,189,87,2001-03-17,ST,73,139,7
4272,Théo Pellenard,182,78,1994-03-04,CB,73,178,1
4273,Henrique Araújo,182,78,2002-01-19,ST,73,165,12
4274,Kevin Pérez,170,69,1997-07-18,CAM,73,212,25
4275,César Pérez,176,66,2002-11-29,CM,73,232,74
4276,Dino Perić,198,84,1994-07-12,CB,73,125,19
4277,Mauro Perković,185,78,2003-03-22,CB,73,125,19
4278,Aleks Petkov,193,85,1999-07-25,CB,73,298,73
4279,Dimitri Petratos,176,82,1992-11-10,ST,73,302,71
4280,Raoul Petretta,175,70,1997-03-24,LB,73,104,7
4281,Radosav Petrović,193,83,1989-03-08,CDM,73,206,30
4282,Santiago Pierotti,189,83,2001-04-03,RW,73,69,8
4283,Balthazar Pierret,186,82,2000-05-15,CDM,73,69,1
4284,César Pinares,176,74,1991-05-23,CAM,73,202,74
4285,František Plach,192,80,1992-03-08,GK,73,327,44
4286,Dennis Politic,185,78,2000-03-05,LW,73,324,87
4287,Paxton Pomykal,173,73,1999-12-17,CM,73,118,36
4288,Alexandru Pop,180,78,2000-02-01,ST,73,326,87
4289,Mihai Popa,190,82,2000-10-12,GK,73,293,87
4290,Laurențiu Popescu,180,68,1997-01-18,GK,73,218,87
4291,Janio Pósito,179,79,1989-10-10,ST,73,338,77
4292,Gianluca Prestianni,166,63,2006-01-31,RM,73,30,8
4293,Alex Pritchard,168,62,1993-05-03,CAM,73,146,4
4294,Martín Prost,178,75,1988-07-11,ST,73,284,8
4295,Ruben Providence,178,66,2001-07-07,LM,73,321,1
4296,Rubert Quijada,187,76,1989-02-10,CB,73,281,42
4297,Álvaro Quiroga,176,72,1995-06-17,CDM,73,253,98
4298,Bogdan Racovițan,185,80,2000-06-06,CB,73,216,87
4299,Michał Rakoczy,174,71,2002-03-30,CAM,73,318,13
4300,Nicolás Ramírez,182,80,1997-05-01,CB,73,157,74
4301,Christian Ramirez,188,85,1991-04-04,ST,73,102,36
4302,Jiovany Ramos,180,78,1997-01-26,CB,73,172,93
4303,Henrich Ravas,195,87,1997-08-16,GK,73,318,44
4304,Ferro,191,83,1997-03-26,CB,73,205,12
4305,Erlend Dahl Reitan,180,74,1997-09-11,RB,73,252,3
4306,Nicolai Remberg,187,88,2000-06-19,CM,73,190,10
4307,Eric Remedi,169,77,1995-06-04,CDM,73,134,8
4308,Andrés Reyes,191,81,1999-09-08,CB,73,83,25
4309,Birk Risa,188,79,1998-02-13,CB,73,220,3
4310,Rigoberto Rivas,178,73,1998-07-31,LM,73,210,95
4311,José Rivera,171,74,1997-05-08,ST,73,249,77
4312,Harold Rivera,175,74,1994-03-19,CDM,73,221,25
4313,Thomas Robinet,180,72,1996-08-18,ST,73,321,1
4314,Carlos Robles,185,81,1992-05-16,CDM,73,296,25
4315,Paulo Henrique,182,76,,LB,73,236,12
4316,Thiago Rodrigues,185,75,1996-06-12,GK,73,165,5
4317,Júlio Romão,193,88,,CDM,73,209,5
4318,Ronaldo Tavares,192,85,1997-07-22,ST,73,166,12
4319,Martín Rodríguez,170,78,1994-08-05,LM,73,181,74
4320,Maximiliano Rodríguez Vejar,185,82,2000-05-31,ST,73,219,74
4321,Miguel Rodríguez,179,73,2003-04-29,RM,73,180,2
4322,Rodrigo Rojas,180,77,1988-04-09,CM,73,230,65
4323,Joao Rojas,173,64,1989-06-14,CAM,73,338,39
4324,Joao Rojas,175,70,1997-08-16,LM,73,157,39
4325,Connor Ronan,170,70,1998-03-06,CM,73,196,76
4326,Sandro Cruz,182,77,2001-05-12,LB,73,159,70
4327,Carlos Ross,176,69,1990-11-23,RW,73,269,74
4328,Nicolás Rossi,186,77,1998-05-16,GK,73,337,14
4329,Bryan Rovira,177,82,1996-12-02,CDM,73,212,25
4330,Tobías Rubio,177,71,2004-07-27,CB,73,128,8
4331,Alex Rufer,184,75,1996-06-12,CDM,73,322,83
4332,Haibrany Ruíz Díaz,177,74,1992-08-31,CB,73,296,14
4333,Patrick William,187,79,1997-06-03,CB,73,160,5
4334,Armando Sadiku,183,80,1991-05-27,ST,73,328,66
4335,Görkem Sağlam,178,72,1998-04-11,CAM,73,210,20
4336,José Sagredo,180,76,1994-03-10,CB,73,213,98
4337,Ömer Ali Şahiner,175,70,1992-01-02,RB,73,138,20
4338,Oliver Sail,194,80,1996-01-13,GK,73,294,83
4339,Víctor Salazar,175,67,1993-05-26,RB,73,211,8
4340,João Graça,177,73,1995-06-18,CM,73,160,12
4341,Eddie Salcedo,178,74,2001-10-01,ST,73,7,7
4342,Piotr Samiec-Talar,185,78,2001-11-02,RM,73,298,13
4343,Luciano Sánchez,169,66,1994-01-25,LM,73,173,8
4344,Niklas Sandberg,183,73,1995-05-18,RM,73,309,3
4345,Nazim Sangaré,185,73,1994-05-30,RB,73,215,20
4346,Kaishū Sano,176,67,,CM,73,93,48
4347,Kodai Sano,176,66,2003-09-25,LM,73,151,48
4348,Pedro Amador,181,73,1998-12-18,LB,73,229,12
4349,Franco Saravia,175,75,1999-06-02,GK,73,172,77
4350,Andrés Sarmiento,178,60,1998-01-15,LM,73,124,25
4351,Amin Sarr,188,83,2001-03-11,ST,73,122,22
4352,Fernando Saucedo,173,69,1990-03-15,CM,73,213,98
4353,Stefan Schimmer,184,86,1994-04-28,ST,73,145,10
4354,Alessandro Schöpf,178,74,1994-02-07,CM,73,100,21
4355,Marvin Schulz,186,85,1995-01-15,CB,73,190,10
4356,Seo Jin Su,183,71,2000-10-18,ST,73,255,18
4357,Seo Min Woo,184,75,,CM,73,193,18
4358,Claudio Sepúlveda,175,76,1992-06-19,CDM,73,219,74
4359,Maryan Shved,171,63,1997-07-16,RM,73,129,26
4360,Marco Matias,177,73,1989-05-10,LM,73,227,12
4361,Jean Carlos,185,77,1996-05-10,LM,73,216,5
4362,Danel Sinani,185,70,1997-04-05,RM,73,191,78
4363,Tobias Sippel,183,80,1988-03-22,GK,73,87,10
4364,Jonathan Sirois,187,74,2001-06-27,GK,73,235,40
4365,Maxime Sivis,173,73,1998-04-01,RB,73,324,1
4366,Tom Slončík,183,73,,CAM,73,177,45
4367,Gonzalo Sosa,185,78,1989-01-04,ST,73,270,8
4368,Eduardo Sosa,170,75,1996-06-20,CAM,73,212,42
4369,Guillermo Soto,177,69,1994-01-19,RB,73,202,74
4370,Issa Soumaré,182,78,2000-10-10,LM,73,161,61
4371,Furkan Soyalp,175,68,1995-06-12,CM,73,169,20
4372,Blair Spittal,184,77,1995-12-19,CM,73,175,24
4373,Apostolos Stamatelopoulos,184,84,1999-04-09,ST,73,339,71
4374,Lucas Stassin,183,71,2004-11-29,ST,73,153,6
4375,Brad Stuver,191,81,1991-04-16,GK,73,116,36
4376,Sander Svendsen,172,67,1997-08-06,RW,73,228,3
4377,Patryk Szysz,177,70,,RM,73,138,13
4378,Gonzalo Tapia,178,78,2002-02-18,RM,73,202,74
4379,Jack Taylor,185,70,1998-06-23,CDM,73,126,76
4380,Duplexe Tchamba,191,79,1998-07-10,CB,73,158,34
4381,Jamal Thiaré,180,68,1993-03-31,ST,73,229,61
4382,Konstantinos Thymianis,186,74,,CDM,73,114,59
4383,David Tijanić,174,67,,CAM,73,215,15
4384,Guti,187,83,1991-06-29,CB,73,269,5
4385,Jon Toral,184,77,,CAM,73,333,2
4386,Tidjany Touré,184,74,2002-07-15,LM,73,159,1
4387,Wil Trapp,173,69,1993-01-15,CDM,73,168,36
4388,Arnór Ingvi Traustason,183,75,1993-04-30,CM,73,241,56
4389,Turrientes,181,70,2002-01-31,CM,73,28,2
4390,Marián Tvrdoň,194,85,1994-08-18,GK,73,177,44
4391,Naci Ünüvar,168,63,2003-06-13,LW,73,127,20
4392,Luciano Ursino,180,77,1988-10-31,CM,73,253,98
4393,Ramiro Vaca,176,61,1999-07-01,CAM,73,213,98
4394,Hakon Valdimarsson,195,89,2001-10-13,GK,73,74,56
4395,Ever Valencia,175,70,1997-01-23,LM,73,221,25
4396,Valera,170,68,2002-03-16,RM,73,22,2
4397,Álex Valle,183,57,2004-04-25,LB,73,8,2
4398,Tom van de Looi,186,80,1999-07-02,CDM,73,152,9
4399,Davy van den Berg,185,75,2000-02-04,CM,73,217,9
4400,Jan Van den Bergh,188,78,,CB,73,308,6
4401,Djevencio van der Kust,168,60,2001-04-30,LB,73,149,79
4402,Cristopher Varela,187,74,1999-11-27,GK,73,340,42
4403,José Varela,178,74,1988-05-29,CM,73,128,14
4404,Dal Varešanović,177,73,2001-05-23,CAM,73,189,41
4405,Kenneth Vargas,175,70,2002-04-17,ST,73,175,102
4406,Kerwin Vargas,182,74,2002-01-02,LW,73,179,25
4407,Devis Vásquez,195,93,1998-05-12,GK,73,139,25
4408,Román Vega,177,74,2004-01-01,LB,73,173,8
4409,Dylan Vente,181,70,1999-05-09,ST,73,217,9
4410,Gabriel Vidović,180,76,2003-12-01,LW,73,93,19
4411,Vieirinha,172,73,1986-01-24,LB,73,114,12
4412,Leonardo Villagra,181,79,1990-09-02,ST,73,337,65
4413,Guido Villar,193,79,1995-02-15,GK,73,176,8
4414,Tabaré Viudez,166,64,1989-09-08,RM,73,263,14
4415,Kostyantyn Vivcharenko,178,76,2002-06-10,LB,73,112,26
4416,Kevin Viveros,180,77,,RM,73,124,25
4417,Linus Egnell Wahlqvist,185,80,1996-11-11,RB,73,188,22
4418,Christian Walton,195,72,1995-11-09,GK,73,126,4
4419,Paul Wanner,185,75,2005-12-23,CAM,73,145,10
4420,Stephen Welsh,191,78,2000-01-19,CB,73,77,24
4421,Erick Wiemberg,178,67,1994-06-20,LB,73,182,74
4422,Caleb Wiley,178,73,2004-12-22,LB,73,91,36
4423,Yehor Yarmoliuk,180,72,2004-03-01,CAM,73,74,26
4424,Yaw Yeboah,170,70,1997-03-28,LM,73,102,43
4425,Kartal Yılmaz,178,70,2000-11-04,CDM,73,234,20
4426,Frank Ysique,168,68,1996-06-20,CDM,73,265,77
4427,Facundo Zabala,172,65,1999-01-02,LB,73,211,8
4428,Franco Zanelatto,175,70,2000-05-09,RM,73,172,65
4429,Gyasi Zardes,188,80,1991-09-02,ST,73,116,36
4430,Cristián Zavala,169,73,1999-08-03,RW,73,182,74
4431,Moustafa Zeidan,174,72,,CAM,73,252,122
4432,Jordan Zemura,173,75,1999-11-14,LB,73,155,81
4433,Altin Zeqiri,185,74,2000-07-18,LW,73,189,58
4434,Nathan Zézé,190,76,2005-06-18,CB,73,136,1
4435,Lukáš Zima,197,80,1994-01-09,GK,73,341,45
4436,Dilan Zúñiga,171,80,1996-07-26,LB,73,270,74
4437,Shiloh 't Zand,178,70,,CAM,72,332,9
4438,Peter Abrahamsson,190,90,1988-07-18,GK,72,197,22
4439,Giorgi Aburjania,186,75,1995-01-02,CM,72,261,23
4440,Bismark Adjei-Boateng,180,73,1994-05-10,CDM,72,243,43
4441,Andreas Albers,193,90,1990-03-23,ST,72,191,32
4442,Juan Fernando Alfaro,174,74,1999-10-16,CDM,72,342,8
4443,Baba Alhassan,187,75,2000-01-03,CM,72,224,43
4444,Isnik Alimi,186,86,1994-02-02,CDM,72,312,62
4445,Fidan Aliti,183,77,1993-10-03,CB,72,192,58
4446,Favio Álvarez,184,75,1993-01-23,CAM,72,123,8
4447,Iker Álvarez,190,78,2001-07-25,GK,72,35,123
4448,Léo Chú,178,78,2000-04-06,LM,72,147,5
4449,Kelvin,174,68,1997-08-18,LM,72,194,5
4450,Gustavo Henrique,176,70,1999-05-24,RW,72,205,5
4451,Jamal Amofa,185,82,1998-11-25,CB,72,280,9
4452,An Jae Jun,185,71,,ST,72,154,18
4453,Gregori Anangonó,180,71,1998-05-16,RB,72,184,39
4454,Emiliano Ancheta,179,68,1999-06-09,RB,72,262,14
4455,Adam Andersson,176,68,1996-11-11,RB,72,252,22
4456,Elias Andersson,178,75,1996-01-31,LB,72,251,22
4457,Mateo Antoni,181,79,2003-04-22,CB,72,225,14
4458,Francisco Apaolaza,187,79,1997-06-19,ST,72,331,8
4459,Leonardo Aponte,175,72,1994-04-30,CB,72,331,42
4460,Jon Mikel Aramburu,176,71,2002-07-23,RB,72,28,42
4461,Diego Armas,170,65,1990-07-02,CAM,72,276,39
4462,Jaime Arrascaita,175,68,1993-09-02,RM,72,253,98
4463,Andrei Artean,186,81,,CDM,72,293,87
4464,Gjermund Åsen,182,71,1991-05-22,CM,72,306,3
4465,Dairon Asprilla,180,88,1992-05-25,LM,72,124,25
4466,Tomás Asta-Buruaga,187,80,1996-10-11,CB,72,233,74
4467,Jani Atanasov,184,77,1999-10-31,CM,72,318,62
4468,Julián Aude,180,65,2003-03-24,LB,72,109,8
4469,Rafał Augustyniak,185,82,1993-10-14,CB,72,267,13
4470,David Ayala,173,62,2002-07-26,CDM,72,115,8
4471,Julian Baas,183,80,2002-04-16,CM,72,149,9
4472,Youri Baas,182,71,2003-03-17,LB,72,72,9
4473,Isaac Babadi,178,68,2005-04-06,CAM,72,54,9
4474,Renzo Bacchia,185,80,1999-01-23,GK,72,128,14
4475,Felix Bacher,190,81,2000-05-25,CB,72,171,21
4476,William Baeten,181,77,1997-02-07,RM,72,224,6
4477,Jean-Mattéo Bahoya,180,76,2005-05-07,LM,72,49,1
4478,Ștefan Baiaram,185,70,2002-12-31,CAM,72,218,87
4479,Saïd Bakari,178,73,1994-09-22,RB,72,149,111
4480,Max Balard,175,68,,CM,72,308,71
4481,Silviu Balaure,178,64,1996-02-06,RM,72,343,87
4482,Jorge Teixeira,190,84,1999-06-21,ST,72,154,5
4483,Raúl Becerra,188,86,1987-10-01,ST,72,247,8
4484,Aziz Behich,170,63,1990-12-16,LB,72,214,71
4485,Raffael Behounek,187,80,,CB,72,311,21
4486,Łukasz Bejger,190,76,2002-01-11,CB,72,298,13
4487,Luca Belardinelli,190,75,,CDM,72,139,7
4488,Joe Bell,182,77,1999-04-27,CM,72,228,83
4489,Steven Benda,193,83,1998-10-01,GK,72,47,10
4490,Florin Berenguer,180,70,1989-04-01,CAM,72,268,1
4491,Gustav Berggren,187,80,1997-09-07,CM,72,216,22
4492,Ovidiu Bic,177,74,1994-02-23,CDM,72,288,87
4493,Vahan Bichakhchyan,172,68,1999-07-09,RM,72,188,33
4494,Tayfur Bingöl,180,74,1993-01-11,LB,72,198,20
4495,Martin Bjørnbak,193,90,1992-03-22,CB,72,163,3
4496,Sondre Flem Bjørshol,184,72,1994-04-30,RB,72,228,3
4497,Rodrigo Bogarín,180,79,1997-05-24,CAM,72,232,65
4498,Marc Bola,185,78,1997-12-09,LB,72,201,4
4499,Marcos Bolados,170,77,1996-02-28,RW,72,182,74
4500,Moïse Bombito,190,81,2000-03-30,CB,72,67,40
4501,Leonel Bontempo,174,73,1992-11-01,LB,72,263,8
4502,Benjamin Bouchouari,165,65,2001-11-13,CM,72,153,28
4503,Per Kristian Bråtveit,188,72,1996-02-15,GK,72,316,3
4504,Pedro Brazão,178,64,,RM,72,239,12
4505,Michael Breij,181,72,,RW,72,312,9
4506,Jake Brimmer,169,68,1998-04-03,CAM,72,226,71
4507,Brandt Bronico,173,70,1995-06-19,CM,72,179,36
4508,Luuk Brouwers,183,78,1998-05-03,CAM,72,223,9
4509,Buatu,187,83,1993-09-27,CB,72,159,70
4510,Constantin Budescu,186,82,1989-02-19,LW,72,344,87
4511,Gonzalo Bueno,176,73,1993-08-16,LW,72,262,14
4512,Sascha Burchert,187,78,1989-10-30,GK,72,191,10
4513,Graham Burke,180,72,1993-09-21,LW,72,325,76
4514,Oliver Burke,188,82,1997-04-07,RM,72,117,24
4515,Oriol Busquets,185,77,1999-01-20,CDM,72,165,2
4516,Butzke,193,85,1999-03-30,ST,72,275,2
4517,Zico Buurmeester,183,63,2002-06-07,CM,72,82,9
4518,Cătălin Căbuz,187,79,1996-06-18,GK,72,343,87
4519,Elvin Cafarquliyev,180,77,,LB,72,209,118
4520,Ousmane Camara,197,90,2003-03-06,CB,72,204,1
4521,Ibrahima Camará,190,78,1999-01-25,CDM,72,203,27
4522,Alfred Canales,186,73,2000-04-27,CM,72,202,74
4523,Mihai Căpățînă,177,75,1995-12-16,RB,72,218,87
4524,Wagner Pina,170,58,2002-11-03,RM,72,171,89
4525,André Sousa,181,77,,CM,72,275,12
4526,Julio Cascante,188,77,1993-10-03,CB,72,116,102
4527,Dan Casey,183,85,1997-10-29,CB,72,339,76
4528,Enzo Castillo,171,68,2000-12-23,LB,72,283,14
4529,Jesus Castillo,175,75,1996-03-10,CDM,72,172,77
4530,Jesús Castillo,184,80,2001-06-11,CDM,72,159,77
4531,Yoann Cathline,176,68,2002-07-22,LM,72,180,1
4532,José Luis Cazares,172,73,1991-05-14,CDM,72,276,39
4533,Alberto Cerri,194,91,1996-04-16,ST,72,50,7
4534,Edwin Cerrillo,175,78,2000-10-03,CDM,72,109,36
4535,Daniel Chacón,183,79,2001-04-11,CB,72,196,102
4536,Moutir Chajia,181,72,1998-06-04,LM,72,50,6
4537,Yevgen Cheberko,183,66,1998-01-23,CB,72,102,26
4538,Lallianzuala Chhangte,167,61,1997-06-08,RW,72,333,124
4539,Daniel Chima Chukwu,180,74,1991-04-04,ST,72,345,17
4540,Alexandru Chipciu,176,73,1989-05-18,LM,72,288,87
4541,Jeyson Chura,166,66,2002-02-03,RM,72,253,98
4542,Jonathan Cissé,195,91,,CB,72,326,49
4543,Denilho Cleonise,179,70,2001-12-08,RM,72,295,9
4544,Zach Clough,170,64,1995-03-08,LM,72,273,4
4545,Josh Cohen,186,79,1992-08-18,GK,72,229,36
4546,Sirlord Conteh,179,78,1996-07-20,ST,72,145,10
4547,Nikita Contini,190,85,1996-05-21,GK,72,13,26
4548,Alberto Contrera,183,70,1992-02-14,CAM,72,337,65
4549,Gabriele Corbo,186,79,2000-01-11,CB,72,235,7
4550,Marius Corbu,176,69,,CAM,72,206,87
4551,Patrick Andrade,176,70,,CDM,72,209,89
4552,Luciano Cosentino,172,63,2001-05-18,RW,72,283,14
4553,Guillermo Cotugno,177,84,1995-03-12,CB,72,128,14
4554,Benjamin Cremaschi,180,75,2005-03-02,CM,72,9,36
4555,Iulian Cristea,184,77,1994-07-17,CB,72,288,87
4556,Domen Črnigoj,188,84,1995-11-18,CM,72,170,15
4557,Iván Cuéllar,187,76,1984-05-27,GK,72,44,2
4558,João Gamboa,187,80,1996-08-31,CDM,72,188,12
4559,Alessio Da Cruz,186,74,1997-01-18,ST,72,258,89
4560,Show,180,75,,CDM,72,118,70
4561,Pedro Trigueira,192,84,,GK,72,261,12
4562,Cristian Dájome,172,69,1994-01-03,LM,72,181,25
4563,Brian De Keersmaecker,182,75,2000-05-06,CDM,72,332,6
4564,Fabian de Keijzer,193,83,2000-05-10,GK,72,332,9
4565,Luis de la Cruz,176,68,1991-02-23,CDM,72,346,65
4566,Erik De Los Santos,170,66,1999-01-16,RM,72,128,14
4567,Gabriel Debeljuh,185,80,1996-09-28,ST,72,312,19
4568,Yusuf Demir,171,65,2003-06-02,RM,72,34,21
4569,Will Dennis,188,79,2000-07-10,GK,72,68,4
4570,Halil İbrahim Dervişoğlu,183,76,1999-12-08,ST,72,34,20
4571,Enis Destan,186,79,2002-06-15,ST,72,62,20
4572,Lamine Diack,186,79,2000-11-15,CDM,72,210,61
4573,Djibril Diani,195,78,1998-02-11,CDM,72,179,1
4574,Mahamadou Diawara,187,78,2005-02-17,CM,72,46,1
4575,Ismael Diawara,194,93,1994-11-11,GK,72,290,54
4576,Matisse Didden,198,91,,CB,72,180,6
4577,Thomas Didillon-Hödl,193,88,,GK,72,311,1
4578,Maciej Domański,168,62,1990-09-05,CAM,72,292,13
4579,Stefan Dražić,187,79,,ST,72,206,30
4580,Matthieu Dreyer,188,81,1989-03-20,GK,72,91,1
4581,Bryce Duke,170,66,2001-02-28,CAM,72,235,36
4582,Kyle Duncan,177,68,1997-08-08,RB,72,83,36
4583,Patryk Dziczek,182,80,1998-03-25,CDM,72,327,13
4584,Santiago Echeverría,186,85,1990-03-28,CB,72,317,8
4585,Amine El Ouazzani,188,74,2001-07-15,ST,72,52,28
4586,Juergen Elitim,173,72,1998-07-13,CM,72,267,25
4587,Doğan Erdoğan,182,79,,CDM,72,215,20
4588,Onur Ergün,185,77,1992-11-15,CDM,72,138,20
4589,August Erlingmark,189,80,,CDM,72,297,22
4590,Pablo Erustes,175,70,1994-03-24,ST,72,301,8
4591,Mustafa Eskihellaç,175,72,1997-05-05,RM,72,169,20
4592,Derrick Etienne Jr.,178,77,1996-11-25,LM,72,104,103
4593,Marco Farfan,178,72,1998-11-12,LB,72,118,36
4594,Gonçalo Costa,178,68,2000-02-18,LB,72,171,12
4595,Mohamed Farsi,178,68,1999-12-16,RM,72,102,40
4596,Hugo Fernández,172,71,1997-12-02,LM,72,211,65
4597,Guillermo,181,74,,ST,72,347,2
4598,Matias Fernandez-Pardo,183,72,2005-02-03,CAM,72,53,6
4599,Rodi Ferreira,173,63,1998-05-29,RB,72,230,65
4600,Miguel Sousa,176,68,,CAM,72,158,12
4601,Rafael Nel,182,72,,ST,72,26,12
4602,Kolbeinn Birgir Finnsson,181,77,1999-08-25,LB,72,180,56
4603,Eduard Florescu,188,69,1997-06-27,RM,72,348,87
4604,José Fontán,183,76,2000-02-11,CB,72,165,2
4605,Matt Freese,191,88,1998-09-02,GK,72,220,36
4606,Aldair Fuentes,193,91,1998-01-25,CDM,72,172,77
4607,Michael Fuentes Vadulli,177,72,1998-05-27,LM,72,270,74
4608,Anton Gaaei,183,76,2002-11-19,RB,72,72,32
4609,Mender García,180,66,1998-10-28,ST,72,246,25
4610,Anselmo García MacNulty,187,78,2003-02-19,CB,72,217,76
4611,Luis Garro,175,75,1996-07-20,RB,72,269,77
4612,Yarek,190,75,2005-01-12,CB,72,22,2
4613,Krystian Getinger,188,78,1988-08-29,LB,72,292,13
4614,Virgil Ghiță,186,80,1998-06-04,CB,72,318,87
4615,Armin Gigović,187,78,2002-04-06,CM,72,190,41
4616,Dylan Glaby,178,77,1996-04-07,CDM,72,259,8
4617,Caio Secco,195,92,1990-12-22,GK,72,183,5
4618,Vítor Gomes,181,74,1987-12-25,CM,72,160,12
4619,Marcos Gómez,174,76,2001-11-10,CM,72,211,65
4620,Julio González,176,77,1992-06-28,RB,72,337,65
4621,Diego González,177,67,2003-01-07,LW,72,37,65
4622,Alexander Gorgon,185,76,1988-10-28,CAM,72,188,21
4623,Pablo Gozálbez,170,65,2001-04-30,CAM,72,165,2
4624,Jaume Grau,182,67,1997-05-05,CM,72,261,2
4625,Ján Greguš,189,79,1991-01-29,CDM,72,103,44
4626,Leo Greiml,187,84,2001-07-03,CB,72,308,21
4627,Gheorghe Grozav,182,71,1990-09-29,LM,72,341,87
4628,Jan Grzesik,178,70,1994-10-21,RB,72,349,13
4629,Pape Habib Gueye,188,84,,ST,72,266,61
4630,Marc Guiu,187,82,2006-01-04,ST,72,24,2
4631,Tobias Gulliksen,181,70,2003-07-09,LW,72,208,3
4632,Brian Gutiérrez,178,64,2003-06-17,LM,72,137,36
4633,Vladislavs Gutkovskis,187,82,1995-04-02,ST,72,194,125
4634,Andrew Gutman,178,72,1996-10-02,LB,72,137,36
4635,Anis Hadj-Moussa,172,68,2002-02-11,RW,72,58,31
4636,Vito Hammershøy-Mistrati,177,76,1992-06-15,CAM,72,241,32
4637,Nathan Harriel,180,79,2001-04-23,RB,72,156,36
4638,Mads Hedenstad,186,76,,GK,72,306,3
4639,Patrik Hellebrand,180,71,,CAM,72,248,45
4640,Ramon Hendriks,189,76,2001-07-18,CB,72,64,9
4641,Jorge Henríquez,176,73,1994-06-17,CM,72,259,74
4642,Javi Hernández,184,79,1989-06-06,CAM,72,303,2
4643,Kyle Hiebert,183,85,1997-07-30,CB,72,97,40
4644,Hong Jeong Ho,186,77,1989-08-12,CB,72,243,18
4645,Lyes Houri,166,59,1996-01-19,CAM,72,218,1
4646,Deniz Hümmet,189,80,1996-09-13,ST,72,208,20
4647,Dominic Iankov,180,70,2000-07-28,CAM,72,235,73
4648,Hiroshi Ibusuki,195,85,1991-02-27,ST,72,330,48
4649,André Luiz,185,77,2002-02-23,ST,72,205,5
4650,Zeidane Inoussa,177,67,2002-05-13,LW,72,197,22
4651,Elián Irala,177,67,2004-07-06,CDM,72,134,8
4652,Galego,176,71,1997-04-04,LW,72,255,5
4653,Dino Islamović,190,87,1994-01-17,ST,72,350,50
4654,Aljaž Ivačič,188,82,1993-12-29,GK,72,85,15
4655,Miguel Jacquet,179,75,1995-05-20,CB,72,199,65
4656,Timotej Jambor,183,76,,ST,72,285,44
4657,Ulrik Yttergård Jenssen,186,82,1996-07-17,CB,72,252,3
4658,Ruben Yttergård Jenssen,173,71,1988-05-04,CDM,72,351,3
4659,Jeong Tae Wook,194,92,1997-05-16,CB,72,299,18
4660,Jeong Woon,180,73,1989-06-30,CB,72,255,18
4661,Jo Jin Woo,189,81,,CB,72,193,18
4662,Piotr Johansson,185,80,1995-02-28,RB,72,208,22
4663,Ju Se Jong,176,68,1990-10-30,CDM,72,194,18
4664,Hidde Jurjus,187,77,,GK,72,271,9
4665,Markus Kaasa,175,70,1997-07-15,CM,72,163,3
4666,Yusuf Kabadayi,186,75,2004-02-02,RM,72,141,10
4667,Damian Kądzior,174,71,1992-06-16,RM,72,327,13
4668,Lovre Kalinić,201,96,1990-04-03,GK,72,75,19
4669,Benjamin Källman,181,75,1998-06-17,ST,72,318,29
4670,Ali Karimi,185,79,1994-02-11,CM,72,234,60
4671,Matty Kennedy,175,68,1994-11-01,LM,72,231,85
4672,David Kiki,180,75,1993-11-25,LB,72,224,80
4673,Guy-Marcelin Kilama,182,80,1999-05-30,CB,72,210,34
4674,Kim Ju Sung,186,76,2000-12-12,CB,72,166,18
4675,Kim Bo Sub,183,74,1998-01-10,RW,72,222,18
4676,Arda Kızıldağ,187,77,1998-10-15,CB,72,169,20
4677,Carl Klaus,189,86,1994-01-16,GK,72,92,10
4678,Elvir Koljić,191,85,1995-07-08,ST,72,218,41
4679,Ilias Kostis,192,83,2003-02-27,CB,72,10,59
4680,Adnan Kovačević,189,80,1993-09-09,CB,72,216,41
4681,İsmail Köybaşı,178,70,,LB,72,215,20
4682,Samuel Kozlovský,182,78,,LB,72,238,44
4683,Thaer Krouma,187,78,1990-02-02,CB,72,333,106
4684,Jarosław Kubicki,179,69,1995-08-07,CDM,72,240,13
4685,Dawid Kurminowski,182,73,1999-02-24,ST,72,279,13
4686,Rafał Kurzawa,182,73,1993-01-29,CDM,72,188,13
4687,Ahmed Kutucu,181,76,,ST,72,198,20
4688,Francisco La Mantía,182,79,1996-02-24,CB,72,281,42
4689,Gustaf Lagerbielke,193,83,2000-04-10,CB,72,78,22
4690,Lazaros Lamprou,180,74,1997-12-19,LM,72,216,59
4691,Ionuț Larie,191,85,1987-01-16,CB,72,274,87
4692,Nikolai Laursen,183,78,1998-02-19,RM,72,332,32
4693,Yusuf Lawal,173,77,1998-03-23,RM,72,165,17
4694,Randall Leal,169,66,1997-01-14,CAM,72,89,102
4695,Ben Lederman,182,75,2000-05-08,CM,72,216,13
4696,Richard Ledezma,174,64,2000-09-06,CAM,72,54,36
4697,Lee Geon Hee,187,79,1998-02-17,ST,72,264,18
4698,Lee Soo Bin,180,70,2000-05-07,CDM,72,243,18
4699,Lee Ho Jae,192,85,2000-10-14,ST,72,154,18
4700,Clint Leemans,188,73,,CM,72,308,9
4701,José Leguizamón,178,80,1991-08-23,CB,72,230,65
4702,Julian Lelieveld,178,69,1997-11-24,RB,72,295,9
4703,Rafał Leszczyński,187,82,1992-04-26,GK,72,298,13
4704,Nick Lima,175,79,1994-11-17,RB,72,85,36
4705,Evert Linthorst,185,82,2000-03-03,CDM,72,280,9
4706,Mihai Lixandru,184,75,2001-06-05,CDM,72,224,87
4707,Juan Lojas,188,85,1989-04-23,CB,72,301,77
4708,Matthew Longstaff,171,65,2000-03-21,CM,72,104,4
4709,Noah Loosli,186,84,1997-01-23,CB,72,150,16
4710,Roberto Lopes,182,83,1992-06-17,CB,72,325,89
4711,Mario López Quintana,182,81,1995-10-05,CB,72,291,65
4712,Adam Lundqvist,175,65,1994-03-20,LB,72,197,22
4713,Ramon Pascal Lundqvist,178,74,,CAM,72,297,22
4714,Silviu Lung,188,80,1989-06-04,GK,72,218,87
4715,Salem M'Bakata,178,72,1998-04-19,RB,72,169,1
4716,Jack MacKenzie,191,65,2000-07-04,LB,72,266,24
4717,Paris Maghoma,178,74,2001-05-08,CM,72,74,4
4718,Denil Maldonado,184,81,1998-05-26,CB,72,218,95
4719,Camora,177,69,1986-11-10,LB,72,293,87
4720,Alberto Marí,183,78,2001-07-11,ST,72,22,2
4721,Jovan Marković,183,75,2001-03-23,ST,72,343,87
4722,Artur Jorge,186,78,1994-08-14,CB,72,227,12
4723,Félix,184,77,2004-04-21,CB,72,41,2
4724,Jefersson Martínez,188,85,1993-08-16,GK,72,132,25
4725,Ramón Martínez,187,88,1996-01-04,CDM,72,211,65
4726,Alonso Martínez,173,72,1998-10-15,RM,72,220,102
4727,Gabri Martínez,185,79,2003-01-22,RM,72,52,2
4728,Henrique Pereira,178,73,,LW,72,158,12
4729,Diogo Travassos,175,65,,RB,72,26,12
4730,Lucas Masoero,188,75,1995-02-01,CB,72,288,8
4731,John McCarthy,191,82,1992-07-04,GK,72,109,36
4732,Ross McCausland,183,68,2003-05-12,RM,72,113,85
4733,Duncan McGuire,185,79,2001-02-05,ST,72,108,36
4734,Carl McHugh,180,72,1993-02-05,CDM,72,328,76
4735,Marcos Mejía,179,75,1998-06-26,RM,72,352,39
4736,Anzor Mekvabishvili,174,67,2001-06-05,CDM,72,218,23
4737,Víctor Mendoza,190,90,1994-09-30,GK,72,157,39
4738,Jonathan Mensah,188,83,1990-07-13,CB,72,85,43
4739,Francisco Mera,166,67,1992-06-06,CM,72,247,39
4740,Umut Meraş,178,73,1995-12-20,LB,72,198,20
4741,Juan Mercado,177,73,1997-01-06,CDM,72,353,98
4742,Nicolás Messiniti,184,80,1996-02-21,ST,72,352,8
4743,Beka Mikeltadze,185,77,1997-11-26,ST,72,264,23
4744,Nicolas Milanović,185,76,2001-11-14,LM,72,299,71
4745,Lewis Miller,187,83,2000-08-24,RB,72,257,71
4746,Alexander Milošević,192,82,1992-01-30,CB,72,290,22
4747,David Min,194,78,1999-06-23,ST,72,180,9
4748,Novatus Miroshi,182,74,2002-09-02,LB,72,215,101
4749,Shunsuke Mito,164,60,2002-09-28,RM,72,149,48
4750,Clemente Montes,178,75,2001-04-25,LM,72,202,74
4751,Lucas Morales,183,78,1999-11-25,RB,72,263,14
4752,Martim Fernandes,181,73,2006-01-18,RB,72,27,12
4753,Edwin Mosquera,172,58,2001-06-27,RM,72,229,25
4754,Chris Mueller,175,74,1996-08-29,LM,72,137,36
4755,Jorge Murrugarra,177,77,1997-03-22,CDM,72,249,77
4756,Gerrit Nauber,185,78,1992-04-13,CB,72,280,10
4757,David Nemeth,191,89,2001-03-18,CB,72,191,21
4758,Branislav Niňaj,191,85,1994-05-17,CB,72,312,44
4759,Brooke Norton-Cuffy,181,70,2004-01-12,RB,72,121,4
4760,Diego Novoa,185,82,1989-05-31,GK,72,148,25
4761,Claudio Nuñez,179,77,1995-11-19,CB,72,342,65
4762,Ché Nunnely,170,73,1999-02-04,RM,72,223,79
4763,Tomás O'Connor,173,70,2004-03-25,CM,72,135,8
4764,Yllan Okou,189,75,2002-12-23,CB,72,122,1
4765,Olasagasti,176,74,2000-08-16,CM,72,28,2
4766,Ibrahim Olawoyin,178,72,1997-12-01,CAM,72,189,17
4767,Ben Old,173,73,2002-08-13,LM,72,153,83
4768,Patrick Olsen,178,77,1994-04-23,CM,72,298,32
4769,Martin Olsson,180,78,1988-05-17,LB,72,207,22
4770,Aimé Omgba,190,74,,CAM,72,308,9
4771,Başar Önal,179,70,,LM,72,151,20
4772,Óscar Opazo,169,68,1990-10-18,RB,72,182,74
4773,Takuto Oshima,174,71,1998-06-01,CM,72,218,48
4774,William Osula,192,81,2003-08-04,ST,72,21,32
4775,Sergio Otálvaro,177,75,1986-12-10,RB,72,230,25
4776,Zinédine Ould Khaled,195,79,2000-01-14,CDM,72,204,1
4777,Jeisson Palacios,186,77,1994-03-20,CB,72,221,25
4778,Brayan Palmezano,164,67,2000-09-17,CAM,72,219,42
4779,Alexandru Pantea,178,71,2003-09-11,RB,72,224,87
4780,Giannis Papanikolaou,182,73,1998-11-18,CM,72,189,59
4781,Park Soo Il,180,72,,RB,72,193,18
4782,Abdulkadir Parmak,176,70,1994-12-28,CDM,72,210,20
4783,Adrian Păun,177,73,,CAM,72,293,87
4784,Nicolae Păun,181,75,1999-01-19,CDM,72,312,87
4785,Bartłomiej Pawłowski,178,70,1992-11-13,CAM,72,238,13
4786,Tim Payne,179,73,1994-01-10,RB,72,322,83
4787,Geisson Perea,181,81,1991-08-06,CB,72,265,25
4788,Adrian Nilsen Pereira,186,75,1999-08-31,LB,72,252,3
4789,Pablo Felipe,184,76,,RM,72,152,5
4790,Angel Pérez,176,74,1989-10-07,RB,72,269,77
4791,Luis Pérez,176,76,1996-05-28,CM,72,338,25
4792,Simone Perilli,195,85,1995-01-07,GK,72,122,7
4793,Kristoffer Peterson,185,72,1994-11-28,LM,72,258,22
4794,Tom Pettersson,190,83,1990-03-25,CB,72,354,22
4795,Shaquille Pinas,182,73,1998-03-19,LB,72,256,79
4796,Gabriel Pirani,170,71,2002-04-12,CAM,72,181,5
4797,Damián Pizarro,185,85,2005-03-28,ST,72,155,74
4798,Peter Pokorný,183,76,2001-08-08,CDM,72,298,44
4799,Ernest Poku,173,63,2004-01-28,RW,72,82,9
4800,Daniel Popa,186,83,1995-07-14,ST,72,224,87
4801,Ovidiu Popescu,181,77,1994-02-24,CDM,72,288,87
4802,Segundo Portocarrero,170,67,1996-10-15,LM,72,249,39
4803,Romano Postema,175,67,,ST,72,271,9
4804,Richard Prieto,172,68,1997-02-25,LM,72,291,65
4805,George Pușcaș,188,78,1996-04-08,ST,72,239,87
4806,Quintillà,177,71,1996-08-23,LB,72,206,2
4807,Uroš Radaković,194,89,1994-03-31,CB,72,146,30
4808,Hamza Rafia,178,75,1999-04-22,CM,72,69,51
4809,Jackson Ragen,198,91,1998-09-24,CB,72,147,36
4810,Rodrigo Ramallo,178,70,1990-10-14,LM,72,253,98
4811,Alex Rambal,183,70,1992-09-24,CB,72,338,25
4812,Vadim Rață,175,71,1993-05-05,CM,72,288,126
4813,Raimundo Rebolledo,172,69,1997-05-14,RB,72,304,74
4814,Nuno Lima,184,76,2001-03-16,CB,72,192,12
4815,Martin Remacle,176,70,1997-05-16,CM,72,355,6
4816,Marco Rente,188,84,,CB,72,271,10
4817,Andrés Rentería,179,79,1993-03-06,ST,72,323,25
4818,Leandro Requena,186,80,1987-09-11,GK,72,272,8
4819,Edisson Restrepo,177,72,1996-12-19,CB,72,284,25
4820,Rubén Darío Ríos,174,68,1995-11-02,CM,72,230,8
4821,Josh Risdon,167,70,1992-07-27,RB,72,294,71
4822,Robin Risser,193,82,,GK,72,91,1
4823,Lars Ritzka,182,78,1998-05-07,LB,72,191,10
4824,Blás Riveros,178,71,1998-02-03,LB,72,143,65
4825,Matías Rocha,183,75,2001-02-13,CB,72,165,14
4826,Rúben Lima,177,69,1989-10-03,CB,72,205,12
4827,Luís Rocha,186,85,,CB,72,236,12
4828,Rodrigues,188,79,1997-10-10,CB,72,164,5
4829,Vicente Rodríguez,177,73,1994-11-13,CM,72,281,42
4830,Ignacio Rodríguez,188,82,2003-11-10,CB,72,261,14
4831,Alberto,191,92,,CB,72,302,2
4832,Marco Rojas,168,64,1991-11-05,LM,72,322,83
4833,Esteban Rolón,178,75,1995-03-25,CDM,72,186,8
4834,Fernando Román,180,77,1998-11-20,LB,72,211,65
4835,Alin Roman,173,68,1994-01-27,CAM,72,356,87
4836,Raphael Rossi,190,84,1990-07-25,CB,72,349,5
4837,Agustín Ruberto,183,80,2006-01-14,ST,72,29,8
4838,Slobodan Rubežić,194,88,2000-03-21,CB,72,266,50
4839,Besard Sabovic,186,77,1998-01-05,CDM,72,208,22
4840,Loret Sadiku,181,72,1991-07-28,CDM,72,187,66
4841,Ole Christian Sæter,193,80,1996-03-30,ST,72,252,3
4842,Lars Sætra,195,90,1991-07-24,CB,72,350,3
4843,Sebastián Sáez,177,82,1985-01-24,ST,72,219,8
4844,Anass Salah-Eddine,181,66,2002-01-18,LB,72,78,9
4845,Amine Salama,192,78,2000-07-18,ST,72,105,1
4846,Aldair Salazar,180,75,1994-08-19,CB,72,301,77
4847,Ricardo Salcedo,170,66,1990-03-23,CDM,72,269,77
4848,Emil Salomonsson,182,75,1989-04-28,RB,72,297,22
4849,Víctor Samudio,185,84,1987-05-17,GK,72,346,65
4850,Carlos Sánchez,182,82,1986-02-06,CDM,72,134,25
4851,Sergio Santos,183,77,1994-09-04,ST,72,51,5
4852,Abdoulie Sanyang,173,69,1999-05-08,RM,72,75,91
4853,Veysel Sarı,184,76,1988-07-25,CB,72,242,20
4854,Hans Nunoo Sarpei,178,72,1998-08-22,CDM,72,357,43
4855,Elías Sarquis,180,74,1991-03-21,LM,72,337,65
4856,Joël Schingtienne,188,80,2002-08-14,CB,72,170,6
4857,Kenneth Schmidt,187,81,2002-06-03,CB,72,45,10
4858,Ricardo Friedrich,188,83,1993-02-18,GK,72,207,5
4859,Petr Schwarz,174,70,1991-11-12,CM,72,298,45
4860,Ilias Sebaoui,180,68,,LM,72,223,28
4861,Muhammed Şengezer,192,80,1997-01-05,GK,72,138,20
4862,Patrick Gilmar Sequeira,190,84,,GK,72,158,102
4863,Jacob Shaffelburg,178,74,1999-11-26,LM,72,89,40
4864,Samuel Shashoua,170,65,1999-05-13,ST,72,168,4
4865,Shin Kwang Hoon,178,73,1987-03-18,RB,72,154,18
4866,Grego Sierra,184,74,1993-03-05,CB,72,218,2
4867,Santiago Silva,179,75,2004-08-01,CM,72,219,14
4868,Marcelo Silva,185,82,1989-03-21,CB,72,94,14
4869,Mauro Silveira,187,88,2000-05-06,GK,72,263,14
4870,Mateusz Skrzypczak,186,77,2000-08-22,CB,72,240,13
4871,Jakub Słowik,190,82,1991-08-31,GK,72,142,13
4872,Ester Sokler,187,74,1999-06-04,ST,72,266,15
4873,Adam Sørensen,165,60,2000-11-11,LB,72,133,32
4874,Sebastián Sosa Sánchez,188,80,1994-03-13,ST,72,283,14
4875,Nicolás Sosa Sánchez,177,69,1996-04-06,ST,72,128,14
4876,Jorge Soto,187,82,1993-08-02,GK,72,221,25
4877,Gianni Stensness,185,82,1999-02-07,CB,72,228,71
4878,Ianis Stoica,180,68,2002-12-08,RM,72,343,87
4879,Ryan Strain,181,76,1997-04-02,RB,72,358,71
4880,Jared Stroud,178,73,1996-07-10,RM,72,181,36
4881,Max Stryjek,188,82,1996-07-18,GK,72,240,13
4882,Martin Suchomel,183,75,,LB,72,96,45
4883,Vladyslav Supriaha,182,75,2000-02-15,ST,72,112,26
4884,Marin Šverko,187,81,1998-02-04,CB,72,170,19
4885,Mohamad Sylla,189,81,1993-12-01,CDM,72,359,1
4886,Younes Taha,176,67,2002-11-27,RM,72,78,28
4887,Ertuğrul Taşkıran,191,83,1989-11-05,GK,72,192,20
4888,Geovany Quenda,172,65,,RW,72,26,12
4889,Adalid Terrazas,177,70,2000-08-25,CAM,72,277,98
4890,Simon Thern,181,76,1992-09-18,CM,72,329,22
4891,Mads Døhr Thychosen,178,75,1997-06-27,RB,72,290,32
4892,Valentin Țicu,181,76,2000-09-19,LB,72,341,87
4893,Marco Tilio,170,67,2001-08-23,RM,72,214,71
4894,Mickaël Tirpan,177,74,,RB,72,311,20
4895,Christian Tizón,165,65,1996-01-26,LM,72,262,14
4896,Tommy Tobar,183,83,1986-11-21,ST,72,353,25
4897,Grzegorz Tomasiewicz,166,64,1996-05-05,CDM,72,327,13
4898,Keke Topp,192,94,2004-03-25,ST,72,117,10
4899,Joaquín Torres,165,61,1997-01-28,CAM,72,202,8
4900,David Torres,182,76,2003-03-05,CB,72,120,2
4901,Aleksandar Trajkovski,179,78,1992-09-05,LM,72,75,62
4902,Anders Trondsen,183,78,1995-03-30,LB,72,297,3
4903,Anthony Uribe,181,81,1990-10-24,ST,72,296,42
4904,Kyan Vaesen,190,79,2001-04-13,ST,72,311,6
4905,Iván Valdez,180,73,1995-06-10,RM,72,337,65
4906,Jefferson Valverde,176,70,,CM,72,103,39
4907,Dario Van den Buijs,188,78,1995-09-12,CB,72,295,6
4908,Mickey van der Hart,188,87,1994-06-13,GK,72,223,9
4909,Jasper van der Werff,188,80,1998-12-09,CB,72,288,16
4910,Alec Van Hoorenbeeck,187,77,1998-12-30,CB,72,78,6
4911,Yoëll van Nieff,183,82,1993-06-17,CDM,72,333,9
4912,Yanick van Osch,183,73,,GK,72,295,9
4913,Kevin van Veen,189,84,1991-06-01,ST,72,271,9
4914,Nilton Varela,182,76,2001-05-25,LB,72,205,12
4915,Jefre Vargas,181,84,1995-01-12,RB,72,296,42
4916,Indiana Vassilev,175,65,2001-02-16,CM,72,97,36
4917,Thiago Vecino,183,80,1999-02-25,ST,72,219,14
4918,Brayan Véjar,168,70,1995-07-14,LB,72,270,74
4919,Odysseus Velanas,180,70,1998-06-05,LM,72,217,9
4920,Nikolas Veratschnig,180,75,2003-01-24,RB,72,93,21
4921,Hobie Verhulst,193,92,1993-04-02,GK,72,82,9
4922,Felipe Villagrán,180,81,1997-03-17,CM,72,233,74
4923,Pedro Vite,168,60,2002-03-09,CM,72,100,39
4924,Carlos Vivas,183,80,2002-04-04,CB,72,296,42
4925,Ilija Vukotić,191,78,1999-01-07,CM,72,203,50
4926,Ali Şaşal Vural,187,68,1990-07-10,GK,72,146,20
4927,Joel Waterman,185,75,1996-01-24,CB,72,235,40
4928,Joshua Wilson-Esbrand,176,65,2002-12-26,LB,72,2,4
4929,Henry Wingo,183,77,1995-10-04,CB,72,104,36
4930,Rafał Wolski,180,70,1992-11-10,CAM,72,349,13
4931,Robin Yalçın,183,77,,RB,72,198,10
4932,Héctor Yuste,191,82,1988-01-12,CB,72,260,2
4933,Gjoko Zajkov,187,79,1995-02-10,CB,72,218,62
4934,Ángel Zamudio,185,78,1997-04-21,GK,72,269,77
4935,Luis Zárate,191,76,2000-02-25,CB,72,176,65
4936,Sean Zawadzki,183,73,2000-04-21,CB,72,102,36
4937,Ivan Zlobin,191,84,1997-03-07,GK,72,152,47
4938,Nino Žugelj,189,80,2000-05-23,RW,72,133,15
4939,Talys,181,76,1999-02-10,LB,71,227,5
4940,Dawid Abramowicz,186,76,1991-05-16,LB,71,360,13
4941,Lalas Abubakar,185,82,1994-12-25,CB,71,196,43
4942,Yaw Ackah,169,65,1999-06-01,CDM,71,234,43
4943,Nahuel Acosta,180,78,1999-05-11,RW,71,140,14
4944,Martin Adeline,180,63,2003-12-02,CM,71,105,1
4945,Carlos Adorno,181,84,2001-04-03,GK,71,284,98
4946,Babatunde Akinsola,175,68,,RM,71,261,17
4947,Ufuk Akyol,180,74,1997-08-27,CDM,71,142,20
4948,Ali Al Hamadi,187,76,2002-03-01,ST,71,126,127
4949,Danilo Al Saed,180,67,,LM,71,223,127
4950,Alessandro Albanese,174,70,,LM,71,357,6
4951,Jostin Alman,188,78,1995-05-11,ST,71,352,39
4952,João Pedro,176,68,1993-04-03,CM,71,361,12
4953,Riçard Almeyda,177,75,,CM,71,209,118
4954,Altimira,176,69,2001-03-28,RB,71,86,2
4955,Fran Álvarez,178,70,1998-01-21,CM,71,238,2
4956,Michael Ameyaw,176,75,2000-09-16,RM,71,327,13
4957,Luke Amos,179,72,1997-02-23,CM,71,257,4
4958,Oscar Añez,172,66,1990-07-23,RB,71,284,98
4959,Hugo Ángeles,175,69,1993-12-18,LB,71,269,77
4960,Marco Antonio Angulo,180,63,2002-05-08,CDM,71,162,39
4961,Jeremy Antonisse,184,72,2002-03-29,LM,71,183,112
4962,Rafael Arace,173,71,1995-05-22,RM,71,340,42
4963,Francisco Arancibia,170,62,,RM,71,202,74
4964,Walter Araujo,173,67,1995-09-05,CAM,71,305,65
4965,Joiser Arias,178,66,1998-12-03,LM,71,340,42
4966,Xavier Arreaga,184,75,1994-09-28,CB,71,85,39
4967,Yamil Asad,178,74,1994-07-27,LM,71,51,8
4968,Serkan Asan,170,67,1999-04-28,RB,71,62,20
4969,Joseph Attamah,180,80,1994-05-22,CB,71,234,43
4970,Edson Aubert,172,68,1988-11-14,CDM,71,338,77
4971,Loide Augusto,185,70,2000-02-26,RB,71,192,70
4972,Zé Ricardo,175,75,,LB,71,261,5
4973,Yasin Ayari,172,69,2003-10-06,CM,71,59,22
4974,Joseph Baffoe,183,79,1992-11-07,CB,71,362,22
4975,Scott Bain,183,84,1991-11-22,GK,71,77,24
4976,Corey Baird,178,73,1996-01-30,ST,71,51,36
4977,Mihai Bălașa,186,78,1995-01-14,CB,71,274,87
4978,Elves Baldé,168,62,1999-10-02,RW,71,227,12
4979,Hassane Bandé,178,72,1998-10-30,ST,71,357,37
4980,Péter Baráth,185,78,2002-02-21,CDM,71,216,35
4981,Théo Barbet,184,75,2001-03-06,CB,71,321,1
4982,Sergio Barcia,186,76,2000-12-31,CB,71,267,2
4983,Francisco Bareiro,192,93,1999-11-21,ST,71,305,65
4984,Orlando Barreto,185,81,1998-01-13,CB,71,211,65
4985,Gerson Barreto,179,70,1995-08-18,CM,71,265,77
4986,Martín Barrios,177,73,1999-01-24,CM,71,128,14
4987,Jorge Bazán,170,69,1991-03-23,RM,71,301,77
4988,Marvin Bejarano,172,70,1988-03-06,LB,71,317,98
4989,Carlos Beltrán,188,79,1990-08-18,CB,71,301,8
4990,Fernando Benítez,172,80,1999-06-04,CDM,71,230,65
4991,Miguel Ángel Benítez,172,77,1997-08-13,LB,71,185,65
4992,Óliver Benítez,184,80,1991-06-07,CB,71,296,8
4993,Iker Benito,176,71,2002-08-10,LM,71,81,2
4994,Bartosz Białek,191,84,2001-11-11,ST,71,66,13
4995,Alessandro Bianco,173,67,2002-10-01,CM,71,90,7
4996,Daniel Bielica,191,76,1999-04-30,GK,71,308,13
4997,José Bizama,178,75,1994-06-25,RB,71,270,74
4998,Morten Bjørlo,176,70,,CM,71,363,3
4999,Filip Blažek,188,85,,CB,71,285,44
5000,Joaquín Blázquez,193,87,2001-01-28,GK,71,143,8
5001,Emmanuel Boateng,168,68,1994-01-17,LM,71,85,43
5002,Jeremy Bokila,188,81,,ST,71,311,53
5003,Warren Bondo,177,63,2003-09-15,CM,71,90,1
5004,Sebastian Borza,183,72,2005-11-12,LB,71,285,87
5005,Carlo Boukhalfa,186,79,1999-05-03,CAM,71,191,10
5006,João Moutinho,183,71,1998-01-12,LB,71,240,12
5007,Julián Brea,172,72,1999-10-10,RW,71,219,8
5008,Jakob Breum,178,68,2003-11-17,RM,71,280,32
5009,Maximilian Breunig,194,85,2000-08-14,ST,71,145,10
5010,Ivan Brkić,194,88,,GK,71,314,19
5011,Lachlan Brook,178,69,2001-02-08,RM,71,94,71
5012,Jordy Bruijn,172,70,1996-07-23,CAM,71,332,9
5013,Thomas Bruns,177,69,1992-01-07,CAM,71,332,9
5014,Max Bruns,183,67,2002-11-06,CB,71,78,9
5015,Charles-Andreas Brym,185,68,1998-08-08,ST,71,149,40
5016,Conrado,173,72,,LM,71,364,5
5017,Gastón Bueno,183,74,1985-02-02,CB,71,128,14
5018,Thomas Buitink,174,68,2000-06-14,ST,71,217,9
5019,Sergiy Buletsa,172,64,1999-02-16,CAM,71,364,26
5020,Marco Burch,183,75,2000-10-19,CB,71,267,16
5021,Cory Burke,191,82,1991-12-28,ST,71,83,38
5022,Josef Bursik,190,75,2000-07-12,GK,71,257,4
5023,Rocky Bushiri,187,91,1999-11-30,CB,71,257,53
5024,Ludovic Butelle,188,84,1983-04-03,GK,71,105,1
5025,Alexandr Bužek,180,67,,CDM,71,98,45
5026,Carlos Cabello,171,68,1997-09-22,RB,71,265,77
5027,Chris Cadden,183,76,1996-09-19,RB,71,257,24
5028,Beder Caicedo,180,72,1992-05-13,LB,71,176,39
5029,Luis Caicedo,185,70,1992-05-11,CB,71,301,39
5030,Kaan Caliskaner,192,87,1999-11-03,CAM,71,314,10
5031,Ousmane Camara,184,75,2001-11-03,ST,71,178,27
5032,George Campbell,188,84,2001-06-22,CB,71,235,36
5033,Felipe Campos,179,81,1993-11-08,RB,71,233,74
5034,Álvaro Campuzano,185,90,1995-06-12,CDM,71,199,65
5035,Cihan Çanak,175,65,2005-01-24,CAM,71,62,6
5036,Cañizares,186,81,2002-05-10,GK,71,227,2
5037,Tiberiu Căpușă,183,75,1998-04-06,RB,71,343,87
5038,Bryan Castrillón,169,57,1999-03-30,LM,71,132,25
5039,Raúl Castro,178,68,1989-08-19,CDM,71,353,98
5040,Marcin Cebula,177,65,1995-12-06,CAM,71,298,13
5041,Cédric,187,75,2001-12-01,ST,71,65,34
5042,Emil Ceïde,175,71,2001-09-03,LW,71,252,3
5043,Yuriel Celi,178,80,2002-02-20,CAM,71,249,77
5044,Lucas Cepeda,177,73,2002-10-31,LW,71,182,74
5045,Tarık Çetin,193,86,1997-01-08,GK,71,189,20
5046,Willian Cevallos,172,74,1990-05-15,CDM,71,276,39
5047,Ronaldo Chacón,183,84,1998-02-18,ST,71,340,42
5048,Leyser Chaverra,175,70,1997-04-01,RB,71,246,25
5049,Wálter Chavez,178,74,1994-04-06,GK,71,276,39
5050,Sunil Chhetri,169,69,1984-08-03,ST,71,244,124
5051,Vlad Chiricheș,184,75,1989-11-14,CB,71,224,87
5052,Aurelian Chițu,183,85,1991-03-25,ST,71,343,87
5053,Cho Young Wook,178,73,1999-02-05,ST,71,166,18
5054,Choi Young Joon,181,76,,CDM,71,255,18
5055,Andreas Christodoulou,188,83,1997-03-26,GK,71,206,97
5056,Uğur Çiftçi,179,73,1992-05-04,LB,71,146,20
5057,Sadık Çiftpınar,183,78,1993-01-01,CB,71,187,20
5058,Cătălin Cîrjan,175,62,2002-12-01,CAM,71,324,87
5059,Ramazan Civelek,171,65,1996-01-22,RM,71,234,20
5060,Royscer Colpa,181,72,1995-05-23,CDM,71,323,25
5061,Lautaro Comas,172,75,1995-01-14,LM,71,230,8
5062,Aloïs Confais,174,61,1996-09-07,CDM,71,161,1
5063,Sergio Córdova,188,87,,ST,71,192,42
5064,Fernando Cornejo,171,72,1995-12-26,CM,71,162,74
5065,Grégoire Coudert,188,83,1999-04-03,GK,71,80,1
5066,Saúl Crespo,186,79,1996-07-23,CM,71,260,2
5067,Juan Manuel Cruz,186,71,1999-07-19,ST,71,122,8
5068,Darwin Cuero,190,80,1994-10-15,GK,71,276,39
5069,Josué Cuero,176,67,2001-05-21,RB,71,352,39
5070,Luke Cundle,170,62,2002-04-26,CM,71,79,4
5071,Greg Cunningham,183,74,1991-01-31,CB,71,365,76
5072,Alan Czerwiński,181,74,1993-02-02,RB,71,313,13
5073,Leo Bolgado,190,84,,CB,71,293,5
5074,Jhonny Da Silva,182,74,1991-08-21,GK,71,263,14
5075,Kayky,175,67,2003-06-11,RW,71,2,5
5076,Ataberk Dadakdeniz,194,84,1999-08-05,GK,71,242,20
5077,Filip Dagerstål,189,78,1997-02-01,CB,71,251,22
5078,Jake Davis,178,68,2002-01-03,RB,71,250,36
5079,Matheus Sales,178,68,1995-05-13,CDM,71,167,5
5080,Ronaldo Deaconu,182,75,1997-05-13,CM,71,343,87
5081,Maxim Dekker,191,78,2004-04-21,CB,71,82,9
5082,Adil Demirbağ,185,78,1997-12-10,CB,71,142,20
5083,Valentín Depietri,178,75,2000-10-31,LM,71,143,8
5084,Diomar Díaz,172,70,1990-03-07,CM,71,296,42
5085,Victor Dican,189,80,2000-10-11,CDM,71,274,87
5086,Carlo Diez,176,71,1996-04-18,CDM,71,301,77
5087,Pedro Ferreira,183,79,,CDM,71,236,12
5088,Edan Diop,173,70,2004-08-28,RM,71,57,1
5089,Djibril Thialaw Diop,188,80,1999-01-06,CB,71,228,61
5090,Matheus Dias,187,76,,CDM,71,275,5
5091,Hassani Dotson,180,77,1997-08-06,CDM,71,168,36
5092,Jake Doyle-Hayes,175,68,1998-12-30,CM,71,257,76
5093,Stefan Drljača,192,89,1999-04-20,GK,71,64,10
5094,Julien Duranville,170,67,2006-05-05,LM,71,12,6
5095,Chris Durkin,182,75,2000-02-08,CM,71,97,36
5096,Ender Echenique,168,65,2004-04-02,RM,71,281,42
5097,Raheem Edwards,173,68,1995-07-15,LB,71,235,40
5098,Vitus Eicher,191,86,1990-11-05,GK,71,145,10
5099,Jacques Ekomié,179,73,2003-08-19,LB,71,204,55
5100,Martin Ellingsen,180,75,1995-05-04,CDM,71,290,3
5101,Bartuğ Elmaz,179,67,2003-02-19,CDM,71,31,20
5102,Lawrence Ennali,172,65,2002-03-07,LM,71,103,10
5103,Ante Erceg,180,75,,ST,71,258,19
5104,Magnus Eriksson,181,79,1990-04-08,CM,71,208,22
5105,Julius Eskesen,175,68,1999-03-16,CM,71,315,32
5106,Runar Espejord,189,86,1996-02-26,ST,71,133,3
5107,Andrej Fábry,177,78,1997-03-01,CAM,71,361,44
5108,Wahid Faghir,186,83,2003-07-29,ST,71,64,32
5109,Edder Farías,183,75,1988-04-12,ST,71,340,42
5110,Mads Fenger,185,81,1990-09-10,CB,71,256,32
5111,Pedro Nuno,174,68,,CAM,71,355,12
5112,Omir Fernandez,170,64,1999-02-08,RM,71,196,36
5113,Roberto,186,75,,ST,71,52,2
5114,Nicolás Ferreira,171,68,2002-02-07,RW,71,263,14
5115,Lucas Ferreira,189,80,2000-06-16,CB,71,232,14
5116,Fernando Fonseca,182,75,,RB,71,261,12
5117,Frédéric Maciel,175,65,1994-03-15,RW,71,326,12
5118,Karol Fila,183,76,1998-06-13,RB,71,91,13
5119,Stuart Findlay,191,82,1995-09-14,CB,71,231,24
5120,Francisco Flores,181,88,1990-04-30,CDM,71,331,42
5121,Deybi Flores,182,68,1996-06-16,CDM,71,104,95
5122,Théo Fonseca,178,66,2000-06-11,ST,71,152,12
5123,Matias Fonseca,181,77,2001-03-12,ST,71,263,14
5124,Chris Forrester,180,69,1992-12-17,CM,71,366,76
5125,Taichi Fukui,172,65,2004-07-14,CM,71,165,48
5126,Cristian Ganea,175,72,1992-05-24,LB,71,274,87
5127,Orlando Gaona Lugo,176,79,1990-07-25,RM,71,342,65
5128,Robert Garcés,171,69,1993-04-05,CM,71,305,42
5129,Alan García,178,74,1999-09-14,RB,71,283,14
5130,Franco Emanuel García,172,68,1997-06-04,RW,71,272,8
5131,Espen Bjørnsen Garnås,190,84,1994-12-31,CB,71,306,3
5132,Jader,173,67,,LM,71,202,5
5133,Jason Geria,184,75,1993-05-10,RB,71,287,71
5134,Edvinas Gertmonas,192,92,1996-06-01,GK,71,288,128
5135,Enzo Giménez,178,73,1998-02-17,RM,71,185,65
5136,Kamil Glik,190,80,1988-02-03,CB,71,318,13
5137,Eddy Gnahoré,188,88,1993-11-14,CDM,71,324,1
5138,Adnan Golubović,186,80,1995-07-22,GK,71,324,15
5139,Claude Gonçalves,174,69,,CM,71,267,12
5140,Hilary Gong,169,70,,RM,71,238,17
5141,Soner Gönül,177,73,1997-06-11,LB,71,201,20
5142,Imanol González,183,84,1998-01-06,CB,71,219,8
5143,Claudio González,174,74,1990-04-26,GK,71,233,74
5144,Agustín González,175,65,1997-01-25,CAM,71,289,14
5145,Urko González,189,83,2001-03-20,CB,71,28,2
5146,Jean Baptiste Gorby,181,76,,CDM,71,52,1
5147,Jens Grahl,192,88,1988-09-22,GK,71,49,10
5148,Agustín Graneros,180,70,1996-04-28,ST,71,367,8
5149,Simon Graves,191,78,1999-05-22,RB,71,217,32
5150,Ruan,170,65,1995-05-29,RB,71,118,5
5151,Mateusz Grzybek,178,68,1996-03-30,LB,71,279,13
5152,Carl Gustafsson,180,78,2000-03-18,CM,71,350,22
5153,Filipe Nascimento,175,67,1995-01-07,CM,71,248,12
5154,Brad Guzan,193,94,1984-09-09,GK,71,229,36
5155,Maren Haile-Selassie,176,72,1999-03-13,RM,71,137,16
5156,Kreshnik Hajrizi,185,78,1999-05-28,CB,71,238,58
5157,Daniel Håkans,178,70,2000-10-26,RW,71,251,29
5158,Han Chan Hee,181,75,1997-03-17,CM,71,154,18
5159,Marek Hanousek,186,78,1991-08-06,CDM,71,238,45
5160,Cameron Harper,176,71,2001-11-19,RM,71,83,36
5161,Florent Hasani,183,75,1997-03-30,RW,71,285,58
5162,Jakob Haugaard,199,87,1992-05-01,GK,71,351,32
5163,Eirik Haugan,180,73,1997-08-27,CB,71,163,3
5164,Gustav Henriksson,188,80,1998-02-03,CB,71,254,22
5165,Fabian Herbers,183,75,1993-08-17,RM,71,137,10
5166,Andrés Hernández,171,65,1993-04-21,CDM,71,340,42
5167,Jose Herrera,172,68,2003-04-16,RW,71,173,8
5168,Dominik Hładun,190,77,1995-09-17,GK,71,279,13
5169,Jake Hollman,180,70,2001-08-26,CM,71,237,71
5170,Hong Yun Sang,177,68,2002-03-19,LM,71,154,18
5171,Henry Hore,180,67,1999-08-17,LM,71,310,71
5172,Lukas Hornicek,194,95,2002-07-13,GK,71,52,45
5173,Ilyes Housni,172,68,,ST,71,5,28
5174,Jeroen Houwen,188,73,1996-02-18,GK,71,295,9
5175,Marian Huja,191,80,1999-08-05,CB,71,341,12
5176,Adrien Hunou,179,70,1994-01-19,ST,71,204,1
5177,Etzaz Hussain,176,69,1993-01-27,CDM,71,307,3
5178,Matías Ibáñez,180,75,1986-12-16,GK,71,304,8
5179,Romario Ibarra,175,77,1994-09-24,LW,71,176,39
5180,Wilson Ibarrola,172,74,1996-07-02,LB,71,291,65
5181,Gino Infantino,179,74,2003-05-19,RW,71,71,8
5182,Manuel Insaurralde,176,76,1999-01-31,CM,71,134,8
5183,Aleksey Isayev,177,74,,CM,71,209,118
5184,Marin Jakoliš,182,77,1996-12-26,RM,71,237,19
5185,Patryk Janasik,178,68,1997-08-25,LB,71,318,13
5186,Oscar Jansson,187,82,1990-12-23,GK,71,208,22
5187,Erik Janža,175,72,1993-06-21,LB,71,248,15
5188,Artur Jędrzejczyk,189,86,1987-11-04,CB,71,267,13
5189,James Jeggo,178,71,1992-02-12,CDM,71,214,71
5190,Jeon Byung Kwan,178,72,2002-11-10,LM,71,243,18
5191,Jeong Sang Bin,175,72,2002-04-01,ST,71,168,18
5192,Jeong Min Ki,190,78,1996-02-09,GK,71,245,18
5193,Sondre Solholm Johansen,192,86,1995-07-07,CB,71,307,3
5194,Andreas Johansson,184,78,1982-03-10,CB,71,362,22
5195,Oscar Johansson,178,73,1995-05-06,RM,71,256,22
5196,Derrick Jones,193,75,1997-03-03,CDM,71,102,36
5197,Antoine Joujou,189,75,2003-03-12,RM,71,161,1
5198,Jakub Jugas,186,79,1992-05-05,CB,71,318,45
5199,Leonel Justiniano,172,79,1992-07-02,CDM,71,213,98
5200,Melih Kabasakal,178,72,,CDM,71,198,20
5201,Tugay Kaçar,187,82,,CDM,71,198,20
5202,Junior Kadile,182,76,2002-12-16,LM,71,321,1
5203,Mattias Käit,187,76,1998-06-29,CM,71,285,109
5204,Otar Kakabadze,186,79,1995-06-27,RM,71,318,23
5205,Hasan Ali Kaldırım,183,75,1989-12-09,LB,71,234,20
5206,Anthony Kalik,180,72,1997-11-05,CAM,71,75,71
5207,Burak Kapacak,180,71,1999-12-08,RM,71,31,20
5208,Steve Kapuadi,196,88,1998-04-30,CB,71,267,1
5209,Denso Kasius,185,73,2002-10-06,RB,71,82,9
5210,Aléxandros Katránis,174,74,1998-05-04,LB,71,94,59
5211,Conor Kearns,188,76,1998-05-06,GK,71,368,76
5212,Thomas Keller,186,82,1999-08-05,CB,71,145,10
5213,Liam Kelly,184,85,1996-01-23,GK,71,113,24
5214,Philippe Paulin Keny,190,80,1999-05-18,ST,71,138,61
5215,Kim Dong Min,180,75,1994-08-16,CB,71,222,18
5216,Kim In Kyun,174,66,1998-07-23,ST,71,194,18
5217,Kim Kang Guk,181,72,1997-01-07,CM,71,310,18
5218,Kim Min Duk,183,78,,CB,71,193,18
5219,Kim Min Woo,172,72,1990-02-25,LM,71,167,18
5220,Kim Geon Woong,185,81,1997-08-29,CB,71,255,18
5221,Kim Young Bin,184,79,1991-09-20,CB,71,310,18
5222,Kim Do Hyeok,173,70,1992-02-08,CM,71,222,18
5223,Leon King,185,75,2004-01-14,CB,71,113,24
5224,Eric Bugale Kitolano,175,70,1997-09-02,CAM,71,306,3
5225,Patryk Klimala,183,76,1998-08-05,ST,71,298,13
5226,Fredrik P. Knudsen,190,83,1996-08-30,CB,71,282,3
5227,Dimitrios Kolovetsios,183,77,1991-10-16,CB,71,234,59
5228,Ben Lhassine Kone,172,70,2000-03-14,CM,71,50,49
5229,Bartosz Kopacz,188,85,1992-05-21,RB,71,279,13
5230,Frans Krätzig,177,70,2003-01-14,LB,71,64,10
5231,Ruben Kristiansen,183,74,1988-02-20,LB,71,282,3
5232,Florian Krüger,186,81,1999-02-13,ST,71,271,10
5233,Kwon Hyeok Kyu,189,75,2001-03-13,CDM,71,257,18
5234,Lassi Lappalainen,183,76,1998-08-24,LM,71,235,29
5235,Pablo Laredo,175,66,1993-10-04,CDM,71,353,98
5236,Japhet Sery Larsen,185,78,2000-04-10,CB,71,282,32
5237,Lasure,176,72,1994-02-27,LB,71,288,2
5238,Aleks Ławniczak,189,87,1999-05-05,CB,71,279,13
5239,Lee Ju Yong,180,78,1992-09-26,LB,71,255,18
5240,Lee Yong,180,74,1986-12-24,RB,71,245,18
5241,Lee Chung Yong,180,70,1988-07-02,LM,71,167,18
5242,Lee Gi Hyeok,184,72,2000-07-07,CB,71,310,18
5243,Lee Jin Hyun,173,70,1997-08-26,CM,71,360,18
5244,Lee Jae Ik,186,82,1999-05-21,CB,71,243,18
5245,Lee Sang Min,188,77,,CB,71,166,18
5246,Kelvin Leerdam,178,79,1990-06-24,CB,71,332,79
5247,Joaquín Lencinas,184,80,1988-05-11,CB,71,353,8
5248,Bryan Limbombe,172,77,2001-05-14,LM,71,332,6
5249,Jaylin Lindsey,178,88,2000-03-27,RB,71,179,36
5250,Lucas Lingman,178,72,1998-01-25,CM,71,357,29
5251,Enric Llansana,183,63,2001-04-12,CDM,71,280,9
5252,Jasper Löffelsend,180,75,1997-09-10,CDM,71,196,10
5253,Niklas Lomb,186,83,1993-07-28,GK,71,11,10
5254,Enzo Adrián López,181,74,1998-03-10,ST,71,348,8
5255,Jonathan Lucca,184,77,,CM,71,261,5
5256,Marius Lundemo,189,80,1994-04-11,CM,71,306,3
5257,Roberto Luzárraga,188,82,1991-02-24,LB,71,276,39
5258,Luís Mata,180,70,1997-07-06,LB,71,279,12
5259,Hugo Magallanes,189,86,1997-08-26,CB,71,128,14
5260,Renzo Malanca,185,83,2003-05-06,CB,71,219,8
5261,Mariusz Malec,190,84,1995-04-04,CB,71,188,13
5262,Rubén Manjarrés,181,75,2000-02-18,CM,71,323,25
5263,Junior Marabel,182,85,1998-03-26,ST,71,270,65
5264,JT Marcinkowski,188,82,1997-05-09,GK,71,164,36
5265,David Martínez,178,67,2006-02-07,RM,71,33,42
5266,Jimmy Martinez,180,72,1997-01-26,CM,71,219,74
5267,Miguel Ángel Martínez,188,79,1998-09-29,GK,71,185,65
5268,Luca Martínez Dupuy,180,77,2001-06-05,ST,71,135,46
5269,Javi Martón,183,72,1999-05-06,ST,71,20,2
5270,Alexandru Mateiu,175,74,1989-12-10,CDM,71,341,87
5271,Mateusz Matras,193,88,1991-01-23,CB,71,292,13
5272,Alan Matturro,189,77,2004-10-11,CB,71,121,14
5273,Lewis Mayo,188,82,2000-03-19,CB,71,231,24
5274,Adrian Mazilu,180,72,2005-09-13,RM,71,59,87
5275,Zac McGraw,193,93,1997-06-08,CB,71,115,40
5276,Yaimar Medina,175,70,2004-11-05,LB,71,176,39
5277,Diego Medina,174,67,2002-01-13,RB,71,277,98
5278,Mexx Meerdink,183,68,2003-07-24,ST,71,82,9
5279,Aaron Meijers,176,77,1987-10-28,LB,71,295,9
5280,Tim Melia,185,87,1986-05-15,GK,71,250,36
5281,Joelson Fernandes,172,64,2003-02-28,RM,71,210,12
5282,Claudiu Micovschi,180,72,1999-05-19,RM,71,285,87
5283,David Miculescu,190,83,2001-05-02,ST,71,224,87
5284,Michael Mieles,162,60,2000-08-13,CAM,71,352,39
5285,Antoni Milambo,179,65,2005-04-03,CAM,71,58,9
5286,Georgi Milanov,185,75,1992-02-19,LW,71,324,73
5287,Alex Millán,182,74,1999-11-07,ST,71,227,2
5288,Lennon Miller,182,72,2006-08-25,CM,71,339,24
5289,Juan José Mina,180,78,2004-07-27,RB,71,205,25
5290,Leonardo Rocha,200,72,1997-05-23,ST,71,349,12
5291,Damon Mirani,183,76,1996-05-13,CB,71,332,9
5292,Juan Bautista Miritello,182,78,,ST,71,232,8
5293,Cezary Miszta,192,80,2001-10-30,GK,71,160,13
5294,Jeyland Mitchell,188,82,,CB,71,58,102
5295,Bogdan Mitrea,185,79,1987-09-29,CB,71,288,87
5296,Rui Mendes,179,72,,RM,71,271,12
5297,Lucas Monzón,184,78,2001-09-29,CB,71,128,5
5298,Moon Seon Min,172,68,1992-06-09,LM,71,243,18
5299,Rodrigo Mora,168,56,,CAM,71,27,12
5300,Nicolás Morgantini,175,70,1994-09-11,RB,71,123,8
5301,Fabián Mosquera,177,70,1995-03-03,CDM,71,212,25
5302,Juan David Mosquera,180,72,2002-09-05,RB,71,115,25
5303,Ian Murphy,188,74,2000-01-16,CB,71,51,36
5304,Alexandru Musi,180,70,2004-07-17,RW,71,224,87
5305,Bahlul Mustafazada,190,82,,CB,71,209,118
5306,Tristan Muyumba,165,60,1997-03-07,CDM,71,229,1
5307,Felix Horn Myhre,180,75,1999-03-04,CM,71,282,3
5308,Adi Nalić,190,83,1997-12-01,CAM,71,321,41
5309,Jhon Narváez,182,72,1991-06-12,CB,71,338,39
5310,Zé Carlos,172,66,2001-10-30,RB,71,144,12
5311,Rafael Navarro,183,84,2000-04-14,ST,71,196,5
5312,Mor Ndiaye,185,72,2000-11-21,CDM,71,171,61
5313,Jalen Neal,185,66,2003-08-24,CB,71,109,36
5314,Dragoș Nedelcu,189,80,1997-02-16,CDM,71,274,87
5315,Camiel Neghli,179,73,2001-11-06,RM,71,149,31
5316,Cristian Neguț,176,72,1995-12-09,RM,71,343,87
5317,Jakob Nerwinski,183,79,1994-10-17,RB,71,97,36
5318,Mihajlo Nešković,177,70,,LM,71,312,30
5319,Francisco Ramos,181,76,1995-04-10,CM,71,349,12
5320,Hans Nicolussi Caviglia,184,79,2000-06-18,CM,71,170,7
5321,Diogo Sousa,195,85,,GK,71,239,12
5322,Osnar Noronha,182,74,1991-12-17,ST,71,265,77
5323,Hernán Novick,174,68,1988-12-13,CAM,71,262,14
5324,Sergio Núñez,175,73,2000-06-30,ST,71,283,14
5325,Sverre Halseth Nypan,183,70,2006-12-19,CAM,71,252,3
5326,Dorinel Oancea,175,70,1997-04-02,RB,71,288,87
5327,Allen Obando,188,79,2006-06-13,ST,71,157,39
5328,Jordan Obita,180,74,1993-12-08,LB,71,257,4
5329,Yutaro Oda,181,70,2001-08-12,RM,71,175,48
5330,Mohamed Ofkir,176,71,1996-08-04,LW,71,369,3
5331,Takuya Ogiwara,175,69,1999-11-23,LB,71,125,48
5332,Oh Ban Suk,190,81,1988-05-20,CB,71,222,18
5333,Aaron Olanare,189,82,1994-06-04,ST,71,163,17
5334,Gabriel Tigrão,182,80,2001-10-13,RM,71,264,5
5335,Eric Johana Omondi,186,75,1994-08-18,LM,71,361,94
5336,Nicholas Opoku,190,78,1997-11-08,CB,71,187,43
5337,Nathan Opoku,183,78,2001-07-22,ST,71,95,43
5338,Fredrik Oppegård,175,67,2002-08-07,LB,71,54,3
5339,Raul Opruț,184,70,1998-01-04,LB,71,324,87
5340,Jandro Orellana,176,63,2000-08-07,CDM,71,171,2
5341,Alexander Oroz,171,64,2002-12-15,RW,71,182,74
5342,Bryant Ortega,176,66,2003-02-28,CDM,71,281,42
5343,Ibrahim Osman,177,68,2004-11-29,LM,71,58,43
5344,Luciano Ospina,190,81,1991-02-18,CB,71,323,25
5345,Tomáš Ostrák,176,75,2000-02-05,RM,71,97,45
5346,Anas Ouahim,175,66,,CAM,71,195,28
5347,Owono,181,75,2001-03-01,GK,71,106,86
5348,Guillermo Pacheco,181,78,1989-04-10,RB,71,272,74
5349,Romal Palmer,181,70,1998-09-30,CM,71,366,4
5350,Radovan Pankov,185,83,1995-08-05,CB,71,267,30
5351,Sotirios Papagiannopoulos,187,88,1990-09-05,CB,71,290,22
5352,Park Cheol Woo,176,68,1997-10-21,LB,71,245,18
5353,David Pavelka,185,81,1991-05-18,CM,71,96,45
5354,Luis Pavia,175,67,1999-06-13,RM,71,284,98
5355,Joey Pelupessy,180,63,,CDM,71,271,9
5356,Diego Penny,197,85,1984-04-22,GK,71,301,77
5357,Kwame Peprah,179,75,2000-12-16,ST,71,334,43
5358,Dani Pereira,175,68,2000-07-14,CM,71,116,42
5359,Isak Pettersson,181,84,1997-06-06,GK,71,254,22
5360,Killian Phillips,190,85,2002-03-30,CM,71,336,76
5361,Rodrigo Pinheiro,183,80,,RB,71,152,12
5362,Mihai Popescu,188,83,1993-05-07,CB,71,224,87
5363,Albert Posiadała,192,78,2003-02-25,GK,71,163,13
5364,Virgiliu Postolachi,188,85,2000-03-17,ST,71,293,126
5365,Darío Poveda,187,75,1997-03-13,ST,71,227,2
5366,Alvas Powell,182,75,1994-07-18,RB,71,51,38
5367,Dominik Prpić,188,78,2004-05-19,CB,71,75,19
5368,Christophe Psyché,186,85,1988-07-28,CB,71,351,1
5369,Arkadiusz Pyrka,177,72,2002-09-20,RB,71,327,13
5370,Joshué Quiñonez,183,76,2001-05-29,CB,71,184,39
5371,Wilson Quiñónez,187,86,1988-09-04,GK,71,346,65
5372,Diego Ramírez,175,72,1994-11-02,CAM,71,301,77
5373,Lilian Raolisoa,178,70,2000-06-16,RB,71,204,1
5374,Damian Rasak,184,77,1996-02-08,CDM,71,248,13
5375,Robin Rasch,183,76,,CDM,71,319,3
5376,Djorkaeff Reasco,172,75,1999-01-18,ST,71,157,39
5377,Constantin Reiner,196,92,1997-07-11,CB,71,327,21
5378,Hernán Rengifo,183,77,1983-04-18,ST,71,338,77
5379,Stije Resink,179,74,2003-05-28,CM,71,321,9
5380,Søren Rieks,185,76,1987-04-07,LM,71,207,32
5381,Juan Rivero,177,73,1999-06-27,LW,71,128,14
5382,Marcos Riveros,179,69,1988-09-04,CM,71,346,65
5383,Paul Riveros,185,78,1997-07-08,CB,71,291,65
5384,Daniel Rivillo,179,71,1996-12-21,RB,71,281,42
5385,Matej Rodin,195,80,1996-02-13,CB,71,216,19
5386,Hernandes,183,75,1999-09-02,ST,71,243,5
5387,Tiago Dias,175,65,1998-05-04,RM,71,158,12
5388,Memo Rodriguez,173,65,1995-12-27,LM,71,250,36
5389,Lucas Rodríguez,170,62,1993-05-08,CDM,71,128,14
5390,Robin Roefs,192,72,2003-01-17,GK,71,151,9
5391,Ole Romeny,185,81,2000-06-20,RM,71,180,9
5392,Max Rosenfelder,186,76,2003-02-10,CB,71,45,10
5393,Mathias Ross,190,80,2001-01-15,CB,71,96,32
5394,Baptiste Roux,190,79,1999-11-26,CB,71,261,1
5395,Milan Rundić,188,80,1992-03-29,CB,71,216,30
5396,Espen Ruud,182,76,1984-02-26,RB,71,307,3
5397,Noah Wail Jacob Sadaoui,180,78,,LM,71,334,28
5398,Richie Sagrado,183,79,2004-01-30,RM,71,170,6
5399,Lars-Jørgen Salvesen,186,82,1996-02-19,ST,71,228,3
5400,Nicolas Samayoa,185,79,1995-08-02,CB,71,356,104
5401,Jordán Santacruz,177,74,1995-12-14,CDM,71,342,65
5402,Cristian Săpunaru,187,81,1984-04-05,CB,71,285,87
5403,Marco Saravia,186,87,1999-02-06,CB,71,249,77
5404,Bogdan Sarnavskyi,187,78,,GK,71,364,26
5405,Giannis Satsias,181,70,2002-12-28,CM,71,206,97
5406,Leo Sauer,183,73,2005-12-16,LW,71,308,44
5407,Gökhan Sazdağı,179,72,1994-09-20,RB,71,234,20
5408,Erik Schouten,182,73,,CB,71,311,9
5409,Telasco Segovia,180,73,2003-04-02,CM,71,158,42
5410,Václav Sejk,180,78,,ST,71,279,45
5411,Batuhan Şen,192,81,1999-02-03,GK,71,34,20
5412,Jota,176,70,,CM,71,275,12
5413,Cemali Sertel,186,80,2000-01-06,LB,71,210,20
5414,Joe Shaughnessy,183,69,1992-07-06,CB,71,359,76
5415,Evgeniy Shikavka,185,80,1992-10-15,ST,71,355,110
5416,Benjamin Siegrist,194,85,1992-01-31,GK,71,285,16
5417,Dávid Sigér,175,70,,CM,71,312,35
5418,Viljami Sinisalo,196,78,2001-10-11,GK,71,77,29
5419,Sphephelo Sithole,188,80,,CDM,71,159,114
5420,Simon Skrabb,174,75,1995-01-19,RW,71,350,29
5421,Kyle Smith,180,82,1992-01-09,RB,71,108,36
5422,Franco Soldano,180,76,1994-09-14,ST,71,304,8
5423,Song Ju Hun,190,83,1994-01-13,CB,71,255,18
5424,Sondre Sørli,178,67,1995-10-30,RW,71,133,3
5425,Joaquín Sosa,188,82,2002-01-10,CB,71,235,14
5426,Samuel Souprayen,187,78,1989-02-18,CB,71,214,1
5427,Tommy St. Jago,188,68,,RB,71,311,9
5428,Michael Steinwender,190,77,2000-05-04,CB,71,329,21
5429,Daniel Stensson,178,70,1997-03-24,CDM,71,208,22
5430,Luka Stojković,182,75,,CAM,71,125,19
5431,Mathías Suárez,177,67,2005-02-04,LB,71,230,65
5432,Mathis Suray,173,65,,CAM,71,280,6
5433,Finn Surman,190,81,2003-09-23,CB,71,115,83
5434,Tobias Svendsen,172,66,1999-08-31,LM,71,307,3
5435,Max Svensson,165,68,,LW,71,350,22
5436,Svensson,182,75,2001-11-08,ST,71,158,2
5437,Kajetan Szmyt,175,74,2002-05-29,RW,71,279,13
5438,Filip Szymczak,187,84,2002-05-06,ST,71,251,13
5439,Dawid Szymonowicz,185,77,1995-07-07,CB,71,360,13
5440,Edvard Sandvik Tagseth,171,67,2001-01-23,LB,71,252,3
5441,Scott Tanser,182,70,1994-10-23,LB,71,336,4
5442,Miro Tenho,190,82,1995-04-02,CB,71,208,29
5443,Serkan Emrecan Terzi,176,68,2004-01-05,LB,71,32,20
5444,Ryan Thomas,174,64,1994-12-20,CM,71,217,83
5445,Nigel Thomas,177,77,2002-07-07,LW,71,275,9
5446,Angus Thurgate,178,70,2000-02-08,CDM,71,330,71
5447,Mirko Tomianovic,167,64,2001-10-01,RM,71,367,98
5448,Juan Pablo Torres,170,65,2004-06-22,LM,71,124,25
5449,Edson Tortolero,172,72,1998-02-05,RM,71,331,42
5450,Mason Toye,191,82,1998-10-16,ST,71,115,36
5451,Anton Tsarenko,162,58,2004-06-17,CAM,71,364,26
5452,Blair Turgott,183,77,1994-05-22,ST,71,362,38
5453,Calvin Twigt,183,74,2003-01-30,CM,71,280,9
5454,Przemysław Tytoń,195,88,1987-01-04,GK,71,78,13
5455,Steven Ugarković,179,71,1994-08-19,CDM,71,214,71
5456,Adrián Ugarriza,184,82,1997-01-01,ST,71,301,77
5457,Jacob Une-Larsson,181,74,1994-04-08,CB,71,208,22
5458,Bjørn Inge Utvik,183,75,1996-02-28,CB,71,100,3
5459,Pavle Vagić,188,80,2000-01-24,CB,71,256,22
5460,Gonzalo Valle,185,85,1996-02-28,GK,71,162,39
5461,Jochem van de Kamp,177,72,2003-11-02,RM,71,321,9
5462,Richard van der Venne,173,75,1992-05-16,CM,71,295,9
5463,Daniël van Kaam,175,71,,CDM,71,332,9
5464,Miguel Vargas,184,82,1996-06-15,GK,71,301,74
5465,Gonzalo Vega,173,70,1992-06-29,LM,71,263,14
5466,Bruno Veglio,164,61,1998-02-12,CM,71,263,14
5467,John Velásquez,174,70,1995-05-02,CAM,71,227,25
5468,Simão Bertelli,187,83,,GK,71,261,5
5469,Viljar Helland Vevatne,183,73,1994-12-07,CB,71,228,3
5470,Wilder Viera,180,76,2002-03-04,CDM,71,185,65
5471,Álvaro Villete,188,81,1991-07-01,GK,71,305,14
5472,Lars Vilsvik,183,73,1988-10-18,RB,71,316,3
5473,Ben Voll,195,85,2000-12-09,GK,71,191,10
5474,Ibrahima Wadji,175,74,1995-05-05,ST,71,153,61
5475,Jack Walton,184,77,,GK,71,358,4
5476,Mateusz Wdowiak,174,60,1996-08-28,LM,71,279,13
5477,Nelson Weiper,191,82,2005-03-17,ST,71,93,10
5478,Oscar Wendt,181,82,1985-10-24,LB,71,297,22
5479,Gustav Mendonca Wikheim,182,70,1993-03-18,LW,71,208,3
5480,Derrick Williams,180,75,1993-01-17,CB,71,229,76
5481,Bobby Wood,180,79,1992-11-15,ST,71,85,36
5482,Scott Wootton,188,78,1991-09-12,CB,71,322,4
5483,Malick Yalcouyé,171,69,,CM,71,59,54
5484,William Yarbrough,188,75,1989-03-20,GK,71,164,36
5485,Patrick Yazbek,183,69,2002-04-05,CDM,71,89,71
5486,Dru Yearwood,173,68,2000-02-17,CM,71,89,4
5487,Erdoğan Yeşilyurt,175,72,1993-11-06,RM,71,242,20
5488,Bertuğ Yıldırım,186,78,2002-07-12,ST,71,63,20
5489,Yoon Jong Gyu,173,65,,RB,71,166,18
5490,Kyohei Yoshino,182,75,1994-11-08,CDM,71,200,48
5491,Jamie Young,180,83,1985-08-25,GK,71,214,4
5492,Yun Il Lok,178,65,1992-03-07,RB,71,167,18
5493,Yun Suk Young,182,74,1990-02-13,LB,71,310,18
5494,Cristian Zabala,187,77,1998-03-04,CM,71,176,8
5495,Vasilis Zagaritis,178,68,2001-05-04,LB,71,321,59
5496,Nicolás Zalazar,179,77,1997-01-29,CB,71,132,8
5497,Jan Žambůrek,182,73,,CM,71,332,45
5498,Edgar Zaracho,179,75,1989-11-25,CM,71,337,65
5499,Milen Zhelev,180,78,1993-07-17,RB,71,326,73
5500,Ervin Zorrilla,178,67,1996-05-14,ST,71,305,93
5501,Dario Župarić,185,84,1992-05-03,CB,71,115,19
5502,Aly Abeid,174,70,1997-12-11,LB,70,293,88
5503,Paulos Abraham,176,69,2002-07-16,LM,70,297,22
5504,Miguel Acosta,189,80,2001-10-19,GK,70,173,8
5505,Jayden Addai,175,73,2005-08-26,RW,70,82,9
5506,Michel Ndary Adopo,187,84,2000-07-19,CM,70,119,1
5507,Brandon Aguilera,168,65,2003-06-28,CAM,70,160,102
5508,Patrick Agyemang,193,81,2000-11-07,ST,70,179,43
5509,Erik Ahlstrand,182,75,2001-10-14,RM,70,191,22
5510,Clément Akpa,183,68,2001-11-24,LB,70,178,49
5511,Aksel Aktaş,177,70,,CAM,70,174,20
5512,Hamdi Akujobi,175,70,2000-01-20,RB,70,321,17
5513,Amir Al-Ammari,184,70,1997-07-27,CM,70,318,127
5514,Agustín Alaniz,182,78,2002-05-16,RW,70,128,14
5515,Adrián Alcaraz,181,76,1999-09-28,ST,70,291,65
5516,Ibrahim Alhassan,192,76,,CDM,70,203,17
5517,Kevin Amaro,179,72,2004-03-03,RB,70,289,14
5518,Isak Helstad Amundsen,190,82,1999-10-14,CB,70,163,3
5519,Hugo Ancajima,178,79,1998-02-10,RB,70,249,77
5520,Kent-Are Antonsen,172,70,1995-02-12,CM,70,351,3
5521,Marcus Antonsson,184,80,1991-05-08,ST,70,299,22
5522,Apostolos Apostolopoulos,175,67,,LB,70,99,59
5523,Miguel Araujo,180,71,1994-10-24,CB,70,115,77
5524,Jefferson Arce,175,65,2000-05-29,CAM,70,157,39
5525,Allan Arigoni,184,80,1998-11-04,RB,70,137,16
5526,Mijaíl Avilés,180,80,1987-06-05,CM,70,367,42
5527,Jonah Ayunga,185,78,1997-05-24,ST,70,336,94
5528,Pedro Azogue,177,71,1993-12-06,CDM,70,284,98
5529,Adriel Ba Loua,170,75,1996-07-25,RM,70,251,49
5530,David Babunski,178,72,,CM,70,358,62
5531,Mio Backhaus,194,82,2004-04-16,GK,70,117,10
5532,Nikolai Baden Frederiksen,179,68,2000-05-18,ST,70,297,32
5533,Dominique Badji,183,79,,ST,70,181,61
5534,Baek Jong Beom,190,85,2001-01-21,GK,70,166,18
5535,Francisco Báez,184,80,1991-08-11,CB,70,337,65
5536,Óscar Baldomar,179,68,1996-02-16,RB,70,284,98
5537,Yusuf Barası,182,72,2003-03-31,ST,70,174,20
5538,Furkan Bayır,188,80,2000-02-09,CB,70,192,20
5539,Filip Bednarek,188,81,1992-09-26,GK,70,251,13
5540,Florin Bejan,187,84,1991-03-28,CB,70,343,87
5541,Reda Belahyane,169,53,2004-06-01,CDM,70,122,1
5542,Mohammed Ali Bemammer,184,78,1989-11-19,CDM,70,347,28
5543,Salim Ben Seghir,174,57,,LM,70,73,1
5544,Darío,178,72,2003-01-12,RB,70,70,2
5545,César Benítez,177,75,1990-05-22,CB,70,346,65
5546,Edgar Benítez,176,74,1987-11-08,LW,70,265,65
5547,Hugo Benítez,178,87,1999-03-21,CB,70,211,65
5548,Léider Berdugo,176,69,2002-02-19,CM,70,132,25
5549,Jo Inge Berget,186,81,1990-09-11,ST,70,309,3
5550,Fernando Bersano,168,68,1998-01-03,LB,70,338,8
5551,Vicente Besuijen,169,62,,CAM,70,266,9
5552,Adel Bettaieb,184,78,1997-01-28,ST,70,288,51
5553,Ömer Beyaz,171,65,2003-08-29,CAM,70,138,20
5554,David Bingham,188,86,1989-10-19,GK,70,179,36
5555,Bjarki Steinn Bjarkason,180,68,2000-05-11,RM,70,170,56
5556,Brynjar Ingi Bjarnason,194,88,1999-12-06,CB,70,369,56
5557,Cristian Blanco,167,68,1999-01-29,LB,70,323,25
5558,Thijmen Blokzijl,191,75,,CB,70,271,9
5559,Ole Didrik Blomberg,177,71,2000-06-12,RW,70,282,3
5560,Emmanuel Boateng,174,66,1997-06-17,CM,70,142,43
5561,Radu Boboc,174,67,1999-04-24,RB,70,288,87
5562,Ștefan Bodișteanu,180,70,2003-02-01,LW,70,348,87
5563,Kévin Boma,187,73,2002-11-20,CB,70,171,75
5564,Alex Bono,191,95,1994-04-25,GK,70,181,36
5565,Rivaldinho,186,85,1995-04-29,ST,70,274,5
5566,Mihai Bordeianu,175,73,1991-11-18,CDM,70,356,87
5567,Léo Borges,179,74,2001-01-03,LB,70,188,5
5568,Dylan Borrero,179,67,2002-01-05,LM,70,85,25
5569,Torgeir Børven,187,72,1991-12-03,ST,70,307,3
5570,Jesse Bosch,176,76,,CM,70,311,9
5571,Iker Bravo,184,79,2005-01-13,ST,70,155,2
5572,Samuel Brolin,202,85,2000-09-29,GK,70,350,22
5573,Jesús Bueno,178,74,1999-04-15,CDM,70,156,42
5574,Manu Bueno,178,73,2004-07-27,CM,70,70,2
5575,Max Burgess,185,70,1995-01-16,CAM,70,195,71
5576,Alexandru Buzbuchi,190,84,1993-10-31,GK,70,274,87
5577,Vitor Gabriel,187,76,2000-01-20,ST,70,310,5
5578,Walter Cabrera,183,79,1990-01-07,CB,70,337,65
5579,Bruno Cabrera,178,75,1997-04-28,CB,70,259,65
5580,Aaron Calver,186,76,1996-01-12,CB,70,194,71
5581,Pablo Camacho,177,81,1990-12-12,RB,70,296,42
5582,Lyall Cameron,180,74,2002-10-10,CM,70,359,24
5583,Josh Campbell,182,72,2000-05-06,CAM,70,257,24
5584,Àlex Carbonell,182,76,1997-09-15,CM,70,321,2
5585,Rafael Santos,180,73,1998-02-05,LB,70,108,5
5586,Rudy Cardozo,171,70,1990-02-14,CM,70,317,98
5587,Adam Carlén,193,85,2000-06-27,CDM,70,297,22
5588,Trevor Carson,185,80,1988-03-05,GK,70,359,85
5589,Marc Casadó,172,66,2003-09-14,CDM,70,8,2
5590,Niklas Castro,173,72,1996-01-08,LW,70,282,74
5591,Matias Cavalleri,168,63,1998-04-08,RW,70,304,74
5592,Víctor Cedrón,172,68,1993-10-06,CAM,70,338,77
5593,Sava-Arangel Čestić,192,87,2001-02-19,CB,70,332,30
5594,Wálter Chalá,184,72,1992-02-24,RM,70,247,39
5595,Joseph Champness,189,80,,LW,70,226,83
5596,Maikel Chang,178,79,1991-04-18,RM,70,94,129
5597,Pablo Chavarría,186,83,1988-01-02,ST,70,186,8
5598,Martín Chiatti,196,81,1992-12-01,CB,70,317,8
5599,Mattia Chiesa,190,82,2000-07-16,GK,70,122,7
5600,Choi Kyu Baek,188,80,1994-01-23,CB,70,245,18
5601,Michał Chrapek,177,74,1992-04-03,CAM,70,327,13
5602,Mateusz Cichocki,187,79,1992-01-31,CB,70,349,13
5603,Alexandru Cîmpanu,178,67,2000-10-08,RM,70,361,87
5604,Caden Clark,180,68,2003-05-23,CAM,70,235,36
5605,Alexandre Coeff,185,71,1992-02-20,RB,70,334,1
5606,Collado,183,71,2001-01-09,ST,70,159,2
5607,Gabriel Compagnucci,178,73,1991-08-29,RB,70,186,8
5608,Anderson Contreras,177,64,2001-03-30,CM,70,281,42
5609,Tommaso Corazza,174,72,2004-06-29,LB,70,56,7
5610,Juan Cornejo,175,81,1990-02-27,CB,70,259,74
5611,Miguel Cornejo,167,62,2000-01-18,CAM,70,301,77
5612,Valentin Costache,178,71,,RM,70,361,87
5613,Cristian Costin,177,73,1998-06-17,RB,70,324,87
5614,Matthew Cox,182,74,2003-05-02,GK,70,74,4
5615,Valentin Crețu,176,71,1989-01-02,RB,70,224,87
5616,Svenn Crone,182,76,1995-05-20,RB,70,282,32
5617,Héctor Cuellar,180,74,2000-08-16,CM,70,277,98
5618,Pedro Moreira,182,76,1989-03-15,CM,70,165,12
5619,Fredrik K. Dahl,185,77,1999-01-30,CB,70,316,3
5620,Pontus Dahlberg,194,86,1999-01-21,GK,70,297,22
5621,Leon Dajaku,180,75,2001-04-12,RM,70,75,10
5622,Dalmau,182,70,1994-03-23,ST,70,355,2
5623,Bence Dárdai,189,71,2006-01-24,CAM,70,66,10
5624,Kevin De La Hoz,172,70,1998-07-15,RB,70,305,42
5625,Luís Phelipe,187,75,2001-02-12,LW,70,224,5
5626,Robbie Deas,188,75,2000-02-27,CB,70,231,24
5627,Carlos Delgado,185,76,1990-04-22,CB,70,278,2
5628,Alfie Devine,180,75,2004-08-01,CAM,70,17,4
5629,Sory Ibrahim Diarra,187,80,2000-02-28,ST,70,315,54
5630,Vagner,168,67,1996-01-10,ST,70,349,89
5631,Justin Diehl,174,67,2004-11-27,LM,70,64,10
5632,Christos Donis,185,74,1994-10-09,CDM,70,349,59
5633,Nick Doodeman,173,62,,RW,70,311,9
5634,Robson,178,71,1992-09-28,CB,70,317,5
5635,Diogo Calila,180,76,,RB,70,236,12
5636,Micael,191,82,2000-08-12,CB,70,103,5
5637,Issiar Dramé,197,80,1999-02-16,CB,70,205,54
5638,Michael Duffy,179,75,1994-07-28,LM,70,370,76
5639,Daniel Edelman,178,64,2003-04-28,CDM,70,83,36
5640,Malcom Edjouma,191,88,1996-10-08,CM,70,224,28
5641,Daniel Eid,183,73,1998-10-14,RB,70,363,3
5642,Noah Eile,195,83,2002-07-19,CB,70,83,22
5643,Anouar El Azzouzi,187,75,2001-05-29,CDM,70,217,28
5644,Agon Elezi,181,71,2001-03-01,CDM,70,150,62
5645,Mikael Egill Ellertsson,182,74,2002-03-11,CM,70,170,56
5646,Mario Engels,184,74,1993-10-22,ST,70,332,10
5647,Mads Enggård,179,67,2004-01-20,CM,70,163,32
5648,Jusef Erabi,183,84,2003-06-08,ST,70,256,22
5649,Victor Eriksson,192,82,2000-09-17,CB,70,256,22
5650,Ertuğrul Ersoy,187,82,1997-02-13,CB,70,169,20
5651,Tiri,186,84,1991-07-14,CB,70,333,2
5652,Santiago Etchebarne,178,83,1994-09-01,CB,70,262,14
5653,Omar Faraj,182,77,2002-03-09,ST,70,290,122
5654,Neil Farrugia,187,83,1999-05-19,RM,70,325,76
5655,Maryan Faryna,180,78,,CB,70,129,26
5656,Gianlucca Fatecha,174,65,1998-01-17,CAM,70,283,65
5657,Juan Ibiza,187,78,1995-08-17,CB,70,238,2
5658,Luis Fernández,175,72,,CAM,70,364,2
5659,João Valido,185,77,2000-03-03,GK,70,165,12
5660,Ivan Filipović,197,92,1994-11-13,GK,70,125,19
5661,Ethan Finlay,175,73,1990-08-06,RM,70,116,36
5662,Alberto Flores,186,80,2003-11-10,GK,70,70,2
5663,Sadik Fofana,192,78,2003-05-16,CB,70,11,10
5664,Ben Folami,180,80,1999-06-08,LW,70,287,71
5665,Omari Forson,179,67,2004-07-20,RM,70,90,4
5666,Héctor Fort,185,78,2006-08-02,RB,70,8,2
5667,Fortuño,183,77,2001-11-05,GK,70,127,2
5668,Matías Fracchia,188,84,1995-09-21,CB,70,262,14
5669,Marcus Fraser,182,70,1994-06-23,CB,70,336,24
5670,Ulrik Fredriksen,189,89,1999-06-17,CB,70,315,3
5671,Macklin Freke,193,76,1999-01-06,GK,70,268,71
5672,Juan Freytes,182,82,2000-01-11,CB,70,172,8
5673,Per Frick,182,81,1992-04-14,ST,70,254,22
5674,Ludvig Fritzson,184,77,1995-08-25,CM,70,335,22
5675,Borja Galán,182,76,,LM,70,313,2
5676,Sebastián Galani,179,75,1997-08-17,CDM,70,259,74
5677,Declan Gallagher,196,93,,CB,70,358,24
5678,Valerică Găman,191,83,1989-02-25,CB,70,343,87
5679,Gustavo Garcia,175,67,,RB,70,275,5
5680,Gonzalo,182,82,,LM,70,1,2
5681,Max Geschwill,182,70,2001-07-07,CB,70,190,10
5682,Valentin Gheorghe,175,65,1997-02-14,LM,70,356,87
5683,Alaa Ghram,190,81,,CB,70,129,51
5684,Mark Gillespie,192,83,1992-03-27,GK,70,21,4
5685,Arnaldo Giménez,195,80,1987-03-09,GK,70,317,65
5686,Diago Giménez,175,72,1997-05-01,CB,70,353,8
5687,Gvidas Gineitis,191,75,2004-04-15,CM,70,40,128
5688,Robert Gojani,174,71,1992-10-19,CM,70,350,22
5689,Miguel Silva,191,75,1995-12-20,LB,70,326,12
5690,Maximiliano González,178,73,2004-05-04,CDM,70,232,8
5691,Facundo González,193,83,2003-03-06,CB,70,19,14
5692,Alfon,172,63,1999-05-04,RM,70,25,2
5693,Daniel Graovac,185,73,,CB,70,293,41
5694,Tayvon Gray,180,74,2002-08-19,RB,70,220,38
5695,Alexandru Greab,198,90,,GK,70,344,87
5696,Darijo Grujčić,188,85,1999-05-19,CB,70,258,21
5697,John Guidetti,185,80,1992-04-15,ST,70,290,22
5698,Gökhan Gül,180,78,1998-07-17,CDM,70,187,20
5699,Daniel Gutiérrez,180,75,2003-02-16,CB,70,182,74
5700,Maximiliano Gutiérrez,183,80,2004-05-03,RB,70,219,74
5701,Samuel Guzmán,173,70,2001-09-07,LB,70,353,98
5702,Steffen Hagen,185,80,1986-03-08,CB,70,307,3
5703,Stefan Hajdin,188,80,,LB,70,312,30
5704,Daniel Hall,184,80,1999-06-14,CB,70,226,71
5705,Melker Hallberg,180,68,1995-10-20,CM,70,350,22
5706,Andy Halliday,173,67,1991-10-18,CM,70,339,24
5707,Aapo Halme,196,78,1998-05-22,CB,70,357,29
5708,Brendan Hamill,185,79,1992-09-18,CB,70,287,71
5709,Sergiu Hanca,182,80,1992-04-04,RM,70,341,87
5710,Kornelius N. Hansen,175,70,2001-05-06,ST,70,321,3
5711,Ian Harkes,180,73,1995-03-30,CM,70,85,36
5712,Denis Haruț,183,77,1999-02-25,CB,70,224,87
5713,Henrik Heggheim,189,77,2001-04-22,CB,70,228,3
5714,Thiago Helguera,179,70,2006-03-26,CDM,70,52,14
5715,Robert Hernández,174,68,1993-09-14,LM,70,331,42
5716,Borja Herrera,176,70,1993-01-08,CAM,70,328,2
5717,Koki Hinokio,165,60,2001-02-26,CAM,70,292,48
5718,Noah Jean Holm,186,87,2001-05-23,ST,70,252,3
5719,Hong Jung Un,187,76,1994-11-29,CB,70,194,18
5720,Arttu Hoskonen,188,90,1997-04-16,CB,70,318,29
5721,Diego Hoyos,172,69,1992-09-29,CM,70,284,98
5722,Ronal Huaccha,172,71,1993-12-20,ST,70,269,77
5723,Johannes Andres Hummelvoll-Nuñez,182,76,,ST,70,319,3
5724,Abbas Hüseynov,179,76,,RB,70,209,118
5725,Rommell Ibarra,177,70,2000-03-24,CDM,70,340,42
5726,Sebastien Ibeagha,188,85,1992-01-21,CB,70,118,36
5727,Christopher Ikonomidis,180,80,1995-05-04,RM,70,237,71
5728,Matei Ilie,191,77,2002-12-11,CB,70,293,87
5729,Mikael Norø Ingebrigtsen,170,68,1996-07-21,RM,70,307,3
5730,Daleho Irandust,185,73,1998-06-04,CAM,70,335,106
5731,Masatoshi Ishida,180,68,1995-05-04,CM,70,194,48
5732,Rareș Ispas,178,70,2000-08-26,LB,70,356,87
5733,Lachlan Jackson,196,90,1995-03-12,CB,70,245,71
5734,Joey Jacobs,187,79,2000-04-10,CB,70,321,9
5735,Adam Jakobsen,185,81,1999-04-07,ST,70,335,32
5736,Alvis Jaunzems,179,76,1999-06-16,RB,70,292,125
5737,Arkadiusz Jędrych,187,84,,CB,70,313,13
5738,Alexander Jensen,180,78,2001-08-24,RB,70,335,32
5739,Patrick Joosten,176,72,,LW,70,311,9
5740,Wilmar Jordán,183,87,1990-10-17,ST,70,345,25
5741,Aleksandar Jovanović,196,83,1989-08-04,CB,70,244,71
5742,Rami Kaib,178,63,1997-05-08,LB,70,254,51
5743,Jakub Kałuziński,184,74,2002-10-31,CDM,70,242,13
5744,Willy Kambwala,192,77,2004-08-25,CB,70,35,1
5745,Kubilay Kanatsızkuş,190,79,,ST,70,215,20
5746,Kang Yoon Seong,172,65,1997-07-01,RB,70,194,18
5747,Alec Kann,193,86,1990-08-08,GK,70,51,36
5748,Rifet Kapić,179,74,,CM,70,364,41
5749,Ákos Kecskés,190,75,1996-01-04,CB,70,312,35
5750,Manuel Keliano,185,78,2003-01-16,CDM,70,205,70
5751,Kevin Kelsy,193,83,2004-07-27,ST,70,51,42
5752,David Keltjens,181,76,1995-06-11,RB,70,300,90
5753,Boy Kemper,185,73,,LB,70,308,9
5754,Nohan Kenneh,190,79,2003-01-10,CDM,70,257,67
5755,Topi Keskinen,180,72,2003-03-07,LW,70,266,29
5756,Kim Jin Ho,178,74,2000-01-21,LB,70,264,18
5757,Kim Jeong Hoon,188,80,2001-04-20,GK,70,243,18
5758,Kim Tae Hwan,177,72,1989-07-24,RB,70,243,18
5759,Kim Dong Heon,186,87,,GK,70,193,18
5760,Yann Kitala,186,83,1998-04-09,ST,70,161,1
5761,Gustavo Klismahn,180,80,,CM,70,236,5
5762,Karol Knap,180,71,2001-09-12,CM,70,318,13
5763,Erling Knudtzon,178,70,1988-12-15,RB,70,306,3
5764,Amadou Koné,185,75,2005-05-14,CDM,70,105,49
5765,Luuk Koopmans,190,83,1993-11-18,GK,70,258,9
5766,Kacper Kostorz,191,78,,ST,70,308,13
5767,Giorgos Koutsias,178,66,2004-02-08,ST,70,137,59
5768,Blaž Kramer,191,87,1996-06-01,ST,70,267,15
5769,Kevin Martin Krygård,184,70,2000-05-17,CDM,70,306,3
5770,Dinis Pinto,178,73,2000-08-24,RB,70,183,12
5771,Rémy Labeau Lascary,184,72,2003-03-03,RM,70,48,1
5772,André Ricardo,178,69,2000-08-23,CAM,70,114,12
5773,Ariel Lassiter,178,70,1994-09-27,LM,70,137,102
5774,Luke Le Roux,180,70,2000-03-10,CDM,70,329,114
5775,Heber Leaños,175,70,1990-06-10,LB,70,284,98
5776,Lee Jin Yong,180,73,,CM,70,193,18
5777,Lee Min Gi,175,71,1993-05-19,LB,70,264,18
5778,Lee Hyun Sik,175,64,,RM,70,193,18
5779,Lee Yong Rae,175,71,1986-04-17,CM,70,200,18
5780,Geoffrey Lembet,186,80,1988-09-23,GK,70,101,63
5781,Dexter Lembikisa,180,68,2003-11-04,RB,70,79,38
5782,Mats Lemmens,186,81,2002-05-10,RB,70,69,6
5783,Jonathan Lewis,170,68,1997-06-04,ST,70,196,36
5784,Danny Leyva,178,64,2003-05-05,CM,70,147,36
5785,Otso Liimatta,169,63,2004-07-10,CAM,70,152,29
5786,Lim Jong Eun,192,88,1990-06-18,CB,70,167,18
5787,Daniel Lino,176,72,2002-02-18,LB,70,253,98
5788,Rodrigo Llano,184,79,1992-10-22,ST,70,353,25
5789,Sebastian Lletget,178,69,1992-09-03,CM,70,118,36
5790,Francesco Lo Celso,176,73,2000-03-05,LM,70,135,8
5791,Élysée Logbo,188,75,2004-05-06,ST,70,161,1
5792,Kristoffer Løkberg,174,69,1992-01-22,CM,70,228,3
5793,Chris-Emmanuel Lokesa,185,70,2004-11-07,LM,70,295,6
5794,Danijel Lončar,189,84,1997-06-26,CB,70,188,19
5795,Marvin Loría,178,77,1997-04-24,LM,70,115,102
5796,Miguel Carvalho,185,78,1996-06-20,GK,70,227,12
5797,Alex Lowry,181,72,,CAM,70,113,24
5798,Jakub Łukowski,172,74,1996-05-25,LM,70,238,13
5799,Julian Faye Lund,186,80,1999-05-20,GK,70,133,3
5800,Thierry Lutonda,167,65,2000-10-27,LB,70,217,6
5801,Brad Lyons,176,70,1997-05-26,CM,70,231,85
5802,Isak Dybvik Määttä,189,76,,LB,70,133,3
5803,Angus MacDonald,184,70,1992-10-15,CB,70,266,4
5804,Niki Mäenpää,191,86,,GK,70,357,29
5805,Kyle Magennis,181,73,1998-08-26,CM,70,231,24
5806,Jack Maher,190,80,1999-10-28,CB,70,89,36
5807,Luka Majcen,180,78,1989-07-25,ST,70,320,15
5808,Tomasz Makowski,178,72,1999-07-19,CDM,70,279,13
5809,Patryk Makuch,187,84,1999-04-11,ST,70,216,13
5810,Jhon Marchán,170,58,1998-09-02,CAM,70,305,42
5811,Paul Marie,173,69,1995-03-24,RB,70,164,1
5812,Pablo Marín,178,73,2003-07-03,CAM,70,28,2
5813,Luis Miguel Marquines,187,83,2003-04-10,GK,70,124,25
5814,Unai Marrero,189,82,2001-10-09,GK,70,28,2
5815,Mathías Martínez,167,64,1994-08-12,LM,70,291,65
5816,Stefan Mauk,174,71,1995-10-12,CAM,70,273,71
5817,Lucas Mauragis,181,76,2001-09-04,LB,70,286,71
5818,Senny Mayulu,183,69,2006-05-17,CAM,70,5,1
5819,Dylan Mbayo,175,65,,RM,70,217,6
5820,Robby McCrorie,189,80,1998-03-18,GK,70,231,24
5821,Sean McDermott,185,83,,GK,70,163,76
5822,Jordan McGhee,183,77,1996-07-24,RB,70,359,24
5823,Paul McGinn,175,76,1990-10-22,CB,70,339,24
5824,Ed McGinty,194,83,,GK,70,371,76
5825,Tobías Medina,170,68,2004-03-03,CM,70,160,8
5826,Saeid Mehri,182,77,,CM,70,206,60
5827,Yair Mena,176,67,,RM,70,261,25
5828,Cristopher Mesías,180,78,1998-05-02,CM,70,272,74
5829,Juan Millán,181,70,2001-08-13,CDM,70,262,14
5830,Tyler Miller,193,88,1993-03-12,GK,70,181,36
5831,Bruno Miranda,180,66,1998-02-10,ST,70,253,98
5832,Alex Moreno Paz,185,79,2002-01-25,CB,70,148,25
5833,Matías Moya,169,64,1998-03-26,LW,70,182,8
5834,Jake Mulraney,172,64,1996-04-05,LM,70,366,76
5835,Alessandro Murgia,185,78,1996-08-09,CM,70,343,7
5836,Sebastian Musiolik,193,88,1996-05-19,ST,70,298,13
5837,Saidt Mustafá,187,75,1989-11-26,GK,70,284,98
5838,Taras Mykhavko,185,69,2005-05-30,CB,70,112,26
5839,Andrew Nabbout,178,83,1992-12-17,RM,70,214,71
5840,Dylan Nandín,186,78,2002-02-28,ST,70,128,14
5841,Mohamed Nassoh,188,76,,CAM,70,149,28
5842,Basilio Ndong,173,73,1999-01-17,LB,70,218,86
5843,Logan Ndenbe,175,73,2000-02-09,LB,70,250,6
5844,John Nelson,177,73,1998-07-11,LB,70,109,36
5845,Ruslan Neshcheret,190,81,2002-01-22,GK,70,112,26
5846,Steve Ngoura,185,75,2005-02-22,ST,70,161,1
5847,Sam Nicholson,175,71,1995-01-20,RM,70,339,24
5848,Reuven Niemeijer,178,71,1995-03-27,CAM,70,295,9
5849,Georgios Nikas,188,81,,CM,70,107,59
5850,Đorđe Nikolić,195,91,1997-04-13,GK,70,146,30
5851,Claus Niyukuri,184,84,2000-02-13,CB,70,315,82
5852,David Noboa,183,79,1995-05-16,CDM,70,247,39
5853,André Gomes,182,80,2004-10-20,GK,70,30,12
5854,John Olav Norheim,191,84,1995-04-05,CB,70,369,3
5855,Maximiliano Núñez,168,69,1986-09-17,RW,70,353,8
5856,Răzvan Oaidă,182,70,1998-03-02,CM,70,285,87
5857,Edier Ocampo,173,66,2003-10-03,RB,70,100,25
5858,Rodrigo Odriozola,185,84,1988-08-31,GK,70,128,14
5859,Noah Ohio,185,76,2003-01-16,ST,70,180,9
5860,Sebastian Ohlsson,181,77,1993-05-26,RB,70,297,22
5861,Davíð Kristján Ólafsson,184,69,1995-05-15,LB,70,318,56
5862,Christopher Olivares,188,73,1999-04-03,ST,70,249,77
5863,Afonso Rodrigues,178,70,,LM,70,152,12
5864,Wenderson,174,75,1999-04-27,CM,70,329,5
5865,Răzvan Onea,176,76,1998-05-19,RB,70,285,87
5866,Sakarias Opsahl,187,67,1999-07-17,CM,70,282,3
5867,Juan José Orellana,179,72,1998-01-02,LB,70,367,98
5868,Joel Silva,185,80,2003-02-11,CM,70,203,12
5869,Jacob Ortmark,176,77,1997-08-29,CM,70,241,22
5870,Filip Ottosson,174,72,1996-09-12,CDM,70,372,22
5871,Zié Mohamed Ouattara,177,72,,RB,70,349,49
5872,Prince Owusu,190,89,1997-01-07,ST,70,104,10
5873,Solomon Owusu,176,75,1995-10-28,CB,70,307,43
5874,Diego Oyarzún,185,75,1993-01-19,CB,70,233,74
5875,Yusuf Özdemir,181,73,2001-01-10,LM,70,192,20
5876,Bahadır Öztürk,185,75,1995-10-01,CB,70,242,20
5877,Steven Pabón,179,76,2001-07-25,CB,70,305,42
5878,Byron Palacios,185,85,,ST,70,184,39
5879,James Pantemis,188,77,1997-02-21,GK,70,115,40
5880,Eduard Pap,182,82,1994-07-01,GK,70,348,87
5881,Paul Papp,188,80,1989-11-11,CB,70,341,87
5882,Luis Paradela,169,65,,LW,70,218,129
5883,Luis Paredes,180,74,2001-06-13,RM,70,148,25
5884,Park Jung In,178,70,2000-10-07,ST,70,194,18
5885,Raul Paula,177,79,2004-01-25,CAM,70,308,10
5886,Branko Pavić,179,75,,CDM,70,125,19
5887,Tom Pearce,185,79,1998-04-12,LB,70,235,4
5888,Halil İbrahim Pehlivan,183,72,1993-08-21,LB,70,189,20
5889,Andrés Perea,183,72,2000-11-14,CDM,70,220,36
5890,Gabriel Pereira,195,80,2000-05-07,GK,70,206,5
5891,Romário,173,72,1985-08-10,CM,70,350,5
5892,Juan Daniel Pérez,175,73,1993-11-17,RB,70,291,65
5893,Erick Perleche,170,68,2000-08-15,RB,70,301,77
5894,Joakim Persson,183,69,2002-04-03,LM,70,373,22
5895,Kamil Pestka,189,76,1998-08-22,CB,70,216,13
5896,Luca Philipp,192,83,2000-11-28,GK,70,42,10
5897,Fabian Piasecki,186,77,1995-05-04,ST,70,327,13
5898,Tomasz Pieńko,185,76,2004-01-05,LM,70,279,13
5899,Mauricio Pineda,185,78,1997-10-17,CB,70,137,36
5900,Kenan Pirić,192,89,,GK,70,242,41
5901,Niccolò Pisilli,180,75,2004-09-23,CM,70,14,7
5902,Luca Plogmann,188,78,,GK,70,280,10
5903,André Anderson,180,75,1999-09-23,CAM,70,37,7
5904,Célio Pompeu,178,74,1999-12-10,LM,70,97,5
5905,Rareș Pop,177,60,2005-06-14,RM,70,285,87
5906,Tomás Porra,173,72,2004-01-09,CAM,70,134,8
5907,Antonio Portales,183,77,1996-05-16,CB,70,359,46
5908,Dmytro Pospelov,187,82,,CB,70,374,26
5909,Tim Prica,183,75,2002-04-23,ST,70,241,22
5910,Andrew Privett,185,77,2000-08-02,CB,70,179,36
5911,Teo Quintero,188,80,,CB,70,149,42
5912,Jairo Quinteros,180,78,2001-02-07,CB,70,213,98
5913,Ryan Raposo,170,64,1999-03-05,LM,70,100,40
5914,Jonathan Rasheed,191,88,1991-11-21,GK,70,329,3
5915,Christian Rasmussen,184,73,2003-01-19,RW,70,72,32
5916,Eliano Reijnders,170,60,2000-10-23,LM,70,217,9
5917,Boyd Reith,176,72,,RB,70,149,9
5918,Rim Chang Woo,184,79,1992-02-13,CB,70,255,18
5919,Jonathan Ring,182,74,1991-12-05,RW,70,350,22
5920,Daniel Ríos,185,84,1995-02-22,ST,70,229,46
5921,Renné Rivas,181,80,2003-03-21,LB,70,281,42
5922,Cristian Riveros,178,77,1982-10-16,CM,70,199,65
5923,Clark Robertson,188,76,,CB,70,359,24
5924,Carlos Roca,168,77,1997-05-11,LB,70,253,98
5925,Antoniu Roca,178,67,2002-09-05,LM,70,127,2
5926,Mikael Doka,170,70,2000-01-24,RM,70,286,5
5927,Tiago Reis,184,78,,ST,70,275,5
5928,Derlis Rodríguez,176,68,,RM,70,185,65
5929,Francisco Rodríguez,173,68,1994-08-22,LB,70,317,98
5930,Martín Rodríguez,191,85,1989-09-20,GK,70,291,14
5931,Álvaro,193,81,2004-07-14,ST,70,63,14
5932,Godfried Roemeratoe,178,74,1999-08-19,CDM,70,295,112
5933,Nazareno Romero,172,69,2000-02-26,LB,70,247,8
5934,Bruno Romo,185,88,1989-05-20,CB,70,304,74
5935,Tim Rönning,201,88,1999-02-15,GK,70,362,22
5936,Ruben Roosken,183,70,2000-03-02,LB,70,332,9
5937,Maurides,189,86,1994-03-10,ST,70,191,5
5938,Yilson Rosales,183,77,2000-12-09,RB,70,212,25
5939,Lasse Rosenboom,190,80,2002-01-19,RB,70,190,10
5940,Otto Rosengren,178,68,2003-05-16,CM,70,207,22
5941,Jean Pierre Rosso,179,72,1997-04-07,CM,70,289,14
5942,Driess Saddiki,179,70,1996-08-09,CDM,70,187,28
5943,Daniel Saggiomo,176,61,1998-07-02,CAM,70,296,42
5944,Andrés Salazar,182,75,2003-01-15,LB,70,175,25
5945,Leonardo Saldaña,170,66,1989-12-08,LB,70,323,25
5946,Zine,181,72,2002-07-03,ST,70,88,70
5947,Alejandro Samudio,171,64,1999-06-26,LM,70,337,65
5948,Lucas Sanabria,175,72,1999-09-13,CM,70,199,65
5949,Renzo Sanchez,170,64,2004-02-17,RW,70,225,14
5950,Manu Sánchez,183,73,,RB,70,248,2
5951,Marcus Sandberg,191,83,1990-11-07,GK,70,369,22
5952,Cisse Sandra,184,76,2003-12-16,CM,70,311,6
5953,Thomas Santos,178,68,1998-10-10,RW,70,297,32
5954,Rafael Santos,184,78,1998-02-05,CB,70,236,5
5955,Bruno Leite,184,75,1995-03-26,CM,70,315,89
5956,Mamadou Sarr,194,77,2005-08-29,CB,70,91,1
5957,Widen Saucedo,179,77,1997-03-01,RB,70,317,98
5958,Jorg Schreuders,177,70,,RM,70,271,9
5959,Eduardo Brock,186,89,1992-05-06,CB,70,185,5
5960,Ryan Scott,184,85,1995-12-18,GK,70,375,71
5961,Liam Shaw,188,73,2001-03-12,CM,70,77,4
5962,Alen Sherri,197,83,,GK,70,119,66
5963,Kyrylo Sigeev,182,67,,CM,70,129,26
5964,Rúnar Þór Sigurgeirsson,186,75,,LB,70,311,56
5965,Luís Silva,184,81,1999-02-18,LB,70,238,12
5966,Teles,180,78,1997-02-28,CDM,70,326,12
5967,Fábio Nunes,185,78,1992-07-24,RW,70,238,12
5968,Sim Sang Min,172,70,1993-05-21,LB,70,167,18
5969,Gabriel Simion,179,75,1998-05-22,CDM,70,288,87
5970,Ayanda Sishuba,169,61,2005-02-02,CAM,70,122,6
5971,Fredrik Sjølstad,187,78,1994-03-29,CB,70,369,3
5972,Fredrik Sjøvold,168,62,2003-08-17,RB,70,133,3
5973,Callum Slattery,177,79,1999-02-08,CM,70,339,4
5974,Levi Smans,175,67,,CAM,70,223,9
5975,Emran Soglo,178,70,2005-07-11,LM,70,73,4
5976,Patryk Sokołowski,181,71,1994-09-25,CM,70,318,13
5977,Cristhian Solano,178,74,1999-02-08,LM,70,157,39
5978,Julio Soler,170,63,2005-02-16,LB,70,123,8
5979,Joachim Soltvedt,188,77,1995-09-09,LB,70,282,3
5980,Almir Soto,180,70,1994-07-17,CM,70,340,25
5981,Sven Sprangler,182,77,1995-03-27,CM,70,300,21
5982,Adam Ståhl,187,75,1994-10-08,LB,70,208,22
5983,Florin Ștefan,183,72,1996-05-09,LB,70,312,87
5984,Halldor Stenevik,185,72,2000-02-02,RW,70,163,3
5985,Nikola Stevanović,190,80,,CB,70,326,30
5986,Ionuț Stoica,186,83,1988-01-06,CB,70,343,87
5987,Finn Stokkers,180,81,1996-04-18,ST,70,280,9
5988,Rafał Strączek,188,80,1999-02-12,GK,70,313,13
5989,Simon Strand,175,70,1993-05-25,LB,70,256,22
5990,Elliot Stroud,180,75,2002-06-22,LB,70,354,22
5991,Manuel Sulbarán,167,64,2002-10-08,LM,70,281,42
5992,Jesper Taaje,192,85,1997-10-25,CB,70,316,3
5993,Nkosi Tafari,193,84,1997-03-23,CB,70,118,36
5994,Harald Nilsen Tangen,177,73,2001-01-03,CAM,70,309,3
5995,Sander Tangvik,193,80,2002-11-29,GK,70,252,3
5996,David Justin Taylor,173,72,1997-08-26,RB,70,168,36
5997,Ryan Teague,182,76,2002-01-24,CDM,70,287,71
5998,Rui Encarnação,185,73,,GK,70,275,12
5999,Tesfaldet Tekie,175,65,1997-06-04,CM,70,256,22
6000,Tonio Teklić,182,76,1999-09-09,CAM,70,62,19
6001,Søren Tengstedt,187,82,2000-06-30,CAM,70,280,32
6002,Carlos Terán,187,85,2000-09-24,CB,70,137,25
6003,Vinícius Tobías,175,66,2004-02-23,RB,70,129,5
6004,Logi Tómasson,187,80,2000-09-13,LB,70,316,56
6005,Kristoffer Tønnessen,184,76,1997-10-01,LB,70,306,3
6006,Vicente Emanuel Torres,181,72,2002-01-03,CDM,70,276,39
6007,Andrés Torrico,169,63,2004-08-10,RM,70,284,98
6008,Jacob Trenskow,178,64,2000-11-26,RW,70,223,32
6009,Kai Trewin,178,72,2001-05-18,CB,70,214,71
6010,Nectarios Triantis,191,78,2003-05-11,CB,70,257,71
6011,Miłosz Trojak,191,87,1994-05-05,CB,70,355,13
6012,Bill Tuiloma,178,79,1995-03-27,CB,70,179,83
6013,Alexander Ruud Tveter,188,86,1991-03-07,ST,70,372,3
6014,Chrisantus Uche,190,80,,CDM,70,63,17
6015,Santeri Väänänen,177,72,2002-01-01,CDM,70,252,29
6016,Pablo Vaca,181,77,2002-05-31,CB,70,277,98
6017,Daniel Valdés,180,77,1985-04-09,GK,70,376,42
6018,Esteban Valencia,176,68,1999-08-13,CM,70,304,74
6019,Jhojan Valencia,172,75,1996-07-27,CDM,70,116,25
6020,Tito Valencia,174,65,1991-01-05,RB,70,276,39
6021,Luciano Valente,190,78,,LM,70,271,7
6022,Rúben Ismael,184,77,1999-03-25,CDM,70,183,12
6023,Zarek Valentin,183,77,1991-08-06,RB,70,168,130
6024,Gustavo Vallecilla,185,81,1999-05-28,CB,70,184,39
6025,Amourricho van Axel Dongen,175,71,2004-09-29,LW,70,72,9
6026,Thom van Bergen,180,74,,ST,70,271,9
6027,Benjamin Van Durmen,185,79,1997-03-20,LM,70,361,6
6028,Syb van Ottele,185,78,2002-02-02,CB,70,258,9
6029,Kevin Varga,178,72,1996-03-30,LM,70,312,35
6030,Nikola Vasic,197,91,1991-10-04,ST,70,335,22
6031,Kyle Vassell,183,78,1993-02-07,ST,70,231,85
6032,Niklas Vesterlund,185,80,1999-06-06,RB,70,180,32
6033,David Villalba,180,74,1991-03-25,CB,70,346,65
6034,Gabriel Villamíl,175,64,2001-06-28,CM,70,162,98
6035,Ionuț Vînă,180,73,1995-02-20,CM,70,274,87
6036,Janus Vivar,167,61,1998-09-07,LW,70,184,39
6037,Ștefan Vlădoiu,178,73,1998-12-28,RB,70,218,87
6038,Leo Walta,170,67,2003-06-24,CM,70,373,29
6039,Kjell Wätjen,184,72,2006-02-16,CM,70,12,10
6040,Marley Watkins,178,65,1990-10-17,ST,70,231,69
6041,David Watson,175,68,2005-02-12,CM,70,231,24
6042,Marcel Wędrychowski,171,69,2002-01-13,RM,70,188,13
6043,Piotr Wlazło,184,69,1989-06-03,CM,70,292,13
6044,Maxwell Woledzi,187,79,,CB,70,363,43
6045,Tyler Wolff,175,70,2003-02-13,LM,70,229,36
6046,Joe Wright,193,82,1995-02-26,CB,70,231,69
6047,Antal Yaakobishvili,193,86,2004-07-12,CB,70,39,35
6048,Yeon Je Woon,185,78,1994-08-28,CB,70,243,18
6049,Abdullah Yiğiter,189,79,,GK,70,242,20
6050,Kevin Zeroli,187,70,2005-01-11,CM,70,15,7
6051,Diego Živulić,187,86,1992-03-23,CDM,70,326,19
6052,Adam Zreľák,183,80,1994-05-05,ST,70,313,44
6053,Mateusz Żyro,188,85,1998-10-28,CB,70,238,13
6054,Hakim Abdallah,187,81,1998-01-09,ST,69,324,105
6055,Suleiman Abdullahi,185,86,1996-12-10,ST,69,297,17
6056,Kevin Ackermann,179,83,2001-05-24,CM,69,335,22
6057,Diego Acosta,174,73,2002-11-12,ST,69,230,65
6058,Sergio Adrián,172,70,1996-03-08,CM,69,317,98
6059,Adnan Aganović,180,76,1987-10-03,CM,69,374,19
6060,Ali Ahmed,180,70,2000-10-10,CM,69,100,40
6061,Arda Akbulut,195,82,,GK,69,62,20
6062,Francisco Alarcón,189,85,1990-02-25,CB,69,272,74
6063,Agustín Albarracín,176,69,2005-08-29,LW,69,263,14
6064,Tom Aldred,188,84,1990-09-11,CB,69,302,24
6065,Kerim Alıcı,183,73,1997-06-24,RB,69,210,20
6066,Noah Allen,175,66,2004-04-28,LB,69,9,36
6067,Gustavo Almada,182,76,1994-04-29,GK,69,353,65
6068,Romeo Amane,169,72,2003-07-01,CM,69,197,49
6069,Mustafa Amini,173,71,1993-04-20,CM,69,294,71
6070,Costin Amzăr,170,64,2003-07-11,LB,69,324,87
6071,Joseph Anang,190,72,2000-06-08,GK,69,366,4
6072,Eirik Ulland Andersen,182,73,1992-09-21,LW,69,316,3
6073,Bruce Anderson,177,77,1998-09-23,ST,69,231,24
6074,Jorge Andia,176,77,1988-02-08,CDM,69,284,98
6075,Arvin Appiah,175,63,2001-01-05,LM,69,275,4
6076,Ricard Artero,181,75,2003-02-05,CAM,69,39,2
6077,Josh Atencio,186,79,2002-01-31,CDM,69,147,36
6078,Jonathan Augustinsson,185,80,1996-03-30,LB,69,252,22
6079,Brandon Austin,188,77,1999-01-08,GK,69,17,4
6080,Jorge Teixeira,188,89,1999-06-21,CB,69,261,12
6081,Mahamadou Ba,175,69,,CDM,69,174,54
6082,Juraj Badelj,190,78,2003-08-24,CB,69,218,19
6083,Gali Balanta,193,80,2002-02-19,GK,69,212,25
6084,Agustín Baldi,185,82,2002-05-11,CDM,69,186,8
6085,Samuel Bamba,179,70,2004-02-13,LM,69,150,10
6086,Jaydon Banel,172,65,,LW,69,72,9
6087,Nir Bardea,189,82,,CB,69,312,90
6088,Gabriel Barès,187,70,2000-08-29,CM,69,76,16
6089,Óscar Barreto,173,72,1993-04-28,CM,69,265,25
6090,Ethan Bartlow,183,77,2000-02-02,CB,69,103,36
6091,Mateusz Bartolewski,187,76,1998-01-12,LB,69,298,13
6092,Marek Bartoš,193,80,,CB,69,314,44
6093,Gilberto,187,73,2003-12-29,CB,69,183,12
6094,Tanner Beason,185,79,1997-03-23,CB,69,164,36
6095,Franco Bechtholdt,182,74,1993-08-15,CB,69,272,8
6096,Visar Bekaj,191,82,1997-05-24,GK,69,210,58
6097,Ben Bender,183,75,2001-03-07,CAM,69,179,36
6098,Alexandru Benga,188,83,1989-06-15,CB,69,361,87
6099,Mahmoud Bentayg,181,71,1999-10-30,LB,69,153,28
6100,Viktor Bergh,172,73,1999-07-26,LB,69,208,22
6101,Miguel Berry,190,82,1997-09-16,ST,69,109,2
6102,Rahul Bheke,179,75,1990-12-06,RB,69,244,124
6103,Kristian Bilovar,191,71,2001-02-05,CB,69,112,26
6104,Malachi Boateng,182,70,2002-07-05,CDM,69,175,4
6105,Tomáš Bobček,186,81,,ST,69,364,44
6106,Matija Boben,191,83,1994-02-26,CB,69,293,15
6107,Mateusz Bochnak,179,65,1998-02-11,RM,69,318,13
6108,Lamare Bogarde,183,70,2004-01-05,CDM,69,18,9
6109,Adama Bojang,191,79,2004-05-28,ST,69,105,91
6110,André Boman,184,74,2001-11-15,RB,69,362,22
6111,Yvandro Borges Sanches,175,68,2004-05-24,LM,69,87,78
6112,Enrique Borja,185,84,1995-05-30,ST,69,346,65
6113,Abdelrahman Boudah,186,76,1999-08-13,LW,69,377,22
6114,Kieron Bowie,191,83,2002-09-21,ST,69,257,24
6115,Caolán Boyd-Munce,180,69,2000-01-26,CM,69,336,85
6116,Oliver Braude,166,60,2004-02-21,RB,69,223,3
6117,Leandro Brey,191,89,2002-09-21,GK,69,111,8
6118,Sebastian Breza,193,87,1998-03-15,GK,69,235,40
6119,Joshua Brillante,177,73,1993-03-25,CDM,69,299,71
6120,Ethan Bristow,188,68,2001-11-27,LB,69,168,131
6121,Bennit Bröger,181,71,2006-07-01,CAM,69,66,10
6122,Teal Bunbury,188,78,1990-02-27,ST,69,89,36
6123,Marco Bustos,168,68,1996-04-22,RM,69,329,40
6124,Elvis Bwomono,183,72,1998-11-29,RB,69,336,132
6125,Byeon Jun Soo,190,85,,CB,69,264,18
6126,Gustavo Caballero,189,77,2001-09-21,RM,69,342,65
6127,Catriel Cabellos,172,71,2004-08-18,CM,69,172,77
6128,Kévin Cabral,183,75,1999-07-10,LM,69,196,1
6129,Jefferson Caicedo,168,71,1994-12-05,LM,69,276,39
6130,Drissa Camara,179,70,2002-02-18,RM,69,131,49
6131,Cole Campbell,175,68,,RM,69,12,36
6132,Alexis Cantero,175,70,2003-02-05,LB,69,291,65
6133,Marko Capan,180,72,,CM,69,75,19
6134,Capita,171,63,,LW,69,349,70
6135,Pedro Capó,188,75,1990-12-11,CB,69,244,2
6136,Franco Carboni,190,76,2003-04-04,LB,69,170,8
6137,Wikelman Carmona,180,73,2003-02-24,RM,69,83,42
6138,Hussein Carneil,176,74,2003-05-09,LW,69,297,22
6139,Luis Casiani,181,73,2001-07-20,RB,69,281,42
6140,Henrik Castegren,185,70,1996-03-28,CB,69,373,22
6141,Marco Jair Castillo,176,73,1997-08-14,RM,69,276,39
6142,Luis Armando Castro,176,71,1996-03-02,CM,69,352,39
6143,Bruno Jordão,180,73,1998-10-12,CM,69,349,12
6144,Daniel Celea,187,82,1995-07-06,CB,69,348,87
6145,Jurgen Çelhaka,183,77,2000-12-06,CM,69,267,66
6146,Rodrigo Chagas,176,66,2003-08-20,RW,69,225,14
6147,Felipe Chamorro,184,72,2001-07-29,CAM,69,270,74
6148,Fabio Chiarodia,186,78,2005-06-05,CB,69,87,7
6149,Andrei Chindriș,191,85,,CB,69,364,87
6150,Gu Choi,185,85,1998-08-22,CB,69,338,77
6151,Peter Buch Christiansen,175,72,1999-12-02,RW,69,228,32
6152,Sander Christiansen,185,75,2001-04-29,LB,69,309,3
6153,Alphadjo Cissè,176,69,,CAM,69,122,7
6154,Nicky Clark,178,66,1991-06-03,ST,69,300,24
6155,Daniel Cleary,182,76,1996-03-09,CB,69,325,76
6156,Stefan Cleveland,188,84,1994-05-25,GK,69,116,36
6157,Jack Clisby,180,72,1992-02-16,LB,69,299,71
6158,Ibrahima Conté,191,82,1996-04-03,CB,69,361,27
6159,Leo Cornic,178,73,2001-01-02,RB,69,351,3
6160,Edoardo Corvi,187,70,2001-03-23,GK,69,131,7
6161,Jordan Courtney-Perkins,189,79,2002-11-06,LB,69,195,71
6162,Artur Craciun,193,80,1998-06-29,CB,69,360,126
6163,Pierre Da Silva,175,66,1998-07-28,LM,69,265,36
6164,Beto da Silva,182,69,1996-12-28,ST,69,338,77
6165,Jasper Dahlhaus,176,73,,LM,69,258,9
6166,Nicolás Dávila,175,72,1996-02-07,CM,69,247,39
6167,Yann-Erik de Lanlay,180,72,1992-05-14,CM,69,228,3
6168,Vinícius Dias,188,78,1997-06-19,GK,69,159,5
6169,Bruno Oliveira,186,80,1996-06-09,CB,69,264,5
6170,Francis de Vries,188,80,,LB,69,226,83
6171,Patrickson Delgado,173,64,2003-10-17,CM,69,118,39
6172,Mamadou Diakhon,180,75,2005-09-22,RM,69,105,1
6173,Leandro Díaz,172,72,1999-03-16,LB,69,219,74
6174,Finn Jesper Dicke,181,75,,CDM,69,171,9
6175,Noah Diliberto,175,65,2001-09-08,CM,69,238,1
6176,Deniz Dilmen,198,76,2005-05-06,GK,69,138,20
6177,Francesco Donati,185,79,,RB,69,139,7
6178,Liam Donnelly,181,78,1996-03-07,CM,69,231,85
6179,Patrick Dorgu,175,60,2004-10-26,LB,69,69,32
6180,Griffin Dorsey,183,72,1999-03-05,RB,69,103,36
6181,Miloš Drinčić,195,85,1999-02-14,CB,69,334,50
6182,Andrei Dumiter,184,76,1999-04-10,ST,69,361,87
6183,Lucian Dumitriu,178,73,1992-09-21,CM,69,341,87
6184,Jakob Maslø Dunsby,174,68,2000-03-13,RW,69,372,3
6185,Cosmin Dur-Bozoancă,182,84,1998-02-15,GK,69,326,87
6186,Xavier Dziekoński,188,77,2003-10-06,GK,69,355,13
6187,Eskil Edh,181,77,2002-08-04,RB,69,290,3
6188,Ryan Edwards,195,76,1993-10-07,CB,69,345,4
6189,Egiluz,186,81,2002-03-19,CB,69,20,2
6190,Xian Emmers,178,74,1999-07-20,CM,69,285,6
6191,Marcel Engelhardt,191,88,1993-04-05,GK,69,190,10
6192,Anton Eriksson,188,78,2000-03-05,CB,69,241,22
6193,Carlos Niño Espínola,174,71,1999-12-25,RB,69,211,65
6194,João Tomé,185,76,,RB,69,160,12
6195,Ángel Faría,178,75,1983-08-24,RB,69,376,42
6196,Chico Lamba,190,84,,CB,69,165,12
6197,Kevin Felida,172,63,1999-11-11,CDM,69,295,112
6198,Nicolás Fernández,178,75,2002-02-11,LB,69,130,8
6199,Brian Ferrares,180,73,2000-03-01,CB,69,283,14
6200,Sebastián Figueredo,179,72,2001-08-25,RB,69,263,14
6201,Mariusz Fornalczyk,175,72,2003-01-15,RM,69,355,13
6202,Ian Forns,176,69,2004-02-05,LB,69,127,2
6203,Liam Fraser,185,83,1998-02-13,CDM,69,118,40
6204,Pedro Galindo,180,75,1995-04-13,GK,69,367,98
6205,Jon Gallagher,175,71,1996-02-23,RB,69,116,76
6206,Matthew Garbett,188,68,,CAM,69,308,83
6207,Naim García,180,75,2002-06-11,RM,69,86,2
6208,Luka Gavran,198,91,2000-05-09,GK,69,104,40
6209,Simon Gefvert,175,72,,RB,69,377,22
6210,Tyrique George,181,66,2006-02-04,LM,69,24,4
6211,Alex Gersbach,183,73,1997-05-08,LB,69,350,71
6212,Ion Gheorghe,171,63,1999-10-08,LM,69,344,87
6213,Néstor Giménez,174,72,1997-07-24,LB,69,199,65
6214,Marcus Godinho,178,77,1997-06-28,LB,69,355,40
6215,Alex Gogić,183,83,1994-04-13,CB,69,336,97
6216,Nicolás Goitea,185,79,1997-06-11,CB,69,352,8
6217,Luka Gojković,176,73,,CAM,69,285,30
6218,David Tavares,182,78,,CM,69,344,89
6219,Erick Gonzáles,190,85,1996-04-11,CDM,69,301,77
6220,Brian González,182,76,1999-06-11,RM,69,283,14
6221,David González,167,62,,CM,69,128,8
6222,Nono,170,71,1991-05-28,CM,69,355,2
6223,Tristan Gooijer,185,78,2004-09-02,RB,69,217,9
6224,Anthony Gordillo,174,70,1994-04-30,LB,69,301,77
6225,Liam Gordon,183,77,1996-01-26,CB,69,339,24
6226,Luis Antonio Gorocito,189,81,1992-10-05,ST,69,128,14
6227,Viktor Granath,194,85,1994-04-03,ST,69,377,22
6228,Rhyan Grant,176,79,1991-02-26,RB,69,195,71
6229,Emin Grozdanic,184,81,1999-07-05,CB,69,329,22
6230,Sveinn Aron Guðjohnsen,189,80,1998-05-12,ST,69,309,56
6231,Saulo Guerra,175,78,1992-09-14,RM,69,284,98
6232,Matthew Guillaumier,183,78,1998-04-09,CDM,69,292,72
6233,Thomas Gutierrez,188,74,2000-03-01,CB,69,337,42
6234,Jean Gutiérrez,193,90,1997-12-07,CB,69,296,42
6235,Nicholas Hagen,193,85,1996-08-02,GK,69,102,104
6236,Jetmir Haliti,187,77,1996-09-14,CB,69,240,58
6237,Shayon Harrison,183,68,1997-07-13,ST,69,356,4
6238,Ajdin Hasić,177,80,,RM,69,318,41
6239,Melker Heier,181,75,2001-05-08,RW,69,373,22
6240,Karl Hein,193,76,2002-04-13,GK,69,120,109
6241,Heo Yul,193,87,2001-04-12,CB,69,264,18
6242,Gerónimo Heredia,174,75,2005-02-09,RB,69,186,8
6243,Ronald Hernández,170,70,1997-10-04,RB,69,229,42
6244,José Manuel Hernández,180,80,1996-08-02,RM,69,281,42
6245,Simen Hestnes,184,76,,CM,69,319,3
6246,Otto Hindrich,193,76,2002-08-05,GK,69,293,87
6247,Brendan Hines-Ike,185,77,1994-11-30,CB,69,116,36
6248,Patrick Hoban,180,84,1991-07-28,ST,69,370,76
6249,Kasper Høgh,186,77,2000-12-06,ST,69,133,32
6250,Oscar Højlund,184,76,2005-01-04,CM,69,49,32
6251,Odin Thiago Holm,176,66,2003-01-18,CM,69,77,3
6252,Dinko Horkaš,189,77,,GK,69,65,19
6253,Hormigo,182,75,,LB,69,70,2
6254,Santeri Hostikka,183,76,1997-09-30,LW,69,357,29
6255,Marco Huamán,175,68,2002-09-25,RW,69,172,77
6256,Gabriel Iancu,186,80,1994-04-15,ST,69,274,87
6257,Franco Ibarra,175,69,2001-04-28,CDM,69,135,8
6258,Sunusi Ibrahim,168,79,2002-10-01,ST,69,235,17
6259,Emirhan İlkhan,175,68,2004-06-01,CM,69,40,20
6260,Tomoki Imai,178,78,1990-11-29,CB,69,330,48
6261,Jack Iredale,184,70,1996-05-02,CB,69,257,71
6262,Aziel Jackson,175,68,2001-10-25,CAM,69,102,36
6263,Damian Jakubik,183,77,1990-03-25,RB,69,349,13
6264,Mohamed Jaouab,190,75,2002-05-14,CB,69,101,28
6265,Jauregizar,177,74,2003-11-13,CM,69,20,2
6266,Keegan Jelacic,177,70,2002-07-31,LM,69,268,71
6267,Fredrik Oldrup Jensen,185,73,1993-05-18,CDM,69,308,3
6268,Kevin Jensen,173,64,2001-06-05,LW,69,350,22
6269,Anders Finjord Jenssen,185,84,1993-10-10,CB,69,351,3
6270,Jeong Woo Jae,179,70,1992-06-28,LB,69,243,18
6271,Ji Dong Won,188,81,1991-05-28,ST,69,245,18
6272,João Magno,195,88,1997-02-15,ST,69,264,5
6273,Viðar Ari Jónsson,184,75,1994-03-10,RW,69,369,56
6274,Filip Jørgensen,178,74,2002-05-27,CM,69,307,3
6275,Marcelo Jorquera,178,75,1992-10-13,LB,69,272,74
6276,Sherif Kallaku,181,73,1998-03-01,CAM,69,312,66
6277,Brent Kallman,188,86,1990-10-04,CB,69,89,36
6278,Mohammed Kamara,184,77,,LW,69,293,67
6279,Krzysztof Kamiński,191,81,,GK,69,188,13
6280,Bernard Kamungo,175,68,2002-01-01,RM,69,118,36
6281,Kang Seong Jin,178,76,2003-03-26,RM,69,166,18
6282,Juan Cruz Kaprof,169,71,1995-03-12,ST,69,348,8
6283,Sander Erik Kartum,180,73,1995-10-03,CM,69,282,3
6284,Jadel Katongo,184,81,2004-09-14,RB,69,2,4
6285,Tidiane Keita,179,76,1996-09-18,CM,69,341,1
6286,Kader Keïta,178,75,2000-11-06,CDM,69,293,49
6287,Hugo Keto,192,79,1998-02-09,GK,69,372,29
6288,Benji Kikanović,185,79,2000-01-06,LM,69,164,36
6289,Greg Kiltie,173,70,1997-01-18,LW,69,336,24
6290,Kim Tae Han,184,76,1996-02-24,CB,69,245,18
6291,Kim Min Hyeok,182,65,1992-08-16,CDM,69,167,18
6292,Kim Jin Ya,177,63,1998-06-30,RB,69,166,18
6293,Kim Tae Hyun,175,71,,RB,69,243,18
6294,Tom King,194,80,1995-03-09,GK,69,79,69
6295,Pål Alexander Kirkevold,185,90,1990-11-10,ST,69,369,3
6296,Antoni Klimek,176,78,2002-08-04,LW,69,238,13
6297,Ruben Kluivert,178,73,,CB,69,158,9
6298,Gabriel Kobylak,190,84,2002-02-20,GK,69,267,13
6299,Ozan Can Kökçü,176,69,,CAM,69,357,118
6300,Žan Kolmanič,178,69,2000-03-03,LB,69,116,15
6301,Aleksander Komor,190,82,,CB,69,313,13
6302,Mert Kömür,183,77,2005-07-17,CAM,69,141,10
6303,Vegard Kongsro,187,76,1998-08-07,LB,69,369,3
6304,Morten Ågnes Konradsen,176,72,1996-05-03,CM,69,315,3
6305,Koo Ja Ryong,182,75,1992-04-06,CB,69,243,18
6306,Emil Kornvig,187,70,2000-04-28,CM,69,282,32
6307,Roy Kortsmit,191,73,,GK,69,308,9
6308,Martin Koscelnik,178,73,,RB,69,308,44
6309,Charalampos Kostoulas,185,75,,ST,69,99,59
6310,Franko Kovačević,186,80,1999-08-08,ST,69,310,19
6311,Kreshnik Krasniqi,184,76,2000-12-22,CM,69,316,58
6312,Theodore Ku-DiPietro,175,73,2002-01-28,LM,69,181,36
6313,Mykola Kuharevych,191,81,2001-07-01,ST,69,257,26
6314,Garang Kuol,175,68,2004-09-15,LW,69,21,71
6315,Ross Laidlaw,201,85,1992-07-12,GK,69,378,24
6316,Tygo Land,168,65,2006-01-11,CM,69,54,9
6317,Sondre Langås,190,84,2001-02-02,CB,69,228,3
6318,Michael Lansing,193,88,1994-06-13,GK,69,379,36
6319,David Lazar,185,75,1991-08-08,GK,69,218,87
6320,Lee Kang Hyeon,181,76,1998-07-31,CDM,69,264,18
6321,Lee Jae Won,173,66,1997-02-21,CM,69,245,18
6322,Roberto León,187,78,2001-08-08,GK,69,128,8
6323,Gabriel Leyes,186,82,1990-05-29,ST,69,262,14
6324,Rubén Lezcano,175,71,2004-02-09,CM,69,199,65
6325,Rai Pablo Lima,170,68,2000-04-08,CM,69,367,98
6326,Axel Lindahl,180,70,1995-04-04,RB,69,197,22
6327,Julius Lindberg,182,71,1999-01-04,RW,69,197,22
6328,Javi López,180,76,1986-01-21,RB,69,273,2
6329,Victor Loturi,175,75,2001-05-21,CDM,69,378,40
6330,Mathias Løvik,183,78,2003-12-06,LB,69,163,3
6331,Boyd Lucassen,173,72,,RB,69,308,9
6332,Angelo Lucena,168,66,2003-03-26,RM,69,305,42
6333,Gustav Lundgren,190,78,,RW,69,380,22
6334,Cristhian Machado,172,71,1990-06-20,CDM,69,317,98
6335,Manuel Namora,180,73,,ST,69,203,12
6336,Gary Mackay-Steven,175,70,1990-08-31,LM,69,231,24
6337,Abdussalam Magashy,171,74,1998-04-06,CAM,69,350,17
6338,Enes Mahmutovic,191,83,,CB,69,308,78
6339,Mikkel Maigaard,180,75,1995-09-20,LM,69,318,32
6340,Filip Majchrowicz,194,99,2000-02-09,GK,69,248,13
6341,Mateusz Mak,176,60,,LW,69,313,13
6342,Mikaël Mandron,191,82,1994-10-11,ST,69,336,1
6343,Julián Marchioni,183,78,1993-03-11,CM,69,356,8
6344,Luc Mares,187,80,1996-10-03,CB,69,369,9
6345,Richonell Margaret,191,75,2000-09-07,RM,69,295,9
6346,Eman Marković,180,76,1999-05-08,LM,69,372,3
6347,Ariel Martínez,176,72,1994-01-10,CM,69,270,74
6348,Felipe,170,69,1990-09-30,CDM,69,108,5
6349,Jimmy Maurer,189,87,1988-10-14,GK,69,118,36
6350,Aaron McEneff,175,70,1995-07-09,CM,69,325,76
6351,James McGarry,179,75,1998-04-09,LB,69,266,83
6352,Tommy McNamara,175,78,1991-02-06,CM,69,85,36
6353,Christopher McVey,192,80,1997-04-12,CB,69,181,22
6354,Ryan Meara,193,84,1990-11-15,GK,69,83,36
6355,Santiago Mederos,172,69,1998-01-16,LM,69,128,14
6356,Rick Meissen,193,84,2002-02-24,CB,69,149,9
6357,Howell Mena,186,78,2001-04-19,CB,69,132,25
6358,Clau Mendes,186,78,,ST,69,158,96
6359,Sergio Mendoza,169,72,1994-05-27,LB,69,346,65
6360,Jorge Mendoza,176,77,1989-05-15,CM,69,230,65
6361,Patrik Mercado,175,69,2003-07-31,CM,69,176,39
6362,Benji Michel,178,75,,LM,69,94,36
6363,Glenn Middleton,176,68,,LW,69,358,24
6364,Nikola Mileusnić,180,71,1993-07-17,RM,69,294,71
6365,Sebastian Milewski,175,74,,CDM,69,313,13
6366,Eric Miller,183,79,1993-01-15,RB,69,115,36
6367,Sixto Mina,182,83,1999-10-30,CB,69,247,39
6368,Andrei Miron,185,86,1994-05-28,CB,69,348,87
6369,David Mitov Nilsson,190,87,1991-01-12,GK,69,241,62
6370,Gavin Molloy,179,77,,CB,69,266,76
6371,Mikey Moore,180,74,,LM,69,17,4
6372,Matías Moreno,193,81,2003-09-24,CB,69,186,8
6373,Ryoya Morishita,167,69,1997-04-11,RM,69,267,48
6374,Ebiye Moses,185,82,1997-04-28,ST,69,339,17
6375,Carlos Mosquera,190,82,1994-10-19,GK,69,323,25
6376,Vitinho,175,68,2000-01-04,CM,69,165,5
6377,Mun Ji Hwan,185,77,1994-07-26,CM,69,222,18
6378,Alex Murphy,188,76,2004-06-25,CB,69,21,76
6379,Simon Murray,183,70,1992-03-15,ST,69,359,24
6380,Danny Musovski,183,72,1995-11-30,ST,69,147,36
6381,Michał Nalepa,190,80,1993-01-22,CB,69,279,13
6382,Miguel Navarro,173,66,1999-02-26,LB,69,143,42
6383,Corrie Ndaba,188,82,1999-12-25,LB,69,231,76
6384,Dylan Nealis,181,79,1998-07-30,RB,69,83,36
6385,Lewis Neilson,184,73,,CB,69,300,24
6386,Lasse Nordås,194,82,2002-02-10,ST,69,351,3
6387,Gustaf Norlin,183,73,1997-01-09,LM,69,297,22
6388,Javier Núñez,167,68,1997-01-23,LW,69,269,77
6389,Richard Nuñez,168,67,1997-10-25,CDM,69,262,14
6390,Ethan Nwaneri,176,70,2007-03-21,CAM,69,4,4
6391,Warren O'Hora,191,84,1999-04-19,CB,69,257,76
6392,Brandon O'Neill,179,78,1994-04-12,CM,69,294,71
6393,Shane O'Neill,188,87,1993-09-02,CB,69,104,36
6394,Daniel O'Shaughnessy,190,84,1994-09-14,CB,69,357,29
6395,Sergio Ojeda,183,83,1992-01-04,CB,69,342,8
6396,Alaaddin Okumuş,175,70,1995-08-23,RB,69,146,20
6397,Roberto Alves,180,72,1997-06-08,CDM,69,349,16
6398,Paweł Olkowski,184,80,1990-02-13,RM,69,248,13
6399,Marcus Olsson,180,68,1988-05-17,LB,69,362,22
6400,Elías Már Ómarsson,183,73,,ST,69,308,56
6401,Kristian Onsrud,186,80,1994-07-22,CM,69,369,3
6402,Renzo Orihuela,183,74,2001-04-04,CB,69,213,14
6403,Franco Ortellado,188,83,2001-05-30,CB,69,337,8
6404,Arnau Ortiz,175,63,2001-10-29,LM,69,298,2
6405,Arild Østbø,183,75,1991-04-19,GK,69,228,3
6406,Sami Ouaissa,175,75,,CAM,69,151,9
6407,Samuel Oum Gouet,185,85,1997-12-14,CDM,69,356,34
6408,Casper Øyvann,185,82,1999-12-07,CB,69,163,3
6409,Tomás Palacios,195,80,,CB,69,7,8
6410,Ante Palaversa,187,77,2000-04-06,CM,69,266,19
6411,Murat Paluli,175,69,1994-08-09,RB,69,146,20
6412,Aleksander Paluszek,194,81,2001-04-09,CB,69,298,13
6413,Park Seung Ho,180,72,2003-09-01,RW,69,222,18
6414,Park Chan Yong,188,80,,CB,69,193,18
6415,Park Se Jin,171,67,2004-03-19,CM,69,200,18
6416,Will Patching,185,70,1998-10-18,CAM,69,370,4
6417,Harry Paton,175,70,1998-05-23,CM,69,339,40
6418,Elvis Patta,167,65,1990-11-17,RB,69,276,39
6419,Thore Pedersen,180,72,1996-08-11,RB,69,282,3
6420,Matti Peltola,187,70,2002-07-03,CDM,69,181,29
6421,Nicholas Pennington,182,77,1998-12-18,CM,69,294,71
6422,James Penrice,177,73,1998-12-22,LB,69,175,24
6423,Agustín Pereira,172,68,2001-03-24,RB,69,128,14
6424,Hamilton Pereira,180,74,1987-06-26,CDM,69,283,14
6425,Bruninho,175,68,,CAM,69,203,5
6426,Edwuin Pernía,178,83,1995-02-12,ST,69,281,42
6427,Nikola Petkovic,182,74,2003-02-23,CDM,69,179,30
6428,Oscar Pettersson,178,74,2000-02-01,RW,69,297,22
6429,Selmir Pidro,183,75,,LB,69,97,41
6430,Miguel Pinto,180,78,1983-07-04,GK,69,259,74
6431,Ignacio Pintos,173,68,2004-08-24,RM,69,262,14
6432,Onurcan Piri,190,82,1994-09-28,GK,69,234,20
6433,Reno Piscopo,170,69,1998-05-27,CAM,69,287,71
6434,Dante Polvara,195,81,2000-02-01,RM,69,266,36
6435,Joaquín Pombo,192,84,2001-03-18,CB,69,176,8
6436,Matviy Ponomarenko,188,89,2006-01-11,ST,69,112,26
6437,Robert Popa,190,83,2003-03-05,GK,69,361,87
6438,Konrad Poprawa,185,79,1998-06-04,CB,69,298,13
6439,Francisco Pozzo,180,70,2003-07-15,ST,69,143,8
6440,Axel Prado,178,76,2002-11-17,CB,69,283,14
6441,Joan Puig,184,75,,LB,69,127,2
6442,John Pulskamp,188,86,2001-04-19,GK,69,250,36
6443,Juan Jesús Quiñones,183,72,2001-03-25,CB,69,265,77
6444,Ángel Quiñonez,180,81,1996-09-04,ST,69,338,39
6445,Santiago Quirós,179,79,2003-03-04,CB,69,128,8
6446,Renzo Rabino,176,65,1997-12-19,LM,69,283,14
6447,Simen Rafn,172,70,,RB,69,363,3
6448,Jacobo,190,78,2005-01-05,CB,69,1,2
6449,Santiago Ramos Mingo,186,77,2001-11-21,CB,69,232,8
6450,Lars Mogstad Ranger,176,73,1999-03-12,RB,69,306,3
6451,Cornel Râpă,180,72,1990-01-16,RM,69,361,87
6452,Rodney Redes,175,75,2000-02-22,RM,69,211,65
6453,Andrew Redmayne,194,87,1989-01-13,GK,69,195,71
6454,Omar Rekik,186,80,2001-12-20,CB,69,4,51
6455,Spencer Richey,185,88,1992-05-30,GK,69,137,36
6456,Julian Rijkhoff,183,72,2005-01-25,ST,69,72,9
6457,Andrés Ríos,180,81,1989-08-01,ST,69,296,8
6458,Daniel Rivas,177,77,2001-12-06,LB,69,342,65
6459,Brian Araújo,188,80,2000-04-29,GK,69,159,12
6460,Steven Rodríguez,177,66,1998-10-13,ST,69,132,25
6461,Nicklas Røjkjær,179,74,1998-07-24,CM,69,354,32
6462,Diego Alonso Romero,189,83,2001-08-17,GK,69,249,77
6463,Shaun Rooney,191,80,1996-07-26,RB,69,336,24
6464,Joseph Rosales,180,69,2000-11-06,LB,69,168,95
6465,Ricardo Rosales,181,70,2001-01-31,RB,69,148,25
6466,Maciej Rosołek,183,77,2001-09-02,ST,69,327,13
6467,Sigurd Rosted,188,78,1994-07-22,CB,69,104,3
6468,Storm Roux,181,71,1993-01-13,RB,69,286,83
6469,Manel Royo,183,78,,LB,69,308,2
6470,Emerson Ruiz,168,63,2003-03-01,CDM,69,305,42
6471,David Ruiz,183,69,2004-02-08,CM,69,9,95
6472,Denis Rusu,180,76,,GK,69,374,126
6473,Halid Šabanović,182,75,1999-08-22,RB,69,204,41
6474,Malkolm Nilsson Säfqvist,193,89,1993-08-03,GK,69,208,22
6475,Jesús Sagredo,175,70,1994-03-10,CB,69,213,98
6476,Felipe Salomoni,179,71,2003-03-28,LB,69,291,8
6477,Chuki,172,64,2004-04-29,CAM,69,120,2
6478,Josema,184,81,1996-06-06,CB,69,248,2
6479,Mads Sande,181,73,1998-03-22,RW,69,282,3
6480,Yellu Santiago,192,75,2004-05-25,CDM,69,63,2
6481,Gonçalo Sousa,186,76,2006-06-30,RM,69,27,12
6482,Facundo Saravia,176,74,2002-09-09,LB,69,262,14
6483,Rodrigo Schlegel,183,82,1997-04-03,CB,69,108,8
6484,Amar Sejdič,178,72,1996-11-29,CM,69,89,10
6485,Vahid Selimović,191,79,,CB,69,343,78
6486,João Rêgo,182,64,2005-06-20,CAM,69,30,12
6487,Nelson Sepúlveda,167,71,1992-01-22,CM,69,272,74
6488,Brandon Servania,178,73,1999-03-12,CDM,69,104,36
6489,Aimar Sher,175,65,2002-12-20,CDM,69,309,22
6490,Gard Simenstad,179,70,1999-04-12,RM,69,369,3
6491,Gurpreet Singh Sandhu,197,92,1992-02-03,GK,69,244,124
6492,Dan Sîrbu,186,79,2003-04-22,RB,69,274,87
6493,Javi Siverio,182,75,1997-11-14,ST,69,303,2
6494,Rasmus Sjöstedt,184,75,1992-02-28,CB,69,350,22
6495,Jack Skahan,178,75,1998-02-07,CM,69,164,36
6496,Andreas Skovgaard,184,75,1997-03-27,CB,69,318,32
6497,Kees Smit,184,77,2006-01-21,CM,69,82,9
6498,Brad Smith,177,70,1994-04-09,LM,69,103,71
6499,Matt Smith,175,69,1999-11-22,CM,69,300,69
6500,Bent Sørmo,188,85,1996-09-22,CB,69,316,3
6501,Lucas Soto,175,71,1998-10-11,CM,69,182,74
6502,Gabriel Sotomayor,174,60,1999-07-02,LM,69,253,98
6503,Vasilios Sourlis,183,74,,CM,69,216,59
6504,Rafael Brito,183,78,2002-01-19,CM,69,158,12
6505,Isak Ssewankambo,179,80,1996-02-27,CB,69,241,22
6506,Daniel Steres,183,78,1990-11-11,LB,69,103,36
6507,Filip Stevanović,177,72,2002-09-25,LW,69,2,30
6508,Jakub Stolarczyk,194,79,2000-12-19,GK,69,95,13
6509,Peter Stroud,177,72,2002-04-23,CDM,69,83,36
6510,Filip Stuparević,184,80,,ST,69,339,30
6511,Ian Subiabre,171,71,2007-01-01,LW,69,29,8
6512,Miłosz Szczepański,168,60,1998-03-22,CAM,69,327,13
6513,Michał Szromnik,190,80,1993-03-04,GK,69,248,13
6514,Callum Talbot,175,74,2001-02-26,RB,69,214,71
6515,Atomu Tanaka,167,69,1987-10-04,CAM,69,357,48
6516,Iuri Tavares,191,80,2001-03-08,LW,69,179,89
6517,Armend Thaqi,179,76,,RB,69,293,58
6518,Peter Therkildsen,190,76,1998-06-13,RB,69,208,32
6519,Jens Jakob Thomasen,177,65,1996-06-25,CM,69,254,32
6520,Dagur Dan Þór­halls­son,176,73,2000-05-02,RB,69,108,56
6521,Alex Timossi Andersson,170,65,2001-01-19,RM,69,335,22
6522,Kacper Tobiasz,191,80,2002-11-04,GK,69,267,13
6523,Constantin Toma,180,77,,LB,69,374,87
6524,Diogo Tomas,193,91,1997-07-31,CB,69,357,29
6525,Noel Törnqvist,195,82,2002-02-01,GK,69,354,22
6526,Tomas Totland,181,74,1998-09-28,RB,69,97,3
6527,Kristijan Trapanovski,180,71,,LW,69,358,62
6528,Antonis Tsiftsis,191,80,,GK,69,114,59
6529,Grigore Turda,188,79,1997-07-30,CB,69,344,87
6530,Ed Turns,182,76,2002-10-18,CB,69,59,69
6531,Henrik Udahl,186,76,1997-01-12,ST,69,369,3
6532,Oğulcan Ülgün,178,73,1998-05-11,CDM,69,142,20
6533,Dan Peter Ulvestad,189,84,,CB,69,379,3
6534,Tomislav Uskok,196,83,1991-06-22,CB,69,237,71
6535,Ely Valderrey,174,72,1986-04-29,LM,69,305,42
6536,Jeisson Vargas,170,72,1997-09-15,CAM,69,219,74
6537,Obed Vargas,175,68,2005-08-05,CM,69,147,46
6538,Ricardinho,180,77,1994-03-24,RB,69,341,12
6539,Eric Veiga,183,72,,LB,69,261,78
6540,Samuel Velásquez,175,65,2003-05-29,LB,69,124,25
6541,Jhon Vélez,178,75,2003-07-25,CM,69,132,25
6542,Nishan Velupillay,181,77,2001-05-07,LM,69,287,71
6543,Gaute Vetti,180,74,1998-09-02,CM,69,133,3
6544,Mauro Vigorito,187,79,1990-05-22,GK,69,50,7
6545,Alexis Villalba,180,71,1998-08-28,CB,69,230,65
6546,Miki Villar,173,68,,RM,69,240,2
6547,Luka Vrbančić,180,75,,CM,69,125,19
6548,Tim Waker,189,76,1994-01-04,LB,69,335,22
6549,Michał Walski,169,68,1997-02-27,CDM,69,360,13
6550,Tony Watt,186,89,,ST,69,339,24
6551,Diego Wayar,173,65,1993-10-15,CDM,69,253,98
6552,Sem Westerveld,191,73,2002-07-18,GK,69,82,2
6553,Ethan Wheatley,188,81,2006-01-20,ST,69,16,4
6554,Eirik Wichne,174,69,1997-05-12,RB,69,309,3
6555,Brynjólfur Willumsson,185,82,,ST,69,271,56
6556,Freddy Winsth,176,67,1990-07-15,RB,69,329,22
6557,Frederik Winther,190,83,2001-01-04,CB,69,256,32
6558,Owen Wolff,175,66,2004-12-30,CDM,69,116,36
6559,Bartosz Wolski,174,70,,CDM,69,314,13
6560,Akil Wright,183,73,1996-05-13,CB,69,378,4
6561,Drey Wright,175,69,1995-04-30,RM,69,300,4
6562,Redon Xhixha,180,75,,ST,69,209,66
6563,Roman Yakuba,191,85,2001-04-23,CB,69,360,26
6564,Joshua Yaro,180,74,1994-03-07,CB,69,97,43
6565,Zeki Yavru,178,78,1991-09-05,RB,69,201,20
6566,Uğurcan Yazğılı,184,79,1999-04-09,CB,69,142,20
6567,Muammer Yıldırım,190,81,,GK,69,201,20
6568,Saku Ylätupa,170,67,,CAM,69,350,29
6569,Kaina Yoshio,168,63,1998-06-28,CAM,69,255,48
6570,Yu In Soo,178,70,1994-12-28,RB,69,310,18
6571,Yu Kang Hyun,185,79,,ST,69,193,18
6572,Danijel Zagorac,186,80,1987-02-07,GK,69,125,19
6573,Yoram Zague,168,58,2006-05-15,RB,69,5,1
6574,Luka Zahović,177,63,1995-11-15,CAM,69,248,15
6575,David Zalzman,178,75,1996-04-03,CM,69,305,42
6576,Dominick Zator,189,84,1994-09-18,RB,69,355,40
6577,Gjivai Zechiël,183,70,2004-06-01,CM,69,58,9
6578,Lequincio Zeefuik,198,78,2004-11-26,ST,69,82,9
6579,Ajdin Zeljković,181,79,1997-12-26,ST,69,329,22
6580,Ivan Zhelizko,186,79,,CDM,69,364,26
6581,Mateusz Żukowski,185,82,2001-11-23,RB,69,298,13
6582,Alexander Abrahamsson,187,75,1999-08-07,CB,68,335,22
6583,Samuel Adeniran,196,91,1998-09-30,ST,68,156,36
6584,William Agada,175,75,1999-09-17,ST,68,250,17
6585,Mattéo Ahlinvi,183,68,,CDM,68,377,80
6586,Ahn Tae Hyun,174,70,1993-03-01,LB,68,255,18
6587,Rodrigo Alborno,180,73,1993-08-12,LB,68,230,65
6588,Khusniddin Alikulov,182,72,1999-04-04,CB,68,189,100
6589,Ibrahim Aliyu,184,77,2002-01-16,ST,68,103,17
6590,Joel Allansson,174,69,1992-11-03,CM,68,362,22
6591,Pedro Álvarez,172,67,2001-02-01,CDM,68,340,42
6592,William Álvarez,184,75,1995-09-15,ST,68,284,98
6593,Hugo Álvarez,176,72,2003-07-02,LM,68,25,2
6594,Irwin Antón,176,83,1988-01-10,ST,68,305,42
6595,Brian Anunga,180,81,1996-08-10,CDM,68,89,34
6596,Paul Arano,187,70,1995-02-23,LM,68,367,98
6597,Maximilian Arfsten,185,78,2001-04-19,RM,68,102,36
6598,Onur Arı,195,85,,ST,68,210,20
6599,Ömürcan Artan,179,77,1999-07-27,RB,68,169,20
6600,Jaider Asprilla,185,68,2003-03-20,LM,68,124,25
6601,Jonathan Aspropotamitis,188,76,1996-06-07,CB,68,154,71
6602,Ryan Astley,184,70,2001-10-04,CB,68,359,69
6603,Axel Atum,176,66,2006-01-02,RM,68,130,8
6604,Sondre Auklend,172,67,2003-06-10,CM,68,133,3
6605,Yavuz Aygün,193,86,1996-06-27,GK,68,142,20
6606,Josef Brian Baccay,180,71,2001-04-29,LB,68,307,3
6607,Anders Bærtelsen,190,78,2000-05-09,CB,68,315,32
6608,Nicolás Baeza,176,77,1997-05-07,LB,68,233,74
6609,Esmir Bajraktarevic,175,64,2005-03-10,CAM,68,85,36
6610,Monsef Bakrar,183,79,2001-01-13,ST,68,220,31
6611,Álex Balboa,181,74,2001-03-06,CM,68,321,86
6612,Michael Baldisimo,168,70,2000-04-13,CDM,68,164,40
6613,Andri Fannar Baldursson,187,79,,CDM,68,254,56
6614,David Ball,183,75,1989-12-14,ST,68,322,4
6615,Ahmed Bani,174,70,2002-08-22,CAM,68,324,87
6616,Scott Banks,183,74,2001-09-26,RM,68,191,24
6617,Luis Barraza,187,88,1996-11-08,GK,68,220,36
6618,Cristopher Barrera,180,72,1998-04-18,RM,68,259,74
6619,Paddy Barrett,182,92,1993-07-22,CB,68,368,76
6620,Jonathan Bell,180,75,1997-08-26,CB,68,147,38
6621,Mimeirhel Benita,173,66,2003-11-17,RB,68,332,9
6622,Daniel Benzar,170,66,,RW,68,344,87
6623,Romario Benzar,180,79,1992-03-26,RB,68,348,87
6624,Sebastian Bergier,184,76,,ST,68,313,13
6625,Fredrik Berglie,184,77,1996-12-28,CB,68,372,3
6626,Jacob Bergström,195,95,1995-04-26,ST,68,354,22
6627,Sebastian Berhalter,175,70,2001-05-10,CM,68,100,36
6628,Dino Beširović,179,78,1994-01-31,CAM,68,290,12
6629,Ionuț Biceanu,178,70,1994-02-26,CM,68,343,87
6630,Egzon Binaku,185,70,,LB,68,380,66
6631,Emmanuel Biumla,185,75,2005-05-08,CB,68,204,1
6632,Eric Björkander,185,75,1996-06-11,CB,68,335,22
6633,Adrian Błąd,165,62,,RM,68,313,13
6634,Jakov Blagaić,173,70,,CAM,68,360,19
6635,Dawid Błanik,173,70,1997-04-15,LM,68,355,13
6636,Tom Boere,183,78,,ST,68,308,9
6637,Mathis Bolly,185,77,1990-11-14,LM,68,306,49
6638,Noah Botić,183,74,2002-01-11,ST,68,330,71
6639,Ousseni Bouda,180,79,2000-04-28,LM,68,164,37
6640,Teddy Boulhendi,185,77,2001-04-09,GK,68,67,31
6641,Ramiro Brazionis,185,79,2001-12-15,CB,68,262,14
6642,Marius Broholm,176,69,2004-12-26,RW,68,252,3
6643,Eamonn Brophy,174,68,1996-03-10,ST,68,378,24
6644,Arvid Brorsson,188,81,1999-05-08,CM,68,354,22
6645,Jasmin Burić,193,80,1987-02-18,GK,68,279,41
6646,Darragh Burns,176,72,,RW,68,325,76
6647,Bobby Burns,173,65,,LB,68,365,85
6648,Jack Burroughs,188,80,2001-03-21,RB,68,231,24
6649,Liam Burt,173,70,1999-02-01,LM,68,368,24
6650,Evan Bush,186,85,1986-03-06,GK,68,102,36
6651,Nicolás Cabral,188,81,1999-10-09,CB,68,283,8
6652,Sebastián Cabrera,174,68,1998-03-16,LB,68,259,74
6653,Ross Callachan,178,70,1993-09-04,CAM,68,339,24
6654,Daniel Camacho,180,72,1998-10-15,CM,68,353,98
6655,Dario Čanađija,176,71,,CM,68,344,19
6656,Erick Canales,175,75,2001-06-07,RB,68,301,77
6657,Christian Cappis,185,72,1999-08-13,CM,68,228,36
6658,Edison Carcelén,185,84,1992-11-09,CB,68,276,39
6659,Scott Carson,188,86,1985-09-03,GK,68,2,4
6660,Antonio Castillo,175,76,1998-11-15,LB,68,219,74
6661,Jesper Ceesay,193,80,2001-10-20,CM,68,241,91
6662,Piotr Ceglarz,180,76,,CAM,68,314,13
6663,Mikkel Ceïde,191,80,2001-09-03,CB,68,252,3
6664,Mervan Çelik,178,75,,LW,68,380,22
6665,Diego Céspedes,180,73,1998-09-25,CB,68,272,74
6666,Cheon Seong Hoon,191,84,2000-09-21,ST,68,194,18
6667,James Clarke,186,72,2001-06-28,CAM,68,381,76
6668,Brendan Clarke,185,81,,GK,68,365,76
6669,Nnamdi Collins,191,84,2004-01-10,CB,68,49,10
6670,Alexis Cuello,170,65,2000-02-18,LM,68,134,8
6671,Santiago Cuiza,180,70,2005-06-16,RB,68,367,98
6672,Szymon Czyż,176,75,2001-07-08,CM,68,216,13
6673,Mateusz Czyżycki,175,73,1998-02-08,LM,68,355,13
6674,Louis D'Arrigo,176,71,,CDM,68,364,71
6675,Marian Danciu,175,68,2002-04-24,RM,68,218,87
6676,Jayden Danns,185,73,2006-01-16,ST,68,6,4
6677,Quentin Daubin,183,74,1995-07-03,CM,68,169,1
6678,Victor Dávalos,175,73,1991-02-03,RB,68,346,65
6679,Kaj de Rooij,184,75,2000-11-25,RM,68,217,9
6680,James Delianov,188,87,1999-10-20,GK,68,273,71
6681,Anthony Descotte,179,75,2003-08-03,ST,68,180,6
6682,Ibrahim Diabate,180,80,,ST,68,377,49
6683,Lamine Diaby Fadiga,188,82,2001-01-19,ST,68,240,1
6684,Samba Diallo,168,64,2003-01-05,LM,68,112,61
6685,Julius Dirksen,185,75,,LB,68,280,9
6686,Alin Dobrosavlevici,185,80,,CB,68,344,87
6687,Aaron Donnelly,185,80,2003-06-08,CB,68,84,85
6688,Alex Douglas,190,81,,CB,68,251,22
6689,Tim Drexler,186,75,2005-03-06,CB,68,42,10
6690,Earl Edwards Jr.,191,93,1992-01-24,GK,68,85,36
6691,Emmanuel Ekong,176,72,,ST,68,139,22
6692,Issam El Maach,188,96,2000-02-01,GK,68,78,28
6693,Zachary Elbouzedi,184,77,,RM,68,366,76
6694,Carljohan Eriksson,191,81,1995-04-25,GK,68,309,29
6695,Dylan Escobar,183,80,2000-12-02,RB,68,259,74
6696,Bert Esselink,191,78,1999-08-16,CB,68,292,9
6697,Mauro Estol,167,73,1995-01-27,CM,68,283,14
6698,Boubacar Fall,198,80,2001-02-03,GK,68,153,61
6699,Oskar Fallenius,181,70,2001-11-01,RW,68,208,22
6700,Alexis Fariña,171,61,2004-12-04,CAM,68,185,65
6701,Mikayil Faye,186,81,2004-07-14,CB,68,101,61
6702,Will Ferry,173,70,1999-12-07,LB,68,358,76
6703,John Patrick,193,81,2003-10-24,CAM,68,63,76
6704,Freddy Flórez,177,67,1993-02-14,CDM,68,323,25
6705,Anthony Fontana,177,77,1999-10-14,CAM,68,217,36
6706,Sander Moen Foss,185,80,1998-12-31,CB,68,306,3
6707,Kobe Franklin,168,69,2003-05-10,RB,68,104,40
6708,Loránd Fülöp,180,76,1997-07-24,LW,68,348,87
6709,Ryan Fulton,191,70,,GK,68,175,24
6710,Jeff Gal,187,80,1993-04-06,GK,68,137,36
6711,Matías Galarza,175,68,2002-02-11,CM,68,143,65
6712,Scott Galloway,172,72,1995-04-25,RB,68,226,71
6713,Yimy Gamero,175,68,2002-01-07,CDM,68,338,77
6714,Ignacio Gariglio,189,75,1998-04-25,CB,68,352,8
6715,Chase Gasper,183,84,1996-01-25,LB,68,137,36
6716,Łukasz Gerstenstein,175,68,2004-10-06,RM,68,298,13
6717,Thomas Gillier,186,73,2004-05-28,GK,68,202,74
6718,Jake Girdwood-Reich,184,75,2004-05-24,CB,68,97,71
6719,Rafael Fernandes,191,83,2002-06-28,CB,68,53,12
6720,Román Gómez,180,72,2004-07-14,RB,68,130,8
6721,Jonathan Germán Gómez,178,74,2003-09-01,LB,68,114,46
6722,Yoni Gomis,186,70,2005-09-23,CB,68,91,1
6723,Ramiro González,183,82,1990-11-21,CB,68,182,8
6724,Omar Gonzalez,196,94,1988-10-11,CB,68,118,36
6725,Enso González,169,69,2005-01-20,LW,68,79,65
6726,Matías González,183,77,2002-11-29,CB,68,262,14
6727,Andrei Gorcea,185,75,2001-08-02,GK,68,288,87
6728,Lee Grace,186,83,1992-12-01,CB,68,325,76
6729,Pier Grazziani,183,75,1994-08-14,GK,68,323,25
6730,Kosta Grozos,178,72,2000-08-10,CM,68,375,71
6731,Sinan Gümüş,179,73,,RM,68,198,20
6732,Viktor Gustafson,181,71,1995-03-22,CDM,68,354,22
6733,Jesper Gustavsson,174,74,1994-10-29,CDM,68,354,22
6734,Irfan Hadžić,192,84,,ST,68,310,41
6735,Antoine Hainaut,176,70,2002-02-18,RB,68,131,1
6736,Wojciech Hajda,181,79,2000-05-23,CAM,68,360,13
6737,Belal Halbouni,189,85,1999-12-29,CB,68,100,106
6738,Ben Halloran,180,69,1992-06-14,LM,68,268,71
6739,Anas Hamzaoui,175,68,,LB,68,294,6
6740,Han Kyo Won,182,73,1990-06-15,RM,68,245,18
6741,Tomer Haran,197,95,1998-10-26,GK,68,283,90
6742,Phil Harres,193,87,,ST,68,190,10
6743,Thomas Hasal,191,77,,GK,68,33,40
6744,Mike Hauptmeijer,190,70,1997-03-18,GK,68,217,9
6745,Aune Selland Heggebø,182,84,2001-07-29,ST,68,282,3
6746,Éder Hermoza,179,78,1990-04-04,GK,68,338,77
6747,Felipe Hernandez,173,61,1998-06-08,CM,68,250,36
6748,Nahuel Herrera,181,84,2004-12-01,CB,68,140,14
6749,Thomas Heward-Belle,192,80,1997-03-11,GK,68,330,71
6750,Andreas Eines Hopmark,192,88,,CB,68,379,3
6751,Tomáš Huk,184,77,1994-12-22,CB,68,327,44
6752,Alex Iacovitti,193,78,1997-09-02,CB,68,336,24
6753,Buhari Ibrahim,190,83,2001-10-08,CB,68,254,17
6754,Uche Ikpeazu,191,93,1995-02-28,ST,68,300,132
6755,Mitja Ilenič,180,71,2004-12-26,RB,68,220,15
6756,Florin Ilie,188,83,1992-06-18,CB,68,356,87
6757,Zidane Iqbal,181,65,2003-04-27,CM,68,180,127
6758,Rubén Iranzo,182,69,2003-03-14,CB,68,22,2
6759,Alexandru Ișfan,188,77,2000-01-31,RM,68,344,87
6760,Maudo Lamine Jarjué,189,90,1997-09-30,CB,68,372,91
6761,Malcolm Jeng,185,75,2005-03-09,CB,68,373,22
6762,Jeong Dong Ho,174,68,1990-03-07,LB,68,245,18
6763,Herman Johansson,190,82,1997-10-16,RB,68,354,22
6764,Sam Junqua,183,79,1996-11-09,LB,68,118,36
6765,Thomas Kastanaras,186,83,2003-01-09,ST,68,64,10
6766,Emilio Kehrer,177,67,,ST,68,311,10
6767,Johnny Kenny,185,79,2003-06-06,ST,68,325,76
6768,Sebastian Kerk,184,76,1994-04-17,CAM,68,238,10
6769,Kim Jong Woo,181,70,1993-10-01,CM,68,154,18
6770,Kim Jun Yub,178,76,1988-05-10,RB,68,222,18
6771,Kim Seung Dae,175,64,1991-04-01,ST,68,194,18
6772,Kim Ju Kong,180,66,1996-04-23,CM,68,255,18
6773,Kim Tae Hwan,179,73,2000-03-25,RB,68,255,18
6774,Joel King,179,78,2000-10-30,LB,68,195,71
6775,Ryan Kitto,179,73,1994-08-09,LB,68,273,71
6776,Jeppe Kjær,174,65,,CAM,68,363,32
6777,Kristoffer Klaesson,189,76,2000-11-27,GK,68,216,3
6778,Bartłomiej Kłudka,186,72,2002-05-14,RB,68,279,13
6779,Filip Koperski,187,74,,RB,68,364,13
6780,Meriton Korenica,175,70,,RW,68,293,58
6781,Michalis Kosidis,191,85,,ST,68,360,59
6782,Tihomir Kostadinov,180,75,1996-03-04,CAM,68,327,62
6783,Johnny Koutroumbis,183,73,1998-03-06,RB,68,339,71
6784,Antoni Kozubal,176,68,,CM,68,251,13
6785,Anders Kristiansen,183,74,1990-03-17,GK,68,297,3
6786,Kamil Kruk,185,79,,CB,68,314,13
6787,David Kruse,185,80,2002-05-15,CM,68,297,32
6788,Sergiy Krykun,175,70,1996-09-22,LM,68,292,26
6789,Krzysztof Kubica,192,88,,CDM,68,314,13
6790,William Kurtović,190,85,1996-06-22,CM,68,369,22
6791,Justin Lacombe,192,81,2003-04-09,GK,68,110,1
6792,Mathis Lambourde,179,76,2006-01-09,RM,68,101,1
6793,Ricki Lamie,189,95,1993-06-20,CB,68,378,24
6794,Gaëtan Laura,178,82,,ST,68,201,1
6795,Ryan Leak,191,83,1998-02-28,CB,68,378,69
6796,Alan Ledesma,190,79,1998-05-15,CB,68,230,8
6797,Lee Sang Min,182,77,1996-05-07,CDM,68,193,18
6798,Lee Chan Dong,183,80,,CM,68,200,18
6799,Lee Eu Ddeum,177,73,1989-09-02,LB,68,264,18
6800,Lee You Hyeon,179,74,1997-02-08,RB,68,310,18
6801,Lee Sang Ki,179,79,1996-05-07,RB,68,264,18
6802,Lee Bum Soo,190,84,1990-12-10,GK,68,222,18
6803,Lee Jung Taek,184,76,1998-05-23,CB,68,194,18
6804,Stav Lemkin,190,80,2003-04-02,CB,68,129,90
6805,Maicol León,177,71,2003-06-09,CM,68,219,74
6806,Marcin Listkowski,178,68,1998-02-10,CM,68,240,13
6807,Irvyn Lomami,171,62,2003-12-30,RB,68,46,1
6808,Ariel López,183,78,1995-05-26,CDM,68,374,14
6809,Erik López,176,68,2001-11-27,ST,68,211,65
6810,Tomasz Loska,190,85,,GK,68,298,13
6811,Ismet Lushaku,177,78,2000-09-22,CM,68,241,58
6812,Aimé Mabika,198,97,1998-08-16,CB,68,104,92
6813,Niilo Mäenpää,182,75,1998-01-14,CM,68,362,29
6814,Magunazelaia,180,75,2001-07-13,CAM,68,28,2
6815,Brian Maher,185,78,2000-11-01,GK,68,370,76
6816,Gabriel Maioli,177,75,,RW,68,206,5
6817,Jordan Majchrzak,189,74,2004-10-08,ST,68,267,13
6818,Piotr Malarczyk,189,91,1991-08-01,CB,68,355,13
6819,Josué Limberth Mamani,170,65,2000-08-20,CDM,68,317,98
6820,Rahil Məmmədov,191,79,1995-11-24,CB,68,349,118
6821,Jovan Manev,186,78,2001-01-25,CB,68,174,62
6822,Elias Manoel,176,73,2001-11-30,ST,68,83,5
6823,Jérémy Manzorro,173,70,1991-11-11,CAM,68,333,1
6824,Gustavo Marins,184,77,2002-02-11,CB,68,274,5
6825,Fredy Martínez,170,67,2001-05-01,LB,68,225,14
6826,Jayson Martínez,172,71,2001-07-17,RM,68,305,42
6827,Marcos Martinich,178,74,1996-08-08,LB,68,337,8
6828,Yegor Matsenko,188,81,2002-01-23,LB,68,298,26
6829,Remi Matthews,192,78,1994-02-10,GK,68,55,4
6830,Faïz Mattoir,164,62,2000-07-12,LM,68,321,111
6831,Konrad Matuszewski,176,75,2001-10-04,LM,68,355,13
6832,Moses Mawa,185,78,1996-08-04,ST,68,369,3
6833,Ethan Mbappé,176,70,2006-12-29,CM,68,53,1
6834,Sam McClelland,191,79,,CB,68,300,85
6835,James McConnell,180,72,2004-09-13,CM,68,6,4
6836,Jon McCracken,190,77,2000-05-24,GK,68,359,24
6837,Patrick McEleney,180,84,1992-09-26,CAM,68,370,76
6838,Harry McKirdy,175,67,1997-03-29,RM,68,257,4
6839,Conor McMenamin,183,70,1995-08-24,RW,68,336,85
6840,Paolo Medina,177,66,1999-05-28,RB,68,374,46
6841,Marcus Johansen Mehnert,185,77,1997-10-28,RW,68,316,3
6842,Francisco Meixedo,190,78,,GK,68,205,12
6843,Filippo Melegoni,186,74,1999-02-18,CAM,68,121,7
6844,Elias Hoff Melkersen,178,70,2002-12-31,ST,68,316,3
6845,Camilo Mena,175,63,,RW,68,364,25
6846,Juan José Mera,185,82,2002-03-12,CB,68,212,25
6847,George Merloi,170,65,,RM,68,274,87
6848,John Mero,188,83,1994-08-21,GK,68,276,39
6849,Ivan Mesík,187,75,,CB,68,332,44
6850,Cristian Mihai,175,72,2004-09-23,CDM,68,361,87
6851,Facundo Milán,184,75,2001-02-03,ST,68,263,14
6852,Noel Milleskog,179,70,2002-05-08,RM,68,373,22
6853,Matías Mir,182,74,2003-05-26,RM,68,283,14
6854,Naeem Mohammed,175,77,1996-11-11,ST,68,362,43
6855,Dinu Moldovan,180,77,1990-05-03,GK,68,312,87
6856,Adam Montgomery,173,68,2002-07-18,LB,68,77,24
6857,Moon Min Seo,181,78,,LM,68,264,18
6858,Louis Moult,183,85,,ST,68,358,4
6859,Louis Mouton,180,75,2002-06-03,CM,68,153,1
6860,Christos Mouzakitis,175,67,,CM,68,99,59
6861,Marek Mróz,179,74,1999-02-18,CAM,68,279,13
6862,François Mughe,173,68,2004-06-16,RM,68,73,34
6863,Iker Muñoz,180,73,2002-11-05,CM,68,81,2
6864,Bilal Nadir,179,62,2003-11-28,CM,68,73,28
6865,Abdenego Nankishi,178,76,2002-07-06,LM,68,117,10
6866,Mark Natta,175,70,2002-11-28,CB,68,375,71
6867,Ben Nelson,187,74,2004-03-18,CB,68,95,4
6868,Tomasz Neugebauer,181,75,,CDM,68,364,13
6869,Scott Neville,184,75,1989-01-11,CB,68,268,71
6870,Thijmen Nijhuis,197,83,1998-07-25,GK,68,357,9
6871,Lasse Nilsen,180,78,1995-02-21,LB,68,351,3
6872,Snorre Strand Nilsen,186,82,1997-01-14,RB,68,369,3
6873,Rob Nizet,177,73,,LB,68,311,6
6874,Moussa Njie,185,75,,LW,68,319,3
6875,Bilal Njie,184,72,1998-06-13,LM,68,307,133
6876,Béni Nkololo,186,75,,RM,68,293,1
6877,No Dong Geon,190,88,1991-10-04,GK,68,245,18
6878,Luizão,184,75,1998-02-20,CDM,68,349,5
6879,Stephen O'Donnell,188,86,1992-05-11,RB,68,339,24
6880,Magnar Ødegaard,186,80,1993-05-11,CB,68,309,3
6881,Raúl Olivares,185,73,1988-04-17,GK,68,353,74
6882,Bruno Bertinato,194,79,1998-05-31,GK,68,170,5
6883,Halvor Rødølen Opsahl,188,80,2002-10-08,CB,68,369,3
6884,Alexandru Oroian,175,72,2001-01-27,LB,68,343,87
6885,Rasmus Örqvist,184,81,1998-10-18,CAM,68,335,22
6886,Eneko Ortiz,180,75,2003-05-26,LB,68,106,2
6887,Jesse Öst,194,86,1990-10-23,GK,68,357,29
6888,Bogdan Oteliță,180,68,2002-08-02,RB,68,312,87
6889,Yasin Özcan,185,75,2006-04-20,LB,68,187,20
6890,Álex Padilla,190,80,2003-09-01,GK,68,20,46
6891,Adrion Pajaziti,178,71,2002-11-16,CDM,68,47,66
6892,Abel Paredes,178,80,1997-05-27,LB,68,337,65
6893,Martín Parra,186,83,2000-09-01,GK,68,219,74
6894,Kevin Pereira,176,60,2004-01-15,LM,68,230,65
6895,Carlos Pérez,185,79,1995-06-15,CB,68,276,25
6896,Simeon Petrov,194,82,2000-01-12,CB,68,298,1
6897,Maksymilian Pingot,188,78,2003-04-01,CB,68,251,13
6898,Ricardo Matos,182,77,,ST,68,344,12
6899,Joel Pinto,183,75,1980-06-05,GK,68,269,77
6900,Hugo Cunha,198,91,2001-09-06,GK,68,152,12
6901,Liam Polworth,179,70,1994-10-12,CM,68,231,24
6902,Paris Polykarpou,182,74,2000-09-01,CDM,68,206,97
6903,Walter Ponce,180,68,1998-03-04,ST,68,304,74
6904,Alexandar Popović,184,83,2002-09-07,CB,68,264,71
6905,Marcos Portillo,174,68,2000-01-31,CM,68,143,8
6906,Bruno Poveda,181,73,2003-10-22,GK,68,317,98
6907,Wouter Prins,173,65,,LB,68,271,9
6908,Miguel Puche,179,73,2001-04-30,ST,68,165,2
6909,Edgar Pujol,177,73,,CB,68,1,2
6910,Niklas Pyyhtiä,188,78,2003-09-25,CM,68,56,29
6911,Ahmed Qasem,178,72,2003-07-12,CAM,68,254,22
6912,Nelson Quiñónes,175,67,2002-08-20,LM,68,103,25
6913,Lucas Quintana,185,75,2005-01-02,CB,68,185,65
6914,Eduard Radaslavescu,181,72,2004-07-30,CM,68,274,87
6915,Haris Radetinac,187,73,1985-10-28,RW,68,208,30
6916,Arnau Rafús,187,75,,GK,68,120,2
6917,Grant-Leon Ranos,180,73,2003-07-20,ST,68,87,33
6918,Joe Redmond,183,75,2000-01-23,CB,68,366,76
6919,Maykel Reyes,167,60,2003-01-13,RM,68,352,39
6920,Lasse Rieß,192,88,2001-07-27,GK,68,93,10
6921,Juan Pablo Rioja,178,78,1988-04-05,CB,68,367,98
6922,Óscar Rivas,190,80,2000-03-27,CB,68,144,2
6923,Thiago,177,60,1997-03-18,LM,68,360,5
6924,Damián,180,75,2003-03-17,CM,68,25,2
6925,Benjamín Rojas,179,80,2001-03-01,RB,68,270,74
6926,Fernando Román,182,81,2001-02-23,CB,68,291,65
6927,Colin Rösler,186,72,2000-04-22,CB,68,207,3
6928,Leândro,175,74,1988-11-26,RM,68,349,5
6929,Sebastián Ruíz Díaz,169,70,2004-03-06,LM,68,230,65
6930,Omar Sadik,185,80,2004-03-22,ST,68,127,28
6931,Rijad Sadiku,187,82,2000-01-18,CB,68,348,41
6932,Ryan Sailor,193,81,1998-01-01,CB,68,9,36
6933,Salazar,177,71,2003-05-10,ST,68,171,2
6934,Martin Samuelsen,188,72,1997-04-17,ST,68,315,3
6935,Lucas Sanabria,177,75,2003-12-26,CDM,68,225,14
6936,Florent Sanchez,178,66,2003-04-02,CM,68,46,1
6937,Isaías,176,67,1987-02-09,CDM,68,273,2
6938,Will Sands,178,68,2000-07-06,LM,68,85,36
6939,Gino Santilli,191,71,2001-10-26,GK,68,283,8
6940,Jabes Saralegui,181,75,2003-04-12,CM,68,111,8
6941,Sem Scheperman,188,80,2002-06-24,CDM,68,332,9
6942,Niek Schiks,188,73,2004-02-03,GK,68,54,9
6943,Lewis Schouten,191,78,2004-04-04,CDM,68,82,9
6944,Steve Seddon,179,68,1997-12-25,LB,68,339,4
6945,Erlend Segberg,183,79,1997-04-12,CDM,68,379,3
6946,Dennis Seimen,190,89,2005-12-01,GK,68,64,10
6947,Astrit Selmani,184,82,1997-05-13,ST,68,324,58
6948,Marvin Senger,193,86,2000-01-06,CB,68,292,10
6949,Jakub Serafin,181,69,1996-06-25,CDM,68,360,13
6950,Alin Șeroni,195,90,1987-03-26,CB,68,348,87
6951,Javi Serrano,178,73,2003-01-16,CDM,68,10,2
6952,Kacper Sezonienko,190,80,,ST,68,364,13
6953,Juljan Shehu,183,76,1998-09-06,CDM,68,238,66
6954,Walid Shour,185,72,,CDM,68,268,134
6955,Craig Sibbald,170,70,,CM,68,358,24
6956,Adama Sidibeh,173,64,1998-06-25,ST,68,300,91
6957,Kiki Silva,172,70,1998-02-14,RW,68,158,12
6958,Bipin Singh,172,65,1995-03-10,LM,68,333,124
6959,Michal Sipľak,184,80,1996-02-02,LM,68,360,44
6960,Vetle Skjærvik,184,77,2000-09-15,CB,68,351,3
6961,Amadeus Sögaard,183,77,1998-01-26,CB,68,241,22
6962,Hugo Sotelo,180,75,2003-12-19,CM,68,25,2
6963,Djibril Soumaré,185,73,2003-01-07,CDM,68,275,61
6964,Casper Staring,186,78,,CDM,68,308,9
6965,Fin Stevens,179,73,2003-04-10,RB,68,191,69
6966,Ignacio Suárez,178,72,2002-02-05,GK,68,225,14
6967,Quinn Sullivan,180,69,2004-03-27,ST,68,156,36
6968,Jakub Surovčík,197,78,2002-06-28,GK,68,96,44
6969,Sam Sutton,175,74,2001-12-10,LB,68,322,83
6970,Kryspin Szcześniak,186,74,2001-01-08,CB,68,248,13
6971,Serafin Szota,187,82,1999-03-04,CB,68,298,13
6972,Enrique Taborga,178,66,2002-04-03,LB,68,277,98
6973,Madih Talal,178,74,1997-08-17,CAM,68,260,1
6974,Jakob Tånnander,191,80,2000-08-10,GK,68,373,22
6975,Andrew Tarbell,191,88,1993-10-07,GK,68,103,36
6976,Richard Taylor,189,74,2000-10-02,CB,68,336,4
6977,Franklin Tebo Uchenna,192,85,2000-01-15,CB,68,309,17
6978,Charlie Telfer,175,74,,CAM,68,378,24
6979,Christian Theoharous,176,70,1999-12-06,LM,68,286,71
6980,Mamadou Thiam,180,85,,ST,68,288,61
6981,Tommy Thompson,173,71,1995-08-15,RB,68,164,36
6982,Simon Tibbling,175,74,1994-09-07,LM,68,309,22
6983,Joona Toivio,186,87,1988-04-04,CB,68,357,29
6984,Mariano Troilo,194,86,2003-06-22,CB,68,186,8
6985,Ryan Tunnicliffe,183,80,1992-12-30,CDM,68,273,4
6986,Ema Twumasi,173,76,1997-05-19,RB,68,118,43
6987,Jošt Urbančič,175,73,2001-04-12,LB,68,228,15
6988,Roshon van Eijma,186,78,,CB,68,295,112
6989,Liam van Gelderen,178,72,,RB,68,295,79
6990,Franco Vega,180,70,2001-09-09,CM,68,219,8
6991,Juan Vera,181,74,1999-02-05,CB,68,346,8
6992,Diego Vera,178,76,1989-11-27,LB,68,230,65
6993,Iván Vidaurre,176,72,1987-02-02,LB,68,353,98
6994,Jair Tavares,181,69,2001-02-13,LM,68,339,12
6995,Carlo Villanueva,183,74,1999-07-01,CAM,68,219,74
6996,Bohdan Viunnyk,185,80,,ST,68,364,26
6997,Emiliano Viveros,178,70,2002-09-30,RM,68,173,8
6998,Andrei Vlad,190,85,1999-04-15,GK,68,224,87
6999,Patrick Vroegh,175,67,1999-11-29,CM,68,295,9
7000,Ivan Vujica,180,83,1997-04-20,LB,68,237,71
7001,Max Watson,186,82,1996-02-03,CB,68,241,22
7002,Victor Wernersson,180,68,,LB,68,377,22
7003,Quentin Westberg,185,78,1986-04-25,GK,68,229,36
7004,Jordan White,193,77,1992-02-04,ST,68,378,24
7005,Alfie Whiteman,189,84,1998-10-02,GK,68,17,4
7006,Dennis Widgren,180,77,1994-03-28,LB,68,373,22
7007,Jannes Wieckhoff,188,75,2000-08-02,RB,68,332,10
7008,Rasmus Wiedesheim-Paul,187,77,1999-02-08,ST,68,362,22
7009,Rasmus Wikström,189,76,2001-03-18,CB,68,354,22
7010,David Williams,174,72,1988-02-26,ST,68,294,71
7011,Ryan Williams,173,67,1993-10-28,ST,68,244,71
7012,Tomasz Wójtowicz,180,78,2003-12-19,LM,68,364,13
7013,Krzysztof Wołkowicz,180,72,1994-09-12,LM,68,292,13
7014,Anıl Yaşar,192,79,2002-07-01,CB,68,189,20
7015,Mert Yılmaz,174,67,1999-03-08,RB,68,242,20
7016,Recep Burak Yılmaz,185,78,1995-11-27,CB,68,210,20
7017,Ali Youssef,182,74,2000-08-05,LW,68,197,51
7018,Míchel Zabaco,185,77,1989-02-06,CB,68,347,2
7019,Rafik Zekhnini,179,63,1998-01-12,LM,68,309,3
7020,Oliwier Zych,193,86,2004-06-28,GK,68,18,13
7021,Dennis Adeniran,180,75,,CM,67,336,4
7022,Rassambek Akhmatov,172,69,,CDM,67,344,47
7023,Akinsola Akinyemi,188,85,,CB,67,319,3
7024,Yazan Al-Arab,187,80,,CB,67,166,84
7025,Néstor Albiach,187,81,1992-08-18,ST,67,347,2
7026,Paolo Alcocer,182,72,2000-09-03,CDM,67,353,98
7027,Hussein Ali,180,73,2002-03-01,RB,67,223,127
7028,Matías Almeida,180,68,,ST,67,211,65
7029,Iker Almena,176,67,2004-05-04,RM,67,39,2
7030,Wildo Alonso,178,76,1990-07-30,LB,67,346,65
7031,Vitor Meer,176,72,,LB,67,206,5
7032,Simon Amin,183,68,1997-11-13,CM,67,372,106
7033,Eugene Ansah,179,70,1994-12-16,ST,67,118,43
7034,Ylies Aradj,179,68,2005-06-05,LB,67,110,1
7035,Jakub Arak,183,78,,ST,67,313,13
7036,Alex Arancibia,188,91,1990-01-28,GK,67,367,98
7037,Guilherme Soares,186,80,,CB,67,356,12
7038,Juan Arias,184,75,2004-01-08,CB,67,124,25
7039,Juan David Arizala,183,70,2005-10-10,RM,67,246,25
7040,Astralaga,190,77,2004-03-03,GK,67,8,2
7041,Philip Aukland,186,79,,CB,67,363,3
7042,Alejandro Azócar,180,80,2000-10-19,LM,67,259,74
7043,Fin Back,188,75,2002-09-25,RB,67,84,4
7044,Algassime Bah,182,75,,ST,67,206,27
7045,Bak Jae Yong,193,88,2000-03-13,ST,67,243,18
7046,Daniel Bassi,178,70,2004-10-31,LW,67,133,3
7047,Zorhan Bassong,178,79,1999-05-07,LB,67,250,40
7048,Brian Jepthe Bayeye,182,77,2000-06-30,RM,67,40,53
7049,Tom Beadling,186,80,1996-01-16,CB,67,299,4
7050,Joe Bendik,191,98,1989-04-25,GK,67,100,36
7051,Alessandro Berardi,185,78,1991-01-16,GK,67,122,7
7052,Owen Bevan,186,77,2003-10-26,CB,67,68,69
7053,Jan Biegański,183,80,,CDM,67,146,13
7054,Elis Bishesari,185,77,2005-05-19,GK,67,297,22
7055,Jóannes Bjartalíð,180,78,,ST,67,363,135
7056,Tim Björkström,181,79,,CB,67,363,22
7057,Axel Björnström,175,67,1995-09-10,LB,67,290,22
7058,Adrian Blake,173,69,2005-07-15,LM,67,180,4
7059,Shane Blaney,190,79,1999-01-20,CB,67,339,76
7060,Vladislav Blănuță,190,76,2002-01-12,ST,67,288,126
7061,Davor Blažević,190,88,1993-02-07,GK,67,256,22
7062,Zach Booth,175,70,2004-02-17,RW,67,95,36
7063,Antonio Bordușanu,175,66,2004-08-10,RW,67,324,87
7064,Subhasish Bose,184,77,1995-08-18,CB,67,302,124
7065,Ismaïl Bouneb,182,71,2006-06-07,CAM,67,161,1
7066,Elyas Bouzaiene,182,76,1997-09-08,RB,67,377,22
7067,Roko Brajković,176,68,,RM,67,75,19
7068,José Briceño,178,80,2002-01-20,ST,67,277,98
7069,Mario Briceño,180,75,1996-06-20,RW,67,219,74
7070,Nathan Buayi-Kiala,177,75,2004-02-29,CM,67,178,1
7071,Aleksander Buksa,188,73,2003-01-15,ST,67,248,13
7072,Antonee Burke-Gilroy,170,70,1997-10-03,LB,67,268,71
7073,Ronald Bustos,186,81,2004-03-17,RB,67,253,98
7074,Abraham Cabrera,180,77,1991-02-20,CB,67,284,98
7075,Joe Caletti,162,65,1998-09-14,CDM,67,268,71
7076,André Calisir,187,76,1990-06-13,CB,67,335,33
7077,Carlos Calzadilla,185,77,2001-11-14,RW,67,296,42
7078,Christian Camarillo,188,80,2002-10-24,CB,67,305,42
7079,Axel Camblan,168,60,2003-08-30,LW,67,80,1
7080,Kyle Cameron,190,87,1997-01-15,CB,67,300,24
7081,Matías Campos,178,76,1993-08-18,ST,67,233,74
7082,Marco Camus,183,73,2001-11-16,LM,67,22,2
7083,Phillip Cancar,186,75,2001-05-11,CB,67,375,71
7084,Ezequiel Cannavó,183,78,2002-06-12,RB,67,232,8
7085,Erick Cano,170,60,1999-03-15,LW,67,353,98
7086,Juan Cardozo,184,73,2004-02-24,CM,67,173,65
7087,Tobias Carlsson,187,75,1995-07-28,CB,67,373,22
7088,Tomé Sousa,184,74,2006-12-16,GK,67,203,12
7089,Erdem Çetinkaya,177,69,2001-03-29,RW,67,187,20
7090,Ellis Chapman,188,74,2001-01-08,CAM,67,371,4
7091,Noah Chilvers,173,64,2001-02-22,CM,67,378,4
7092,Cho Hyun Taek,182,76,,LB,67,193,18
7093,Mateusz Cholewiak,184,78,1990-02-05,LM,67,360,13
7094,Frederik Christensen,180,72,2002-06-07,LM,67,335,32
7095,Yunus Emre Çift,185,79,2003-09-01,CB,67,201,20
7096,Andrei Ciobanu,176,67,1998-01-18,CAM,67,274,87
7097,Gabriel Cléùr,180,76,1998-01-31,RB,67,299,71
7098,Ionuţ Coadă,181,78,,CDM,67,374,87
7099,Marius Coman,185,79,,ST,67,312,87
7100,Mark Connolly,185,77,1991-12-16,CB,67,370,76
7101,Cameron Cook,188,79,2001-08-16,GK,67,294,71
7102,Federico Cristóforo,183,80,1989-09-19,GK,67,337,14
7103,Joan Cruz,172,74,2003-04-04,CAM,67,233,74
7104,Víctor Cuellar,175,72,2000-09-23,CM,67,253,98
7105,Cipriano,197,88,,CB,67,206,5
7106,Emmanuel Danso,175,66,2000-11-10,CDM,67,316,43
7107,Riku Danzaki,174,63,2000-05-31,RM,67,330,48
7108,Gabriel David,180,72,2003-02-11,CM,67,348,87
7109,Ronaldo De Jesús,192,87,2001-04-21,CB,67,185,65
7110,Geovane Jesus,182,79,2001-07-31,RB,67,118,5
7111,Tika de Jonge,173,66,,LM,67,271,9
7112,Adam Devine,184,70,2003-03-25,RB,67,113,24
7113,Dawson Devoy,177,66,2001-11-20,CM,67,381,76
7114,Lautaro Di Lollo,189,86,,CB,67,111,8
7115,Alan Di Pippa,179,75,2000-06-16,CDM,67,283,8
7116,Carlos Díaz,175,67,2001-03-10,CB,67,305,42
7117,Pedro Díaz,181,78,1998-04-21,GK,67,338,77
7118,Oumar Diouf,180,71,2003-05-15,ST,67,189,61
7119,James Donachie,193,85,1993-05-14,CB,67,330,71
7120,Marian Drăghiceanu,170,67,,CAM,67,312,87
7121,Jed Drew,175,75,2003-08-29,LM,67,237,71
7122,Diego Duarte,176,78,2002-04-08,ST,67,342,65
7123,Răzvan Ducan,192,82,2001-02-09,GK,67,274,87
7124,Marco Ehmann,189,78,2000-08-03,CB,67,292,87
7125,Omar El Sawy,175,66,2004-03-16,CAM,67,285,87
7126,Callan Elliot,173,68,1999-07-07,RB,67,226,83
7127,Ole Enersen,181,69,2002-09-06,LW,67,316,3
7128,Tim Erlandsson,194,91,1996-12-25,GK,67,362,22
7129,Lee Erwin,188,79,,ST,67,357,24
7130,Junior Eyamba,194,82,,ST,67,298,16
7131,Imoh Ezekiel,178,70,1993-10-24,ST,67,361,17
7132,Aslak Falch,185,81,1992-05-25,GK,67,315,3
7133,Jean Falconí,175,75,1996-06-04,RB,67,338,77
7134,Joaquín Fernández,174,76,2003-02-08,LM,67,262,14
7135,Jesús Fernández,190,84,1988-06-11,GK,67,356,2
7136,Diego Ferraresso,171,71,,LB,67,344,73
7137,Marcelo Ferreira,178,73,1993-08-17,ST,67,230,65
7138,Nuno Matos,182,75,2004-10-04,CB,67,52,12
7139,Nick Fichtinger,178,70,2004-04-06,CM,67,217,9
7140,Marcelo Filla,177,68,1998-02-14,RB,67,272,74
7141,Jonathan Fischer,197,90,,GK,67,363,32
7142,Franchesco Flores,168,68,2001-06-15,CAM,67,265,77
7143,Orrin McKinze Gaines,181,74,1998-03-02,RM,67,103,36
7144,Sean Gannon,185,73,1991-07-11,RB,67,368,76
7145,Ismael García,181,71,2001-09-24,CB,67,263,14
7146,Andrei Gheorghiță,185,76,2002-07-16,LM,67,356,87
7147,Diego Gil,179,71,2001-09-25,GK,67,331,42
7148,Alan Gómez,174,75,2002-08-29,ST,67,342,65
7149,Taras Gomulka,182,70,2001-09-16,CDM,67,294,71
7150,Aaron Greene,181,82,1990-01-02,ST,67,325,76
7151,Dragoș Grigore,185,77,1986-09-07,CB,67,344,87
7152,Liam Grimshaw,179,85,,CM,67,358,4
7153,Deniz Gül,190,82,2004-07-02,ST,67,27,22
7154,Musa Gurbanli,185,78,2002-04-13,ST,67,209,118
7155,Jhohan Gutiérrez,177,72,1996-09-27,GK,67,253,98
7156,Santiago Guzmán,177,75,2004-03-08,LM,67,263,14
7157,Stephen Annor Gyamfi,183,76,,ST,67,103,43
7158,Ronan Hale,176,70,,ST,67,378,76
7159,Tyrese Hall,169,73,2005-09-04,CDM,67,17,4
7160,Denzel Hall,180,74,2001-05-22,RB,67,223,9
7161,Fredrik Hammar,175,70,2001-02-26,CM,67,256,22
7162,Saïd Hamulić,188,83,,ST,67,238,41
7163,Isak Hansen-Aarøen,173,65,2004-08-22,CAM,67,117,3
7164,Herman Haugen,182,70,2000-04-25,RB,67,228,3
7165,Mustafa Erhan Hekimoğlu,185,70,,ST,67,32,20
7166,Andreas Helmersen,190,82,,ST,67,133,3
7167,Axel Henriksson,182,76,,CM,67,380,22
7168,Wilbert Hernández,185,80,2001-03-02,GK,67,281,42
7169,Bode Hidalgo,183,75,2002-02-22,RB,67,94,36
7170,Jack Hingert,170,68,1990-09-26,RB,67,268,136
7171,Seán Hoare,182,84,1994-03-15,CB,67,325,76
7172,Armin Hodžić,182,75,2000-02-29,CDM,67,210,41
7173,Yoav Hofmeister,182,75,2000-12-25,CDM,67,355,90
7174,Kevin Holt,185,70,,CB,67,358,24
7175,Josué Homawoo,190,84,1997-11-12,CB,67,324,75
7176,Hong Si Hoo,175,65,2001-01-08,RW,67,222,18
7177,Cameron Howieson,180,78,,CM,67,226,83
7178,Fabricio Iacovich,199,93,2002-01-29,GK,67,130,8
7179,Dragoș Iancu,180,78,2002-09-29,LM,67,343,87
7180,Melih Ibrahimoglu,175,73,,CM,67,142,20
7181,Arijon Ibrahimović,176,69,2005-12-11,LW,67,3,10
7182,Burak İnce,181,70,2004-01-20,RM,67,298,20
7183,César Inga,178,78,2002-04-30,LB,67,338,77
7184,Dane Ingham,186,73,1999-06-08,RB,67,375,83
7185,Clint Irwin,191,88,1989-04-01,GK,67,168,36
7186,Jesper Isaksen,183,73,,CM,67,379,3
7187,Taofeek Ismaheel,172,65,,LW,67,248,17
7188,Cătălin Itu,182,70,1999-10-26,CM,67,356,87
7189,Konrad Jałocha,201,93,1991-05-09,GK,67,292,13
7190,Dean James,177,71,2000-04-30,LB,67,280,9
7191,Jang Seong Won,175,70,1997-06-17,RB,67,200,18
7192,Budimir Janošević,188,86,1989-10-21,GK,67,290,30
7193,Sandesh Jhingan,188,80,1993-07-21,CB,67,328,124
7194,Hector Jimenez,175,64,1988-11-03,RB,67,116,36
7195,Juan David Jiménez,175,72,1994-03-12,CDM,67,276,25
7196,Nestor Jiménez,175,66,2003-04-08,ST,67,281,42
7197,Jin Seong Uk,182,82,1993-12-16,ST,67,255,18
7198,Alexandru Jipa,181,71,2001-09-14,LM,67,343,87
7199,Jo Sung Joon,176,72,1990-11-27,RW,67,154,18
7200,Alexander Johansson,189,79,1995-10-30,ST,67,354,22
7201,Levonte Johnson,178,79,1999-03-15,LM,67,100,40
7202,Preston Judd,191,84,1999-05-28,ST,67,164,36
7203,Jung Dong Yoon,175,72,1994-04-03,RB,67,222,18
7204,Marc Jurado,178,65,,RB,67,127,2
7205,Matthew Jurman,190,85,1989-12-08,CB,67,237,71
7206,Miłosz Kałahur,175,70,,LB,67,364,13
7207,Florian Kamberi,189,86,,ST,67,356,66
7208,Georgios Kanellopoulos,185,75,2000-01-29,CM,67,357,59
7209,Kang Yoon Gu,177,73,2002-04-08,RM,67,167,18
7210,Kang Sang Yoon,171,64,2004-05-31,CM,67,245,18
7211,Oscar Forsmo Kapskarmo,190,81,2000-01-05,ST,67,133,3
7212,Markus Seehusen Karlsbakk,185,76,2000-05-07,LM,67,306,3
7213,Daniel Karlsbakk,185,78,2003-04-07,ST,67,223,3
7214,Lirim Kastrati,178,65,1999-02-02,RB,67,238,58
7215,Omari Kellyman,191,85,,CAM,67,24,4
7216,Kristoffer Khazeni,185,77,1995-06-25,CM,67,241,22
7217,Kim Han Gil,177,69,1995-06-21,RM,67,264,18
7218,Kim Ji Soo,192,73,2004-12-24,CB,67,74,18
7219,Kim Min Jun,182,74,,RW,67,167,18
7220,Kim Jun Ho,182,70,,CDM,67,193,18
7221,Kim Jung Min,182,80,1999-11-13,CM,67,255,18
7222,Kim Kang San,184,78,,CB,67,193,18
7223,Kim Chan,189,83,,ST,67,193,18
7224,Lukas Klemenz,191,88,,CB,67,313,13
7225,Niklas Klinger,187,85,1995-10-13,GK,67,66,10
7226,Ko Myeong Seok,189,80,1995-09-27,CB,67,200,18
7227,Arif Kocaman,184,72,2003-09-14,CB,67,234,20
7228,Lennart Koerdt,187,78,,CAM,67,150,10
7229,Ali Yavuz Kol,175,70,,ST,67,174,20
7230,Kevin Komar,193,75,2003-07-26,GK,67,360,13
7231,Pritam Kotal,177,75,1993-08-09,CB,67,334,124
7232,Billy Koumetio,195,81,2002-11-14,CB,67,359,1
7233,Oscar Krusnell,183,70,1999-02-17,LB,67,315,22
7234,Max Kucheriavyi,165,65,2002-05-09,CM,67,300,26
7235,Dawid Kudła,189,85,,GK,67,313,13
7236,Roy Kuijpers,175,66,,RM,67,308,9
7237,Märten Kuusk,182,73,,CB,67,313,109
7238,Simen Kvia-Egeskog,185,73,2003-05-26,CM,67,228,3
7239,Amine Lachkar,188,78,,CDM,67,311,9
7240,Ziyad Larkeche,180,67,2002-09-19,LB,67,359,1
7241,Lucas Lavagnino,189,79,2004-08-22,GK,67,29,8
7242,Lee Jun,188,77,1997-07-14,GK,67,264,18
7243,Lee Seung Mo,186,70,1998-03-30,CDM,67,166,18
7244,Adam Legzdins,190,90,1986-11-23,GK,67,359,4
7245,Jamie Lennon,178,74,1998-05-09,CDM,67,366,76
7246,Yann Lienard,194,80,2003-03-16,GK,67,57,1
7247,Marcus Lindberg,181,74,2000-06-27,ST,67,373,32
7248,Sondre Liseth,182,72,1997-09-30,CAM,67,315,3
7249,Marc Llinares,180,75,1999-08-26,LB,67,256,2
7250,Franco Lobos,182,79,1999-02-22,LW,67,272,74
7251,Enzo López,186,79,2001-03-11,GK,67,263,14
7252,Yordi López,171,68,2002-06-17,CM,67,289,14
7253,Noel,182,68,2003-03-17,ST,67,81,2
7254,Lorenzo Lucchesi,190,80,2003-05-09,CB,67,170,7
7255,Anton Logi Ludviksson,188,75,2003-03-13,CDM,67,315,56
7256,Renzo Machado,182,77,2005-09-21,ST,67,289,14
7257,Lukas MacNaughton,188,83,1995-03-08,CB,67,89,40
7258,Eros Maddy,177,71,2001-02-05,RM,67,178,9
7259,Júlíus Magnússon,178,76,,CDM,67,363,56
7260,John Mahon,186,84,1999-11-26,CB,67,371,76
7261,Curtis Main,178,67,1992-06-20,ST,67,359,4
7262,Aldo Maiz,172,66,2000-08-27,CM,67,337,65
7263,Aaron Malouda,180,75,2005-11-30,CAM,67,53,1
7264,Navin Malysh,185,73,2003-07-27,RB,67,112,26
7265,Christopher Mamengi,182,78,2001-04-03,CB,67,321,9
7266,Hector Manrique,165,67,2006-07-29,CAM,67,281,42
7267,Agustín Manzur,169,64,2000-09-29,CM,67,291,8
7268,Max Mata,186,81,,ST,67,226,83
7269,Kuryu Matsuki,180,76,,CM,67,215,48
7270,Alfie McCalmont,175,70,2000-03-25,CM,67,286,85
7271,Paul McMullan,168,68,1996-02-25,RM,67,370,24
7272,Marlon Medranda,180,70,1999-05-19,LB,67,276,39
7273,Marcel Mendes-Dudziński,193,80,,GK,67,267,13
7274,Kai Meriluoto,183,72,2003-01-02,ST,67,357,29
7275,Andreas Mihaiu,179,74,,RM,67,344,87
7276,Stanley Mills,180,70,2003-10-25,RM,67,36,4
7277,Min Sang Gi,184,77,,CB,67,154,18
7278,Mariano Miño,160,62,1994-03-28,RM,67,352,8
7279,Akash Mishra,179,68,2001-11-27,LB,67,333,124
7280,Mo Jae Hyeon,184,74,,RM,67,193,18
7281,Stian Molde,183,75,,LB,67,363,3
7282,Estivel Moreira,170,65,1999-04-16,CM,67,291,65
7283,Cláudio Silva,188,78,,CB,67,356,12
7284,Marco Moreno,191,78,2001-02-20,CB,67,227,2
7285,Rodrigo Morínigo,189,91,1998-10-07,GK,67,199,65
7286,Samuel Mráz,183,75,,ST,67,314,44
7287,Nordin Musampa,179,73,,LB,67,271,9
7288,Vlad Muțiu,187,78,1995-02-02,GK,67,343,87
7289,Jakub Myszor,175,66,2002-06-07,CAM,67,216,13
7290,Shuma Nagamatsu,170,67,,CAM,67,355,48
7291,Arkadiusz Najemski,182,77,,CB,67,314,13
7292,Aurélien Nguiamba,179,73,1999-01-18,CM,67,240,1
7293,Mathys Niflore,188,74,,GK,67,110,1
7294,Will Nightingale,185,84,1995-08-02,CB,67,378,4
7295,Axel Norén,184,80,,CB,67,380,22
7296,Patrick Nwadike,190,87,1998-08-29,CB,67,373,22
7297,Silas Nwankwo,183,75,2003-12-12,ST,67,354,17
7298,Moses Nyeman,165,62,2003-11-05,CDM,67,168,36
7299,Gary O'Neill,180,73,1995-01-27,CM,67,325,76
7300,Adam O'Reilly,168,68,2001-05-11,CDM,67,370,76
7301,Kevin O'Toole,178,75,1998-12-14,LB,67,220,36
7302,Wilmer Odefalk,177,70,2004-11-21,CM,67,335,22
7303,Obilor Denzel Okeke,170,70,,LW,67,319,3
7304,João Oliveira,185,78,,GK,67,144,12
7305,Alberto Costa,186,79,2003-09-29,RB,67,144,12
7306,César Olmedo,181,75,2003-02-28,RB,67,211,65
7307,Elias Olsson,188,72,,CB,67,364,22
7308,Toyosi Olusanya,176,68,1997-10-14,ST,67,336,4
7309,Wyatt Omsberg,193,82,1995-09-21,CB,67,137,36
7310,Octavio Ontivero,174,65,2006-01-10,LB,67,123,8
7311,Sondre Ørjasæter,180,70,2003-11-28,LM,67,309,3
7312,Darius Oroian,178,68,2003-08-01,RB,67,312,87
7313,Anyelo Ortíz,175,75,2001-10-22,CB,67,284,98
7314,Marcos Ovejero,170,72,,ST,67,277,8
7315,Arda Özçimen,198,86,,GK,67,215,20
7316,Doğukan Özkan,185,75,2000-02-04,GK,67,242,20
7317,Pierangelo Pagnano,178,72,2001-08-28,CM,67,376,42
7318,Nicolás Palavecino,186,77,2003-03-29,LM,67,232,8
7319,Jorge Palomino,175,75,1995-09-07,CDM,67,338,77
7320,Jan Paluska,185,72,2005-06-23,CB,67,177,45
7321,Elliot Panicco,196,93,1996-11-18,GK,67,89,36
7322,Ștefan Pănoiu,179,74,2002-09-23,CAM,67,348,87
7323,Park Chung Hyo,188,78,1990-02-13,GK,67,310,18
7324,Park Seong Hun,183,72,,CB,67,166,18
7325,Park Tae Joon,175,74,1999-01-19,CM,67,264,18
7326,Răzvan Pașcalău,189,82,,CB,67,324,87
7327,Răzvan Patriche,181,75,1986-04-29,CB,67,324,87
7328,Sebastián Pereira,186,94,1999-01-14,CB,67,233,74
7329,Brayann Pereira,172,70,2003-05-21,RB,67,151,1
7330,Ovidiu Perianu,180,73,,CDM,67,374,87
7331,Joel Persson,194,88,2003-01-15,ST,67,329,22
7332,Oliver Petersen,190,85,2001-09-26,GK,67,306,3
7333,Luca Petrasso,180,76,,LB,67,108,40
7334,Charles Petro,176,72,2001-02-08,RB,67,348,137
7335,Dylan Pierias,175,72,2000-02-20,RM,67,273,71
7336,Luke Plange,178,65,2002-11-04,ST,67,357,4
7337,Iustin Popescu,188,80,,GK,67,326,87
7338,Dylan Portilla,174,68,,CM,67,182,74
7339,Tobías Portillo,175,68,2005-02-16,LM,67,185,65
7340,Mateusz Radecki,187,74,,CAM,67,360,13
7341,Adam Radwański,170,63,,CAM,67,279,13
7342,Luca Raimund,188,76,2005-04-09,CAM,67,64,10
7343,Mikkel Rakneberg,187,78,,LB,67,379,3
7344,Lalengmawia Ralte,177,68,,CM,67,302,124
7345,Alex Rangel,189,77,2002-03-18,CB,67,157,39
7346,Andre Raymond,170,70,,LB,67,300,68
7347,Givairo Read,176,71,2006-06-02,RM,67,58,9
7348,João Pedro,186,76,2003-03-14,LB,67,179,5
7349,Oskar Repka,188,85,,CDM,67,313,13
7350,Paulo Retre,170,63,1993-03-04,CDM,67,322,71
7351,Ioan-Călin Revenco,176,70,2000-06-26,RB,67,360,126
7352,Rodrigo Macedo,181,69,2003-07-09,ST,67,52,12
7353,Gorka,184,78,,LB,67,63,2
7354,Milan Robberechts,173,58,,RM,67,258,6
7355,Yomar Rocha,178,65,2003-06-21,RB,67,213,98
7356,Grzegorz Rogala,183,77,,LB,67,313,13
7357,Logan Rogerson,182,70,,RW,67,226,83
7358,Joel Román,169,65,1990-03-19,RM,67,346,65
7359,Abraham Romero,189,84,1998-02-18,GK,67,102,36
7360,Imad Rondić,190,80,1999-02-16,ST,67,238,41
7361,Martin Ove Roseth,188,78,1998-07-10,CB,67,306,3
7362,Neluț Roșu,175,68,1993-07-05,CM,67,326,87
7363,Sebastian Rudol,185,77,,CB,67,314,13
7364,Armando Ruiz Díaz,184,82,1993-07-14,RB,67,346,65
7365,Jacen Russell-Rowe,183,73,2002-09-13,ST,67,102,40
7366,Yousef Salech,195,83,2002-01-17,ST,67,373,32
7367,Nathan-Dylan Saliba,173,71,2004-02-07,CM,67,235,40
7368,Lucas Sanseviero,180,72,2000-08-05,RW,67,262,14
7369,Youri Schoonderwaldt,195,82,2000-05-13,GK,67,149,9
7370,Vicko Ševelj,183,76,,CB,67,358,19
7371,Khiry Shelton,191,84,1993-06-26,ST,67,250,36
7372,Shun Shibata,165,59,,CAM,67,313,48
7373,Connor Shields,179,80,1997-07-29,ST,67,345,24
7374,Shola Shoretire,171,70,2004-02-02,CAM,67,114,4
7375,Stiven Shpendi,181,75,2003-05-19,ST,67,139,66
7376,Matías Silva,173,65,2004-09-19,CM,67,289,14
7377,Aidan Simmons,173,65,2003-05-26,RB,67,299,71
7378,Christopher Simon,185,77,,CDM,67,314,61
7379,Amrinder Singh,186,80,1993-05-27,GK,67,278,124
7380,Oskar Sivertsen,177,72,,LW,67,379,3
7381,Robert Slevin,180,76,,CB,67,365,76
7382,Jaden Slory,176,67,2005-05-09,RW,67,58,9
7383,Liam Smith,173,68,1996-04-10,RB,67,381,24
7384,Tommy Smith,188,82,1990-03-31,CB,67,226,83
7385,Hubert Sobol,183,74,,ST,67,238,13
7386,Noah Söderberg,182,78,2001-08-21,CM,67,362,22
7387,Łukasz Sołowiej,189,84,1988-10-11,CB,67,360,13
7388,Daniele Sommariva,185,76,1997-07-18,GK,67,121,7
7389,Sondre Sørløkk,187,78,,CM,67,363,3
7390,Matías Sosa,179,77,,RM,67,232,8
7391,Jaushua Sotirio,175,71,,RM,67,334,71
7392,Tyrese Spicer,185,70,2000-12-04,LW,67,104,68
7393,Stefan Stefanovici,175,72,2002-02-20,LB,67,356,87
7394,Luca Stephenson,178,74,2003-09-17,RB,67,358,4
7395,Konrad Stępień,185,80,1993-03-07,CDM,67,360,13
7396,Paweł Stolarski,181,74,,RB,67,314,13
7397,Marcelo Suárez,180,78,2001-12-20,CB,67,277,98
7398,Martín Suárez,178,67,2004-06-16,CM,67,263,14
7399,Aleksandar Šušnjar,191,81,1995-08-19,CB,67,375,71
7400,Karol Szymański,192,92,1993-06-25,GK,67,327,13
7401,Clayton Taylor,175,72,2004-03-01,LM,67,375,71
7402,Muhammet Taha Tepe,187,79,2001-01-01,GK,67,62,20
7403,Anirudh Thapa,169,60,1998-01-15,CM,67,302,124
7404,Kolbeinn Thórdarson,177,77,2000-03-12,CM,67,297,56
7405,Nökkvi Þórisson,188,78,1999-08-13,LM,67,97,56
7406,Alexandru Țigănașu,179,74,1990-06-12,LB,67,348,87
7407,Demir Ege Tıknaz,193,76,2004-08-17,CDM,67,32,20
7408,Dawid Tkacz,181,67,2005-01-25,LW,67,292,13
7409,Todor Todoroski,180,70,1999-02-26,RB,67,356,62
7410,Sebastian Tounekti,170,68,2002-07-13,LM,67,315,51
7411,Kacper Trelowski,190,77,2003-08-19,GK,67,216,13
7412,Răzvan Trif,180,72,1997-10-09,LB,67,361,87
7413,Alexandru Tudorie,192,77,1996-03-19,ST,67,341,87
7414,Rayhaan Tulloch,178,70,2001-01-20,LM,67,368,4
7415,Lukas Ullrich,180,73,2004-03-16,LB,67,87,10
7416,Franco Umeh-Chibueze,178,72,2005-01-26,RW,67,55,76
7417,Emrecan Uzunhan,189,85,2001-02-26,CB,67,242,20
7418,Jack Vale,183,70,2001-03-03,ST,67,339,69
7419,Jort van der Sande,183,80,,ST,67,358,9
7420,Cristhian Vargas,174,72,1995-06-14,RW,67,338,77
7421,Alenis Vargas,188,80,,RW,67,250,95
7422,Kenneth Vermeer,181,78,1986-01-10,GK,67,217,9
7423,Valentino Vermeulen,180,76,,RB,67,311,9
7424,Pau Víctor,184,77,,ST,67,8,2
7425,Julio Vila,183,77,1996-01-15,CB,67,353,8
7426,Jaime Villamil,175,71,1992-10-05,LB,67,367,98
7427,Felix Vá,166,72,1998-08-24,RW,67,306,70
7428,Taylor Washington,178,77,1993-08-16,LB,67,89,36
7429,Marcin Wasielewski,172,73,,RB,67,313,13
7430,Niklas Jensen Wassberg,178,63,2004-06-12,LW,67,282,3
7431,Dylan Watts,177,73,1997-04-11,CM,67,325,76
7432,Akil Watts,178,79,2000-02-04,RB,67,97,36
7433,Jonas Wendlinger,192,85,,GK,67,321,21
7434,Norbert Wojtuszek,184,79,,RM,67,248,13
7435,Michael Woud,196,85,,GK,67,226,83
7436,Luuk Wouters,190,78,,LB,67,295,9
7437,Jacob Wright,173,70,2005-09-21,CDM,67,2,4
7438,Terry Yegbe,195,87,2001-01-25,CB,67,254,43
7439,Yoon Pyung Gook,189,85,1992-02-08,GK,67,154,18
7440,Eriq Zavaleta,185,84,1992-08-02,CB,67,109,120
7441,Davor Zdravkovski,175,75,1998-03-20,CDM,67,339,62
7442,Melvin Zinga,187,76,2002-03-16,GK,67,204,1
7443,Christoffer Aasbak,187,80,,LB,66,379,3
7444,Sahal Abdul Samad,179,70,1997-04-01,CM,66,302,124
7445,Jalal Abdullai,186,80,2005-01-05,ST,66,254,43
7446,Emmanuel Adegboyega,191,81,2003-09-16,CB,66,358,76
7447,Christ Afalna,187,81,,CAM,66,374,34
7448,Oscar Aga,180,70,,ST,66,363,3
7449,Alexander Ahl Holmström,191,82,,ST,66,380,22
7450,Abdelhamid Ait Boudlal,190,78,,CB,66,101,28
7451,Mohamed Al-Taay,173,74,2000-06-15,CDM,66,322,127
7452,Agustín Alcaraz,179,67,1998-07-22,CDM,66,367,8
7453,Ayoub Aleesami,185,88,,CB,66,319,3
7454,Fernando Álvarez,186,81,2003-08-24,CB,66,235,25
7455,Will Alves,179,74,2005-05-04,CAM,66,95,4
7456,Lukáš Ambros,182,71,2004-06-05,CAM,66,248,45
7457,Samuel Amo-Ameyaw,174,64,2006-07-18,LW,66,61,4
7458,Pádraig Amond,178,79,,ST,66,382,76
7459,Adriano,175,72,,ST,66,216,5
7460,Ayman Aourir,172,62,2004-10-06,CAM,66,11,28
7461,Thomas Aquilina,178,67,2001-02-02,RM,66,375,71
7462,Telmo Arcanjo,180,79,2001-06-21,CAM,66,144,89
7463,Mateo Argüello,178,72,2002-07-10,RB,66,262,14
7464,Nahuel Arias,177,68,,RB,66,134,8
7465,Emilio Aristizábal,187,70,2005-08-05,ST,66,124,25
7466,Patric Åslund,183,77,2002-08-01,CM,66,208,22
7467,Marcus Baggesen,177,70,2003-07-17,LB,66,241,32
7468,Ignacio Bailone,191,81,1994-01-20,ST,66,342,8
7469,James Balagizi,189,78,2003-09-20,CM,66,6,4
7470,Ellery Balcombe,190,92,1999-10-15,GK,66,336,4
7471,Noahkai Banks,193,80,,CB,66,141,36
7472,Hugo Barbet,189,82,,GK,66,136,1
7473,Cristian Bărbuț,166,60,,RM,66,374,87
7474,Tom Barlow,188,84,1995-07-08,ST,66,137,36
7475,Luis Becerra,180,86,1997-10-06,CB,66,352,39
7476,Jan Bekkema,186,90,1996-04-09,GK,66,223,9
7477,Pierre Bellolio,185,77,1999-06-22,GK,66,352,39
7478,Nehuen Benedetti,175,72,2005-02-25,CM,66,130,8
7479,Frankarlos Benítez,188,75,2004-05-03,GK,66,281,42
7480,Robbie Benson,178,75,1992-05-07,CAM,66,383,76
7481,Vicente Bernedo,187,76,2001-01-22,GK,66,202,74
7482,Parfait Bizoza,187,78,1999-03-03,CM,66,315,82
7483,Carl Björk,184,74,2000-01-19,ST,66,241,22
7484,Ernest Boahene,172,73,2000-03-06,RB,66,316,43
7485,Thomas Boakye,172,74,1993-05-10,RM,66,362,43
7486,Hugo Bolin,179,64,2003-07-24,CAM,66,207,22
7487,Joshua Bolma,175,61,2002-04-10,LM,66,85,43
7488,Nikolaos Botis,196,81,,GK,66,99,59
7489,Ronan Boyce,180,74,2001-05-12,RB,66,370,76
7490,Mustafa Burak Bozan,190,80,2000-08-23,GK,66,169,20
7491,Johan Brattberg,200,93,,GK,66,377,22
7492,Mario Bratu,176,69,2002-06-07,RW,66,341,87
7493,Sammy Braybrooke,170,56,2004-03-12,CDM,66,95,4
7494,Anthony Breslin,179,73,1997-02-13,LB,66,366,76
7495,Yannick Bright,183,78,2001-09-03,CDM,66,9,7
7496,Killian Brouder,188,77,,CB,66,365,76
7497,Jaden Brown,175,72,1999-01-24,LB,66,336,4
7498,James Brown,177,77,1998-06-04,RB,66,378,76
7499,Keith Buckley,180,71,1992-06-17,CDM,66,381,76
7500,Garry Buckley,185,75,,CB,66,365,76
7501,Borna Buljan,195,87,2005-04-05,GK,66,75,19
7502,Rares Burnete,185,76,2004-01-31,ST,66,69,87
7503,Enzo Damián Cabrera,168,64,,CDM,66,185,65
7504,José Aamet Calderón,185,88,1998-07-01,GK,66,249,77
7505,Joel Calicho,177,75,1995-06-02,LW,66,353,98
7506,Innes Cameron,190,75,2000-08-22,ST,66,231,24
7507,Adrian Caragea,182,74,,LW,66,324,87
7508,Jesús Careaga,184,88,1997-05-09,GK,66,253,98
7509,Sergio Carrasco,189,79,2005-01-02,ST,66,272,74
7510,Català,188,76,,CB,66,127,2
7511,Fabián Cerda,183,83,,GK,66,219,74
7512,Uba Charles,176,65,2002-10-10,CDM,66,306,17
7513,Christopher Cheng,172,60,2001-10-27,LB,66,372,3
7514,Trevor Clarke,175,65,1998-03-26,LM,66,325,76
7515,Dorin Codrea,185,79,,CDM,66,288,87
7516,Alonso Coello,185,82,1999-10-18,CM,66,104,2
7517,Liston Colaço,177,64,1998-11-12,LM,66,302,124
7518,Dennis Collander,178,70,2002-05-09,RW,66,256,22
7519,Vicente Conelli,179,72,,ST,66,219,74
7520,Mark Coyle,178,68,1997-02-13,CM,66,368,76
7521,Álvaro Cuello,186,74,1994-06-15,CAM,66,291,8
7522,Eric da Silva Moreira,184,82,2006-05-03,RM,66,84,10
7523,Pontus Dahbo,185,78,2005-10-11,CM,66,197,22
7524,Kévin Danois,183,72,2004-06-28,CM,66,178,1
7525,Harvey Davies,188,80,2003-09-03,GK,66,6,4
7526,Ángel De La Cruz,196,85,2002-05-24,GK,66,172,77
7527,Théo De Percin,185,81,2001-02-02,GK,66,178,1
7528,Jonathan Dean,173,69,1997-05-15,LB,66,137,36
7529,Milton Delgado,166,63,,CDM,66,111,8
7530,Cengiz Demir,186,74,2001-04-18,CB,66,210,20
7531,Aidan Denholm,175,68,2003-11-09,CM,66,378,24
7532,Belmin Dizdarević,189,80,2001-08-09,GK,66,76,41
7533,Wiktor Długosz,182,64,2000-07-01,RM,66,355,13
7534,Ben Doherty,175,63,1997-03-24,LB,66,370,76
7535,Ross Doohan,186,75,1998-03-29,GK,66,266,24
7536,CJ dos Santos,194,77,2000-08-28,GK,66,9,36
7537,Dawid Drachal,182,70,2005-01-31,RM,66,216,13
7538,Igor Drapiński,186,78,,LB,66,327,13
7539,Cristian Dumitru,173,70,,LW,66,344,87
7540,Jack Duncan,189,85,1993-04-19,GK,66,287,71
7541,Blessing Edet,180,78,2004-11-11,CM,66,281,17
7542,Ryan Edmondson,188,78,2001-05-20,ST,66,286,4
7543,Vetle Walle Egeli,180,75,2004-06-23,LB,66,372,3
7544,Jostein Ekeland,184,77,1997-07-24,LW,66,316,3
7545,Noam Emeran,179,67,,LM,66,271,1
7546,Luca Everink,179,76,2001-02-09,RB,66,280,9
7547,Francisco Facello,167,67,,RB,66,186,8
7548,Anton Fagerström,185,78,,GK,66,377,22
7549,Brandon Fernandes,167,63,1994-09-20,LM,66,333,124
7550,Rafa Santos,187,76,1997-02-14,CM,66,292,12
7551,Iván Flores,182,82,2003-04-01,CB,66,346,65
7552,Jordan Flores,180,75,1995-10-04,CDM,66,381,4
7553,Kai Fotheringham,169,66,,RW,66,358,24
7554,Cristian Franco,182,75,,ST,66,262,14
7555,Adams Friday,174,72,2002-11-23,LM,66,348,17
7556,Eugene Frimpong,174,70,2003-02-02,CM,66,120,43
7557,Alessio Furlanetto,191,78,,GK,66,37,7
7558,Lucas Galarza,193,84,2000-10-18,GK,66,342,65
7559,Ignacio Galván,181,80,,LB,66,232,8
7560,Santi García,184,77,2001-08-29,CAM,66,159,2
7561,Emrehan Gedikli,187,84,2003-04-25,ST,66,142,20
7562,Oscar Giménez,195,96,1990-04-26,ST,66,346,65
7563,Dennis Gjengaar,177,75,2004-02-24,RM,66,83,3
7564,Nicksoen Gomis,185,79,2002-03-15,CB,66,104,1
7565,Ángel González,171,68,1994-05-16,RM,66,230,65
7566,Daniel Gore,173,65,2004-09-26,CM,66,16,4
7567,Ross Graham,187,70,,CB,66,358,24
7568,Gustav Granath,191,82,1997-02-15,CB,66,377,22
7569,Alex Greive,178,73,,ST,66,381,83
7570,Loup Diwan Gueho,189,82,,CB,66,364,1
7571,Joaquín Gutiérrez,173,77,2002-07-04,RB,66,219,74
7572,Bruno Gutiérrez,184,68,2002-06-25,RB,66,182,74
7573,Sondre Fosnæss Hanssen,187,82,2001-05-25,CB,66,316,3
7574,George Harmon,180,72,2000-12-08,LB,66,378,4
7575,Agustin Hausch,175,65,2003-05-21,ST,66,134,8
7576,Leandro Hernández,164,66,,LW,66,182,74
7577,Anders Hiim,174,75,2002-09-13,LB,66,309,3
7578,Erik Holt,185,84,1996-09-06,CB,66,94,36
7579,Hong Joon Ho,190,77,1993-10-11,CB,66,255,18
7580,Daryl Horgan,170,70,1992-08-10,CAM,66,383,76
7581,Håkon Helland Hoseth,182,76,,RB,66,319,3
7582,Cristian Ignat,194,84,,CB,66,285,87
7583,Dejan Iliev,195,87,,GK,66,361,62
7584,Pedro Gomes,185,75,,CB,66,203,12
7585,Antoni Ivanov,170,68,,CM,66,343,73
7586,Bartosz Jaroszek,189,82,,CB,66,313,13
7587,Jeong Chi In,182,71,,LM,66,200,18
7588,Henrik Kjelsrud Johansen,183,84,,ST,66,363,3
7589,Luka Jurak,178,71,,CM,66,75,19
7590,Adam Kaied,178,75,,RM,66,308,22
7591,Johsbosco Kalu,182,75,1997-12-10,ST,66,329,17
7592,Justin-Noël Kalumba,182,75,2004-12-25,LB,66,204,1
7593,Wojciech Kamiński,186,83,,CB,66,355,13
7594,Filip Karbowy,178,67,1997-09-03,CAM,66,327,13
7595,Johan Karlsson,172,68,2001-06-20,RB,66,350,22
7596,Brandon Kavanagh,172,63,2000-09-21,RM,66,366,76
7597,Aidan Keena,180,68,1999-04-25,ST,66,366,76
7598,Andu Kelati,179,69,,LW,66,190,10
7599,Lukas Kelly-Heald,198,80,2005-03-18,LB,66,322,83
7600,Deandre Kerr,180,71,2002-11-29,ST,66,104,40
7601,Kim Yi Seok,172,60,1992-03-26,CM,66,310,18
7602,Kim Jae Woo,189,84,,CB,66,194,18
7603,Kim Hyun Woo,183,74,1999-03-07,CB,66,194,18
7604,Kim Woo Suk,184,74,1996-08-04,CB,66,310,18
7605,Daniel Klein,191,84,2001-03-13,GK,66,141,10
7606,Mateusz Kowalczyk,181,75,2004-04-16,CM,66,313,13
7607,Caleb Kporha,170,67,,RB,66,55,4
7608,Mergim Krasniqi,187,82,,GK,66,380,22
7609,Ben Krauhaus,177,74,,RM,66,74,4
7610,Stian Kristiansen,186,78,1999-01-06,CB,66,372,3
7611,Rafał Król,183,75,,CAM,66,314,13
7612,Dušan Kuciak,194,87,1985-05-21,GK,66,216,44
7613,Nishu Kumar,169,68,1997-11-05,LB,66,260,124
7614,Alou Kuol,181,72,2001-07-05,ST,66,286,71
7615,Sigurd Kvile,190,80,,CB,66,363,3
7616,Kweon Han Jin,187,80,1988-05-19,CB,66,222,18
7617,Samir Lagsir,178,73,2003-05-20,LM,66,217,9
7618,Victor Larsson,183,76,2000-04-19,CB,66,329,22
7619,Darragh Leahy,177,72,,CB,66,382,76
7620,Lee Ji Sol,182,65,1999-07-09,CB,66,310,18
7621,Lee Sang min,175,73,2004-06-29,RM,66,194,18
7622,Jonas Lindberg,177,70,,ST,66,380,22
7623,Kacper Lopata,192,82,2001-08-27,CB,66,378,13
7624,Kamil Lukoszek,177,70,2002-04-04,LM,66,248,13
7625,Facundo Machado,186,80,2004-01-19,GK,66,225,14
7626,Cammy MacPherson,173,71,1998-12-29,CM,66,300,24
7627,Jakub Madrzyk,180,75,,GK,66,292,13
7628,Connor Malley,185,73,2000-03-20,CM,66,371,4
7629,Andrei Mărginean,190,80,2001-07-03,CM,66,324,87
7630,Darragh Markey,172,66,1997-05-23,CAM,66,384,76
7631,George Marks,185,80,1999-11-10,GK,66,179,36
7632,Jahkeele Marshall-Rutty,170,69,2004-06-16,RB,66,235,40
7633,Laureano Martínez,188,85,2002-04-03,GK,66,143,8
7634,Mateusz Marzec,178,70,,RM,66,313,13
7635,Pau Mascaró,178,72,2004-10-20,ST,66,44,2
7636,Ulrik Mathisen,185,72,1999-01-18,RW,66,282,3
7637,Leandro Maygua,175,63,1992-09-12,CAM,66,367,98
7638,Conor McCormack,176,67,,CDM,66,365,76
7639,Shane McEleney,192,98,1991-01-31,CB,66,370,76
7640,Rory McKenzie,176,75,1993-10-07,LM,66,231,24
7641,Josh McPake,183,69,,LM,66,300,24
7642,Metehan Mert,180,77,1999-05-01,CB,66,142,20
7643,Bastien Meupiyou,191,76,2006-03-19,CB,66,136,1
7644,Peter Michael,186,83,,ST,66,293,17
7645,Tony Miettinen,184,74,2002-09-23,CB,66,307,29
7646,Luca Mihai,185,75,2003-10-11,CM,66,356,87
7647,Václav Míka,189,87,,CB,66,177,45
7648,Mateja Milovanović,186,74,,CB,66,223,30
7649,Min Gyeong Hyeon,174,66,2001-12-16,LB,66,222,18
7650,Nikolaj Moller,194,80,2002-07-20,ST,66,316,22
7651,Enmanuel Moreno,178,72,2000-06-30,ST,66,281,42
7652,Víctor Moreno,174,66,2005-09-30,RM,66,35,2
7653,Nathan Moriah-Welsh,172,70,2002-03-18,CM,66,257,138
7654,Piotr Mroziński,184,83,1992-08-24,RB,66,360,13
7655,Danny Mullen,177,63,1995-03-01,ST,66,370,24
7656,Jordan Murray,184,80,1995-10-02,ST,66,303,71
7657,Ramy Najjarine,176,71,2000-04-23,LM,66,330,71
7658,Hampus Näsström,190,85,1994-12-18,CDM,66,329,22
7659,Jefferson Nazareno,187,78,1999-03-25,CB,66,352,39
7660,Petru Neagu,185,75,1999-08-13,LW,66,324,126
7661,Aleksander D. Nilsson,178,72,2002-09-05,CM,66,372,22
7662,Momodou Lion Njie,191,91,,CB,66,319,3
7663,Vinícius Nogueira,180,72,2001-12-11,LB,66,362,5
7664,Amin Nouri,180,77,,RB,66,319,3
7665,Clinton Nsiala,182,78,,CB,66,113,1
7666,Tsiki Ntsabeleng,170,72,1998-02-09,CM,66,118,114
7667,Trey Nyoni,179,64,,CM,66,6,4
7668,Kieran O'Hara,193,78,1996-04-22,GK,66,231,76
7669,Tashan Oakley-Boothe,182,68,2000-02-14,CM,66,205,4
7670,Richard Odada,190,83,,CDM,66,358,94
7671,Emil Ødegaard,186,80,,GK,66,319,3
7672,Niklas Ødegård,189,86,2004-03-29,CAM,66,163,3
7673,David Odogu,191,85,,CB,66,66,10
7674,Bernardo,171,68,2004-03-16,LM,66,237,71
7675,Brandur H. Olsen,178,75,,CM,66,363,135
7676,Salah-Eddine Oulad M'Hand,177,70,,CM,66,4,9
7677,Maxi Oyedele,182,75,,CDM,66,267,13
7678,Adrián Pacheco,177,65,2005-07-02,CAM,66,317,98
7679,Devin Padelford,183,79,,CB,66,168,36
7680,Mithat Pala,172,68,2000-08-15,CDM,66,189,20
7681,Pablo Palacio,180,75,2000-05-18,RM,66,270,8
7682,Matías Palavecino,182,74,1998-03-23,CAM,66,186,8
7683,Noah Pallas,173,69,2001-02-09,LB,66,357,29
7684,Andrei Pandele,183,77,,CDM,66,224,87
7685,Ionuț Panțîru,179,74,1996-03-22,LB,66,224,87
7686,Park Bae Jong,185,78,1989-10-23,GK,66,245,18
7687,Fredrik Carson Pedersen,171,69,2002-10-09,RB,66,372,3
7688,Fran Pereira,185,75,,CDM,66,171,12
7689,Joaquín Pereyra,180,74,,LB,66,130,8
7690,Leonardo Pérez,192,81,2003-06-29,CB,66,305,42
7691,Paya Pichkah,190,78,2000-03-21,CM,66,335,22
7692,Marcel Pięczek,185,76,2000-12-11,LM,66,355,13
7693,Markus Poom,186,73,1999-02-27,CM,66,325,109
7694,Darragh Power,173,73,,RB,66,382,76
7695,Adrian Przyborek,184,78,2007-01-01,RM,66,188,13
7696,Florin Purece,182,73,,CM,66,374,87
7697,Andreas Pyndt,175,68,2001-03-04,CM,66,373,32
7698,Valentino Quintero,193,82,,GK,66,135,8
7699,Tiago Machado,185,82,2004-04-02,ST,66,203,12
7700,Denilzon Ramallo,184,78,1998-05-20,CM,66,353,98
7701,Connor Randall,180,76,1995-10-21,CM,66,378,4
7702,Joshua Rawlins,181,73,2004-04-23,RB,66,287,71
7703,Tomás Rayer,170,70,2001-12-09,RM,66,346,8
7704,Jeremía Recoba,177,75,2003-10-08,CAM,66,225,7
7705,Peter Reinhardsen,186,78,1999-01-24,RB,66,309,3
7706,Jesper Reitan-Sunde,168,65,2006-01-31,RW,66,252,3
7707,Pau Resta,185,75,,CB,66,355,2
7708,Will Richmond,178,77,2000-04-06,LM,66,164,36
7709,José Río,190,79,2004-01-31,GK,66,262,14
7710,Raúl Rocabado,161,56,2004-08-10,CAM,66,353,98
7711,Agustín Rodríguez,170,62,2004-05-02,CAM,66,123,8
7712,Jakob Napoleon Romsaas,187,77,2004-05-16,ST,66,351,3
7713,Dayle Rooney,179,74,1998-02-24,LM,66,381,76
7714,Francesco Rossi,193,83,1991-04-27,GK,66,43,7
7715,Michael Ruhs,180,70,2002-08-27,ST,66,330,71
7716,Tate Russell,178,75,1999-08-24,RB,66,330,71
7717,Taha Şahin,178,69,2000-10-22,RB,66,189,20
7718,Enes Sali,164,57,,LW,66,118,87
7719,Jasper Samooja,189,84,2003-07-21,GK,66,69,29
7720,Alex Samuel,183,70,,ST,66,378,69
7721,Jack Sanders,193,88,,CB,66,300,4
7722,Alejandro Santander,178,75,2002-11-05,GK,66,272,74
7723,Sais Santibáñez,169,65,2003-09-28,LB,66,265,77
7724,Benjamín Schamine,178,77,2003-10-24,CM,66,232,8
7725,Tate Schmitt,180,73,1997-05-28,LB,66,103,36
7726,James Scott,189,95,2000-08-30,ST,66,336,24
7727,Cory Sene,196,94,,CB,66,177,61
7728,Daniel Șerbănică,181,76,,LB,66,374,87
7729,André Seruca,191,78,2000-10-20,CDM,66,227,12
7730,Laorent Shabani,175,71,1999-08-19,LW,66,241,66
7731,Florent Shehu,184,71,,RM,66,174,66
7732,Artur Siemaszko,181,74,1997-01-06,RM,66,360,13
7733,Ísak Andri Sigurgeirsson,175,72,2003-09-11,LW,66,241,56
7734,Robert Silaghi,178,70,2002-04-02,CAM,66,288,87
7735,Rodrigo Duarte,177,64,2006-02-07,RW,66,144,12
7736,Facundo Silvestre,184,79,2000-11-27,CM,66,262,14
7737,Moonga Simba,183,70,2000-05-08,RW,66,282,22
7738,Manvir Singh,188,78,1995-11-06,RM,66,302,124
7739,Chinglensana Singh,185,80,1996-11-27,CB,66,244,124
7740,Prabhsukhan Singh Gill,183,70,,GK,66,260,124
7741,Laurs Skjellerup,195,81,2002-08-12,ST,66,297,32
7742,Jordan Smith,183,75,1994-12-08,GK,66,257,4
7743,Kacper Smoliński,174,62,2001-02-07,CM,66,188,13
7744,Song Si Woo,174,73,1993-08-28,ST,66,222,18
7745,Tore André Sørås,190,84,1998-06-18,CM,66,369,3
7746,Luka Stankovski,190,76,,CM,66,169,62
7747,Mateusz Stępień,184,76,2002-02-12,RM,66,292,13
7748,Yasir Subaşı,180,73,1996-01-01,LB,66,142,20
7749,Jonathan Svedberg,178,73,1999-03-22,CM,66,362,22
7750,Remi-André Svindland,178,73,,RW,66,319,3
7751,Tunahan Taşçı,172,70,,LM,66,142,20
7752,Martín Tejón,165,60,2004-04-12,CAM,66,22,2
7753,Jonas Therkelsen,184,75,2003-05-05,CM,66,316,3
7754,Kosi Thompson,178,79,2003-01-27,RB,66,104,40
7755,Ross Tierney,170,66,2001-03-06,CAM,66,381,76
7756,Scott Tiffoney,176,68,1998-08-06,ST,66,359,24
7757,Callum Timmins,182,72,1999-08-04,CM,66,375,71
7758,Mohammed Tolba,185,76,2004-07-19,RB,66,150,10
7759,Hubert Tomalski,171,70,1993-08-19,LM,66,360,13
7760,Richard Torales,182,75,2001-02-26,ST,66,337,65
7761,Cristian Toro,183,84,2000-11-11,CB,66,272,74
7762,Mai Traore,185,74,,ST,66,363,27
7763,Daniel Trejo,175,73,1998-04-29,LM,66,355,46
7764,Ryan Trevitt,183,75,2003-03-12,CM,66,74,4
7765,Tein Troost,188,77,,GK,66,308,9
7766,Rooney Troya,167,66,2006-02-20,CDM,66,184,39
7767,Niko Tsakiris,178,70,2005-06-19,CAM,66,164,36
7768,Viktor Tsukanov,170,68,2006-02-04,CM,66,129,26
7769,Fofin Turay,178,68,,LM,66,271,9
7770,Luke Turner,186,78,2002-05-05,CB,66,366,76
7771,Denys Tvardovskyi,206,93,2003-06-13,GK,66,129,26
7772,Harry Tyrer,194,88,,GK,66,36,4
7773,Javier Uzeda,172,70,2002-07-31,CAM,66,213,98
7774,Tim van de Loo,180,70,,CDM,66,295,9
7775,Mikki van Sas,193,78,2004-02-29,GK,66,58,9
7776,Sebastián Vargas,175,74,2002-01-17,LM,66,342,65
7777,Ronald Vega,182,80,2000-03-12,CB,66,338,77
7778,Marc Vidal,185,75,,GK,66,25,2
7779,Kauã Santos,196,84,2003-04-11,GK,66,49,5
7780,Rodrigo Villalba,173,70,2006-03-02,RM,66,199,65
7781,Sergio Villamíl,175,72,1994-12-14,CM,66,367,98
7782,Robert Voloder,185,75,2001-05-09,CB,66,250,10
7783,Bobby Wales,185,64,,ST,66,231,24
7784,August Wängberg,180,78,,RB,66,380,22
7785,Ben Warland,185,82,1996-09-04,CB,66,268,71
7786,Max Williamsen,188,81,,CB,66,379,3
7787,Tyreke Wilson,172,66,1999-12-02,LB,66,368,76
7788,Melle Joop Witteveen,175,70,2003-06-24,CAM,66,223,9
7789,Łukasz Wolsztyński,183,73,1994-12-08,CAM,66,292,13
7790,Won Ki Jong,178,75,,ST,66,193,18
7791,François Yabré,180,78,1991-05-10,CB,66,326,37
7792,Yoon Do Yong,172,67,,RW,66,194,18
7793,Yu Je Ho,178,72,2000-08-15,CM,66,243,18
7794,Marcel Zapytowski,187,82,,GK,66,355,13
7795,Erick Zúñiga,178,71,2003-06-01,RW,66,352,39
7796,Syver Aas,181,74,2004-01-15,CM,65,307,3
7797,Jaime Acosta,191,78,,GK,65,132,25
7798,Gabriel Aguayo,170,63,2005-02-10,RM,65,185,65
7799,Gustavo Aguilar,183,83,1999-12-14,ST,65,199,65
7800,Ethan Alagich,178,72,2003-12-18,CDM,65,273,71
7801,Scott Allardice,181,70,1998-03-31,CDM,65,378,24
7802,Ruben Alte,177,72,,CM,65,379,3
7803,Harry Amass,178,75,,LB,65,16,4
7804,An Byong Jun,183,75,,ST,65,245,139
7805,Brian Andrada,164,61,1997-06-22,LM,65,346,8
7806,David Ankeye,191,78,2002-05-22,ST,65,121,17
7807,Marius Antoche,184,77,1992-06-21,CB,65,374,87
7808,Georgios Antzoulas,188,77,,CB,65,357,59
7809,Pablo Aranda,180,75,2001-05-16,RB,65,337,8
7810,Ravve Assayeg,186,78,,ST,65,292,90
7811,David Atanaskoski,176,72,,LB,65,356,62
7812,Taha Ayari,177,70,2005-05-10,LM,65,290,22
7813,Nicola Bagnolini,193,78,2004-03-14,GK,65,56,7
7814,Lachlan Barr,189,80,1994-09-24,CB,65,294,71
7815,Felipe Barrientos,168,72,1997-03-06,RW,65,272,74
7816,Kaare Barslund,182,75,2004-03-23,CB,65,335,32
7817,Josh Bauer,188,86,1998-07-22,CB,65,89,36
7818,Simon Becher,188,84,,ST,65,97,36
7819,Edvin Becirovic,181,76,,LM,65,380,22
7820,Yassin Belkhdim,175,70,2002-02-14,CM,65,204,1
7821,Jamir Berdecio,177,71,2002-08-12,RB,65,156,98
7822,Medon Berisha,186,71,2003-10-21,CM,65,69,66
7823,Gijs Besselink,180,68,2004-06-16,CDM,65,78,9
7824,Bartosz Biedrzycki,180,75,,LM,65,318,13
7825,Rodrigo Borzone,190,82,2004-10-21,GK,65,130,8
7826,Giuseppe Bovalina,176,70,2004-11-11,RB,65,100,71
7827,Seán Boyd,195,83,1998-06-20,ST,65,368,76
7828,Andy Boyle,185,78,1991-03-07,CB,65,383,76
7829,Alejandro Bran,175,71,2001-03-05,CDM,65,168,102
7830,Ethan Brierley,173,71,2003-11-23,CM,65,74,4
7831,Heine Gikling Bruseth,177,64,,CM,65,108,3
7832,Tarek Buchmann,188,86,2005-02-28,CB,65,3,10
7833,Adrian Bukowski,188,81,,CDM,65,292,13
7834,Stijn Bultman,185,75,2005-01-29,CB,65,332,9
7835,Abdulsamet Burak,183,78,1996-05-13,CB,65,174,20
7836,Jens Buss,183,71,1997-07-18,LB,65,272,74
7837,Davis Camacho,175,72,1998-02-10,CDM,65,276,39
7838,Sekou Camara,183,70,1997-07-22,ST,65,374,27
7839,Axel Cañete,187,75,2001-12-12,RB,65,346,65
7840,Milton Cantero,175,69,,CM,65,128,8
7841,Juan David Carabalí,180,70,2003-02-26,ST,65,212,25
7842,Gonçalo Teixeira,179,72,,LW,65,356,12
7843,Jake Carroll,184,79,1991-08-11,LB,65,381,76
7844,Carlo Casap,178,78,1998-12-29,CM,65,274,87
7845,Ertuğrul Çetin,188,82,,GK,65,31,20
7846,Benjamín Chandía,164,57,2002-11-25,LM,65,259,74
7847,Choi Young Eun,189,78,1995-09-26,GK,65,200,18
7848,Kacper Chorążka,189,76,1999-03-18,GK,65,381,13
7849,Paweł Chrupałła,184,80,2003-03-16,RM,65,309,13
7850,Giuseppe Ciocci,190,85,,GK,65,119,7
7851,Ionuț Cojocaru,183,77,2003-07-28,RW,65,274,87
7852,Pietro Comuzzo,183,75,2005-02-20,CB,65,71,7
7853,Ali Coote,170,65,1998-06-11,CAM,65,368,24
7854,Rob Cornwall,183,86,1994-10-16,CB,65,381,76
7855,Carlos Cortés,188,72,,ST,65,212,25
7856,Esteban Crucci,180,78,2006-07-05,ST,65,263,14
7857,Augusto Dabó,186,77,2003-03-13,LB,65,203,96
7858,Emanuel Dall'Aglio,182,72,,CB,65,130,8
7859,Prabir Das,171,67,1993-12-20,RB,65,334,124
7860,Tom de Graaff,193,78,,GK,65,180,9
7861,Ramiro Degregorio,169,70,,RW,65,128,8
7862,Ali Bina Dembélé,185,80,2004-01-05,RB,65,40,1
7863,Ali Demirel,176,69,,CAM,65,187,20
7864,Justin Devenny,184,80,,CM,65,55,85
7865,Miguel Di Pizio,171,68,2006-01-04,CAM,65,286,71
7866,Tidiane Diallo,176,65,,LM,65,91,1
7867,Sadou Diallo,188,82,1999-01-10,CDM,65,370,4
7868,Bruno Diaz,169,65,2005-06-16,CAM,65,291,65
7869,Ionuț Dinu,182,77,,CB,65,374,87
7870,Ross Docherty,177,70,,CDM,65,358,24
7871,Jhojan Domínguez,175,75,2000-07-09,LW,65,338,77
7872,Domi,175,67,2004-02-10,ST,65,22,2
7873,Chris Donovan,183,74,2000-08-08,ST,65,156,36
7874,Michee Efete,183,73,1997-03-11,RB,65,378,53
7875,Frederik Elkær,176,74,2001-12-08,LB,65,306,32
7876,Eo Jeong Won,175,68,1999-07-08,LB,65,154,18
7877,Lucas Escobar,185,79,2002-05-16,GK,65,232,8
7878,Jeannot Esua,175,68,,RB,65,365,34
7879,Gísli Eyjólfsson,180,77,1994-05-31,CM,65,362,56
7880,Juan Familia-Castillo,175,77,,LB,65,295,9
7881,Lamine Fanne Dabo,182,77,,CDM,65,290,2
7882,Marcelo Fernández,178,72,2001-10-25,LM,65,199,65
7883,Alin Fică,181,69,2001-06-14,CM,65,293,87
7884,Juan Foronda,187,80,1996-01-15,GK,65,353,98
7885,Fraga,194,83,,GK,65,28,2
7886,Alex Franco,179,72,2001-07-20,RM,65,211,65
7887,Rory Gaffney,185,84,1989-10-23,ST,65,325,76
7888,Paolo Garcia,187,81,2002-06-21,GK,65,353,98
7889,Marcel Gąsior,186,78,,CDM,65,314,13
7890,Fryderyk Gerbowski,181,77,,CM,65,292,13
7891,Matteo Grandi,189,75,1992-10-12,GK,65,170,7
7892,Shane Griffin,185,74,1994-09-08,CB,65,368,76
7893,Daniel Azevedo,195,90,1998-02-12,GK,65,158,12
7894,Tom Grivosti,187,72,1999-06-15,CB,65,366,4
7895,Javier Guerra,178,70,2004-04-06,RB,65,284,98
7896,Michał Gurgul,181,70,2006-01-30,CB,65,251,13
7897,Szilárd Gyenge,185,78,,GK,65,312,87
7898,Justin Haak,184,75,2001-09-12,CB,65,220,36
7899,Jack Hamilton,189,75,1994-03-22,GK,65,378,24
7900,Lucas Hedlund,181,70,,ST,65,380,22
7901,Matías Hernandez,178,71,,ST,65,134,8
7902,Mateo Hernández,173,66,1998-10-05,CM,65,367,8
7903,Elvis Hernández,183,85,1999-09-24,CB,65,259,8
7904,Alexander Hernández,175,73,2004-08-18,CM,65,128,14
7905,Daniel Herrera,181,74,,CB,65,134,8
7906,David Hickson,180,72,,LB,65,319,3
7907,Marino Hinestroza,172,68,2002-07-08,LW,65,124,25
7908,Jens Hjertø-Dahl,193,80,2005-10-31,CM,65,351,3
7909,Corey Hollman,176,72,2003-09-25,CDM,65,195,71
7910,Josh Honohan,178,68,2001-03-28,CB,65,325,76
7911,Grant Horton,192,78,,CB,65,382,4
7912,Šimun Hrgović,176,69,2004-03-20,LB,65,75,19
7913,Reece Hutchinson,177,75,2000-04-14,LB,65,371,4
7914,Stanis Idumbo,171,61,2005-06-29,CAM,65,70,6
7915,Denys Ignatenko,191,85,2003-01-11,GK,65,112,26
7916,Jacob Jackson,180,86,2000-04-25,GK,65,164,36
7917,Imam Jagne,184,76,2003-10-01,CM,65,354,22
7918,Håvar Grøntvedt Jenssen,193,93,,GK,65,363,3
7919,Jeon Jin Woo,181,69,1999-09-09,LM,65,243,18
7920,Jeong Ji Yong,179,74,,LM,65,264,18
7921,Ji Eon Hak,177,73,1994-03-22,CAM,65,222,18
7922,Lucas Hägg Johansson,189,79,1994-07-11,GK,65,335,22
7923,Louis Jones,185,74,1998-10-12,GK,65,382,4
7924,Vishal Kaith,187,78,1996-07-22,GK,65,302,124
7925,Berat Kalkan,171,65,,LM,65,187,62
7926,Yahya Kalley,185,75,2001-03-20,LB,65,241,22
7927,Yusuf Karagöz,195,85,1999-10-05,GK,65,192,20
7928,Hlynur Freyr Karlsson,174,73,2004-04-06,CB,65,335,56
7929,Markus Karlsson,187,80,2004-01-20,RB,65,256,22
7930,Al-Amin Kazeem,180,74,,LB,65,366,4
7931,Daniel Kelly,183,60,1996-05-21,RM,65,370,76
7932,Jimmy Keohane,180,72,,RB,65,365,76
7933,Maciej Kikolski,192,82,,GK,65,349,13
7934,Kim Min Seok,180,72,2002-09-05,LW,65,222,18
7935,Kim Kyung Joon,178,73,,ST,65,193,18
7936,Kim Gyeong Min,185,78,1997-01-22,ST,65,310,18
7937,Kim Ji Hyun,184,80,1996-07-22,ST,65,167,18
7938,Benjamin Kimpioka,183,75,2000-02-21,ST,65,300,22
7939,Yunus Emre Konak,181,72,,CDM,65,74,20
7940,Koo Ja Cheol,183,74,1989-02-27,CM,65,255,18
7941,Eray Korkmaz,175,67,2003-06-08,RB,65,189,20
7942,Kevin Kouassivi-Benissan,185,74,1999-01-25,RB,65,357,29
7943,Henri Koudossou,180,76,,RM,65,141,10
7944,Kalifa Kujabi,185,75,,CM,65,343,91
7945,Dave Kwakman,183,78,,CM,65,82,9
7946,Johan Lara,188,82,1999-02-28,GK,65,184,39
7947,Juan Larios,170,68,2004-01-12,LB,65,61,2
7948,Gabriel Lazăr,185,80,,CB,65,374,87
7949,Kian Leavy,172,74,2002-03-21,CAM,65,366,76
7950,Kristian Lien,188,70,,ST,65,379,3
7951,Marcus Linday,179,72,,CM,65,377,22
7952,Wojciech Lisowski,186,84,1992-02-10,RB,65,188,13
7953,Albin Lohikangas,180,75,1998-08-20,LB,65,329,22
7954,Alessandro Lopane,170,75,2004-04-09,CM,65,214,71
7955,Joan López,180,73,2002-01-11,GK,65,176,39
7956,Evan Louro,191,10,,GK,65,51,36
7957,Alexander Lundin,187,86,1992-10-25,GK,65,354,22
7958,JJ Lunney,175,70,1998-02-02,CM,65,368,76
7959,Othmane Maamma,180,78,,RM,65,76,28
7960,Sebastian Madejski,189,78,1997-01-02,GK,65,318,13
7961,Anthony Markanich,185,75,1999-12-26,LB,65,168,36
7962,José Martínes,174,69,2002-09-18,ST,65,277,98
7963,João Peglow,172,68,2002-01-07,LW,65,349,5
7964,Adam McDonnell,174,72,1997-05-14,CDM,65,381,76
7965,James McManus,175,68,2005-03-16,CDM,65,381,76
7966,Henrik Meister,191,83,2003-11-17,ST,65,101,32
7967,Jorge Mejía,178,74,2002-03-24,GK,65,284,98
7968,Rodrigo Melgarejo,187,82,,CB,65,185,65
7969,Tomás Mendes,179,72,2004-11-21,CM,65,106,2
7970,Diego Méndez,182,75,2003-08-29,CB,65,60,2
7971,Nobel Mendy,187,80,2004-08-16,LB,65,41,1
7972,Ignacio Mesina,183,75,2001-01-15,CB,65,259,74
7973,Patrick Metcalfe,183,79,,RB,65,363,40
7974,Loris Mettler,173,68,1998-12-14,CM,65,372,16
7975,Leandro Meza,179,83,2001-12-05,CM,65,342,65
7976,Nicolás Meza,172,68,2002-04-12,CM,65,270,74
7977,Ole Erik Midtskogen,196,86,1995-04-12,ST,65,307,3
7978,Hilmir Rafn Mikaelsson,194,82,,ST,65,379,56
7979,César Miño,176,71,2007-05-31,ST,65,291,65
7980,Max Moerstedt,194,77,2006-01-15,ST,65,42,10
7981,Zane Monlouis,185,75,2003-10-16,CB,65,4,38
7982,Axel Montaña,177,75,2006-02-13,CAM,65,262,14
7983,Luís Henrique,188,78,2004-11-17,GK,65,203,5
7984,Alan Morinigo,171,60,,LM,65,211,8
7985,Sander Risan Mørk,185,78,2000-12-06,CM,65,372,3
7986,Arash Motaraghebjafarpour,183,80,2003-03-19,RB,65,350,22
7987,Zakaria Mugeese,174,74,2001-12-27,LW,65,307,43
7988,Joshua Mukeh,185,72,2003-09-01,CB,65,180,9
7989,Josh Mulligan,175,77,2002-11-12,CM,65,359,24
7990,Andreas Murbeck,192,92,1998-05-01,CB,65,373,22
7991,Fraser Murray,183,74,1999-05-07,LM,65,231,24
7992,Ange Caumenan N'Guessan,187,81,2003-09-01,CB,65,40,1
7993,Mbaye Ndiaye,178,72,,RW,65,314,61
7994,Ionuț Neagu,176,66,1989-10-26,CDM,65,326,87
7995,Severin Nioule,175,70,2005-04-07,LW,65,197,49
7996,Runar Norheim,176,71,2005-02-14,LB,65,351,3
7997,Frédéric Nsabiyumva,190,85,,CB,65,377,82
7998,Franklin Nyenetue,175,70,,LW,65,379,3
7999,John O'Sullivan,181,83,1993-09-18,RM,65,368,76
8000,Oh In Pyo,178,63,,RM,65,193,18
8001,Leon Opitz,183,79,2005-04-11,LM,65,117,10
8002,Ignacio Pacheco,175,72,2004-04-04,CDM,65,272,74
8003,Édgar Páez,168,69,2007-01-13,ST,65,185,65
8004,Yaw Paintsil,180,75,1999-08-19,LB,65,351,3
8005,Kamil Pajnowski,186,81,1998-01-28,CB,65,292,13
8006,Seb Palmer-Houlden,187,77,2003-11-14,ST,65,359,4
8007,Kevor Palumets,187,75,,CM,65,357,109
8008,Mats Pannewig,195,90,,CM,65,150,10
8009,Park Dae Won,178,76,,CB,65,193,18
8010,Park Sang Hyuk,185,75,,ST,65,193,18
8011,Park Jin Seong,178,76,2001-05-15,LB,65,194,18
8012,Sebastian Pasquali,176,70,1999-11-07,CM,65,330,71
8013,Michael Pavlović,179,75,,LB,65,348,15
8014,Mateo Peralta,174,74,2006-04-08,CM,65,262,14
8015,Michał Perchel,190,86,,GK,65,360,13
8016,Jakob V. Persson,192,81,2000-09-27,RB,65,373,22
8017,Thiago Perugini,179,72,,ST,65,134,8
8018,Tailson,177,65,,RW,65,356,5
8019,Leon Pöhls,193,87,1997-05-01,GK,65,325,10
8020,Simon Power,177,67,1998-05-13,RM,65,371,76
8021,August Priske,187,75,,ST,65,208,32
8022,Ralph Priso,175,80,2002-08-02,CDM,65,100,40
8023,Jeffry Puriël,180,74,2002-11-16,LM,65,321,9
8024,Tymur Puzankov,194,83,,GK,65,129,26
8025,Fabricio Quaglio,172,65,,LB,65,253,98
8026,Asish Rai,174,67,1999-01-27,RM,65,302,124
8027,Dorian Răilean,185,75,1993-10-13,GK,65,344,126
8028,Josh Reid,178,71,2002-05-03,LB,65,378,24
8029,Charlie Reilly,181,77,,LM,65,359,24
8030,Axl Ríos,181,75,1999-07-11,CDM,65,233,74
8031,Armando Rivas,172,63,,ST,65,281,42
8032,Paulo Riveros,178,77,,CAM,65,211,65
8033,Finlay Robertson,171,70,2002-11-12,CM,65,359,24
8034,Roh Kyung Ho,172,70,,ST,65,245,18
8035,Iván Román,183,72,2006-07-12,CB,65,270,74
8036,Gastón Romano,178,75,,CM,65,348,8
8037,Tomás Romero,185,79,2000-12-19,GK,65,220,120
8038,Sergi Rosanas,172,66,2001-01-29,RB,65,149,2
8039,Lachlan Rose,170,65,1999-05-10,ST,65,375,71
8040,Liam Rose,175,73,,CDM,65,237,71
8041,Håkon Røsten,192,82,,CB,65,252,3
8042,Filip Rózga,176,72,2006-08-07,RW,65,318,13
8043,Franco Saavedra,178,68,,LB,65,143,8
8044,Juan Salcedo,180,75,2003-08-12,CM,65,346,65
8045,Adam Saldaña,168,65,,CDM,65,319,36
8046,Salvador Sánchez,186,78,1995-07-31,CB,65,259,8
8047,Sam Sargeant,188,75,,GK,65,382,4
8048,Jean Franco Sarmiento,182,70,,ST,65,349,25
8049,Mathias Dahl Sauer,183,74,2004-04-02,CM,65,315,32
8050,Mathieu Scalet,186,75,,CDM,65,314,1
8051,Dante Sealy,178,61,2003-04-17,LM,65,118,36
8052,Ismaël Séoné,184,75,2005-04-26,ST,65,315,37
8053,Shin Chang Moo,170,67,1992-09-17,LM,65,264,18
8054,Kevin Silva,185,79,,CB,65,135,8
8055,Håkon Sjåtil,178,71,,RB,65,379,3
8056,Herman Sjögrell,179,75,2001-05-08,RW,65,373,22
8057,Tyger Smalls,185,70,2001-09-18,RW,65,179,4
8058,Matty Smith,180,76,1997-03-13,ST,65,368,24
8059,Oisin Smyth,181,72,2000-05-05,CAM,65,336,85
8060,Birnir Snær Ingason,186,78,1996-12-04,LM,65,362,56
8061,Ibrahima Sow,184,75,,ST,65,70,61
8062,Finn Stam,188,82,,CB,65,271,9
8063,Dimitrios Stamatakis,191,82,2003-04-23,GK,65,81,59
8064,Harry Steele,181,75,2002-10-12,CM,65,286,71
8065,Dominik Szala,185,78,2006-04-24,RB,65,248,13
8066,Ilias Takidine,171,61,2001-02-05,RM,65,295,6
8067,James Talbot,180,80,1997-04-24,GK,65,381,76
8068,Ignacio Tapia,167,65,2004-09-01,CAM,65,186,8
8069,Dragoș Tescan,180,67,1999-09-15,RM,65,344,87
8070,Simon Thomas,191,90,1990-04-12,GK,65,351,40
8071,Richie Towell,179,82,1991-07-17,CM,65,325,76
8072,Garrison Tubbs,189,80,2002-02-17,CB,65,181,36
8073,Connor van den Berg,187,74,,GK,65,311,9
8074,Luis Abelardo Vargas,173,70,,LB,65,185,65
8075,Josue Vargas,182,70,2003-03-28,GK,65,301,77
8076,Vicente Vega,183,78,2004-05-06,CB,65,233,74
8077,Emiliano Vidart,182,75,2002-04-05,CDM,65,263,14
8078,Eduardo Villanueva,187,76,,GK,65,182,74
8079,Laurențiu Vlăsceanu,172,66,,LB,65,374,87
8080,Daouda Weidmann,180,70,2003-05-04,CM,65,295,1
8081,Daniel Wilmering,178,60,2000-12-19,LB,65,375,71
8082,Filip Wójcik,174,72,,RB,65,314,13
8083,Patrick Wood,178,73,2002-09-16,ST,65,195,71
8084,Arkadiusz Woźniak,184,73,1990-06-01,CM,65,279,13
8085,Ali Emre Yanar,190,80,1998-05-15,GK,65,187,20
8086,Darren Yapi,185,79,2004-11-19,ST,65,196,36
8087,Yeo Bong Hun,178,70,,RB,65,264,18
8088,Berkay Yilmaz,178,69,2005-02-25,LB,65,45,20
8089,Luck Zogbé,178,70,2005-03-24,RB,65,80,49
8090,Joackim Åberg,185,78,,CDM,64,380,22
8091,Matthew Acton,184,85,1992-06-03,GK,64,268,71
8092,Mihai Adăscăliței,180,80,1994-11-01,RB,64,326,87
8093,Raphaël Adicéam,179,73,1990-07-03,GK,64,178,1
8094,Sören Ahlers,194,86,1997-09-09,GK,64,191,10
8095,James Akintunde,175,75,1996-03-29,ST,64,381,4
8096,Fredderick Alfonso,175,70,1996-08-30,CM,64,337,65
8097,Anwar Ali,179,74,2000-08-28,CB,64,260,124
8098,Chovanie Amatkarijo,175,64,,LW,64,380,9
8099,An Chan Gi,187,80,1998-04-06,GK,64,255,18
8100,Jakub Antczak,168,61,,LW,64,313,13
8101,Marcial Aquino,184,86,1987-04-13,CB,64,337,65
8102,Diogo Dias,188,81,2003-06-17,GK,64,171,12
8103,Nicolás Arévalo,176,68,2003-01-13,CM,64,148,25
8104,Edvin Austbø,172,64,2005-05-01,LW,64,228,3
8105,Barry Baggley,170,65,,CM,64,382,85
8106,Reed Baker-Whiting,182,73,2005-03-31,RB,64,147,36
8107,Kofi Balmer,183,80,2000-09-19,CB,64,339,85
8108,Jay Barnett,179,75,2001-02-14,CDM,64,273,71
8109,Justin Bengui,190,80,2005-07-09,GK,64,46,1
8110,Theo Bergvall,185,75,2004-09-21,RB,64,335,22
8111,Mathéo Bodmer,177,70,2004-05-06,CDM,64,161,1
8112,Sam Bone,183,85,1998-08-24,CB,64,368,4
8113,Alex Bonetig,187,80,2002-08-20,CB,64,299,71
8114,Amin Boudri,176,74,,LW,64,380,22
8115,Nathan Butler-Oyedeji,177,74,2003-01-04,ST,64,4,4
8116,Victor Cabañas,175,75,2003-02-13,RB,64,185,65
8117,Tudor Călin,187,80,,CDM,64,344,87
8118,Aldaír Ferreira,175,68,1998-03-26,CAM,64,348,70
8119,Anes Cardaklija,194,82,,CB,64,380,22
8120,Gonçalo Almeida,181,65,2003-05-06,RB,64,203,12
8121,Julián Ceballos,163,61,,LM,64,111,8
8122,Niccolò Chiorra,182,74,,GK,64,139,7
8123,Cho Soo Hyuk,188,83,1987-03-18,GK,64,167,18
8124,Cho Sung Gwon,182,75,,CB,64,264,18
8125,Choi Woo Jin,175,66,,LM,64,222,18
8126,Mirza Cihan,175,67,2000-10-26,LM,64,169,20
8127,Nicólas Claa,188,82,2004-08-05,GK,64,123,8
8128,Mateo Clemente,184,77,,GK,64,134,8
8129,Junior Colina,173,73,2006-12-09,CAM,64,376,42
8130,Ciarán Coll,178,64,1991-08-19,LB,64,370,76
8131,Toby Collyer,180,65,2004-01-03,CDM,64,16,4
8132,Guilder Cuellar,170,68,1999-05-21,LW,64,353,98
8133,Sam Dalby,190,78,1999-12-07,ST,64,358,4
8134,Jacob Davenport,177,73,1998-12-28,CDM,64,370,4
8135,Alfonso De Luca,175,59,2005-10-03,RW,64,283,14
8136,Kas de Wit,190,70,2003-07-26,CAM,64,151,9
8137,Oliver Denham,182,71,,CB,64,371,69
8138,Elsinho,192,72,1991-04-10,CB,64,345,5
8139,Tyler Dibling,178,72,2006-02-17,RW,64,61,4
8140,Alan Do Marcolino,194,78,2002-03-19,ST,64,101,55
8141,Paul Doyle,177,73,1998-04-10,CDM,64,383,76
8142,Erik Dueñas,163,54,2004-10-18,CM,64,33,46
8143,Cameron Dummigan,180,70,1996-06-02,RB,64,370,85
8144,Mihai Eșanu,188,75,1998-07-25,GK,64,341,87
8145,Ángel Espínola,188,92,,GK,64,230,8
8146,Ali Fadal,180,72,2004-01-14,CM,64,22,43
8147,Fallou Fall,192,80,,CB,64,363,61
8148,Frank Feller,183,76,2004-01-07,GK,64,145,10
8149,Bryan Fiabema,182,82,2003-02-16,ST,64,251,3
8150,Will Fitzgerald,187,70,1999-05-19,LM,64,371,76
8151,Jahlane Forbes,183,80,2002-02-05,LB,64,179,36
8152,Ian Fray,183,73,2002-08-31,CB,64,9,36
8153,Robin Frej,184,79,,CB,64,380,22
8154,Kevin Gadellaa,206,87,,GK,64,180,9
8155,Jordan Gele,192,87,,ST,64,374,1
8156,Juan Giménez,188,74,,CB,64,135,8
8157,Maiken González,175,65,2006-05-11,LM,64,340,42
8158,Jorge Damián González,183,73,2003-03-26,RM,64,342,65
8159,Archie Goodwin,183,73,2004-11-07,ST,64,273,71
8160,Dylan Gorosito,173,63,,RB,64,111,8
8161,Villiam Granath,189,78,1998-09-14,RM,64,362,22
8162,Danny Grant,178,70,1999-12-23,LM,64,381,76
8163,Narek Grigoryan,180,80,2000-06-17,RW,64,274,33
8164,Tommaso Guercio,186,75,2005-06-01,CB,64,298,13
8165,Luca Günther,175,68,2001-11-14,RB,64,191,10
8166,Ha Seung Un,178,70,,LW,64,264,18
8167,Stefan Hagerup,187,79,1994-04-06,GK,64,306,3
8168,Walid Hasbi,188,79,,GK,64,91,28
8169,Jack Henry-Francis,181,60,,CDM,64,371,76
8170,Jhoan Hernandez,179,75,2006-02-19,LB,64,148,25
8171,Albert Hofman,181,71,,ST,64,326,87
8172,Mikkel Hope,174,64,2006-08-08,RB,64,315,3
8173,Harun Ibrahim,185,76,,CM,64,380,22
8174,Frederik Ihler,181,77,,ST,64,163,32
8175,Ethan Ingram,180,70,2003-04-16,RB,64,359,4
8176,Louis Jackson,184,79,2005-09-18,CB,64,16,24
8177,Douglas James-Taylor,178,74,2001-11-18,ST,64,384,4
8178,Luka Janeš,183,75,2004-01-19,CDM,64,145,10
8179,Rijk Janse,189,72,2002-04-16,GK,64,151,9
8180,Camil Jebara,180,75,2003-01-19,LW,64,377,22
8181,Simon Johansson,184,80,,RW,64,377,22
8182,Carl Johansson,173,64,1998-06-07,LM,64,329,22
8183,Isak Jönsson,194,85,,CB,64,377,22
8184,Luka Jovanović,179,75,2005-05-20,ST,64,273,71
8185,Frank Junior Adjei,177,76,2004-03-20,CM,64,329,43
8186,Stipe Jurić,185,82,1998-11-19,ST,64,326,41
8187,Marvin Kaleta,180,74,,RB,64,339,4
8188,Vedat Karakuş,183,80,1998-02-28,GK,64,174,20
8189,Sam Karssies,185,68,2003-02-26,GK,64,78,9
8190,Sean Kavanagh,174,64,1994-01-20,LB,64,325,76
8191,Conor Keeley,200,89,1997-12-13,CB,64,366,76
8192,Kipp Keller,187,82,2000-07-14,CB,64,51,36
8193,Joey Kesting,190,88,2001-03-07,GK,64,295,9
8194,Patryk Kieliś,185,75,,RB,64,360,13
8195,Jakob Kiilerich,187,78,2000-05-10,CB,64,354,32
8196,Ekrem Kılıçarslan,188,82,,GK,64,215,20
8197,Kim Yeon Soo,185,76,1993-12-29,CB,64,222,18
8198,Kim Gyeong Jae,183,76,1993-07-24,CB,64,264,18
8199,Kim Jun Bum,178,72,1998-01-14,CM,64,194,18
8200,Makenzie Kirk,178,71,,ST,64,300,85
8201,Paddy Kirk,175,66,1998-06-02,LB,64,381,76
8202,Mike Kleijn,175,65,,CM,64,149,9
8203,Miika Koskela,195,78,2003-07-12,CB,64,351,29
8204,Dion Krasniqi,184,78,2003-08-24,ST,64,350,58
8205,Michał Król,173,73,,RB,64,314,13
8206,Jaiden Kucharski,180,70,2002-06-25,ST,64,195,71
8207,Ashique Kuruniyan,179,70,1997-06-14,LM,64,302,124
8208,Phurba Lachenpa,182,78,1998-02-04,GK,64,333,124
8209,Max Larsson,180,75,,LB,64,377,22
8210,Lee Jun Gyu,171,68,,CM,64,194,18
8211,Lautaro López Kaleniuk,190,76,2001-01-24,GK,64,134,8
8212,Jeremías Lucco,170,67,,CAM,64,186,8
8213,Kacper Lukasiak,180,74,,CAM,64,188,13
8214,Idar Lysgård,191,91,,GK,64,319,3
8215,Marcos Machuca,163,62,2005-03-08,RM,64,346,65
8216,Montader Madjed,182,74,2005-04-07,RW,64,256,127
8217,Herman Magnusson,183,77,,CB,64,377,22
8218,Elison Makolli,186,75,2005-01-10,CB,64,207,22
8219,Dustin Maldonado,173,68,1990-03-18,LM,64,367,98
8220,Stephen Mallon,178,64,1999-02-07,LM,64,371,76
8221,Mikael Marqués,185,75,,CB,64,377,22
8222,John Martin,185,70,1999-01-05,ST,64,368,76
8223,Tommaso Martinelli,196,90,2006-01-06,GK,64,71,7
8224,Marco Ribeiro,175,70,2005-06-14,CM,64,203,12
8225,Sam Mather,180,65,,LM,64,16,4
8226,Archie Meekison,178,76,,CM,64,381,24
8227,Novak Mićović,190,77,2001-10-25,GK,64,109,30
8228,Jevon Mills,188,79,,CB,64,381,76
8229,Min Seong Jun,189,82,1999-07-22,GK,64,222,18
8230,Robert Mišković,190,81,,CM,64,356,19
8231,Omar Mohamedhoesein,170,65,,CM,64,151,9
8232,Shakur Mohammed,177,72,2003-08-27,LM,64,108,43
8233,Tomasz Mokwa,182,87,1993-02-10,LB,64,327,13
8234,Piero Mollica,183,71,2005-03-01,RB,64,281,42
8235,Sean Moore,175,70,2005-08-13,LM,64,38,76
8236,Niall Morahan,176,66,2000-05-30,CM,64,371,76
8237,Mauricio Morales,169,69,2000-01-07,CM,64,304,74
8238,Efraín Morales,190,77,2004-03-04,CB,64,229,98
8239,Shayden Morris,183,65,2002-03-30,RM,64,266,4
8240,Jamie Mullins,171,60,,CAM,64,59,76
8241,Daniel Munie,183,82,2000-02-10,LB,64,164,36
8242,Dane Murray,193,77,,CB,64,77,24
8243,Noah Nadje,186,75,2003-11-12,ST,64,204,1
8244,Amara Nallo,186,72,2006-11-18,CB,64,6,4
8245,Halicharan Narzary,179,66,1994-05-10,LM,64,244,124
8246,Christopher Negele,172,69,,CAM,64,145,10
8247,Tom Negrel,192,75,,GK,64,178,1
8248,Yianni Nicolaou,182,75,2000-01-05,RB,64,237,71
8249,Luc Nieuwenhuijs,175,69,,LM,64,151,9
8250,Alex Nolan,184,75,2003-03-20,RM,64,366,76
8251,James Norris,178,73,2003-04-04,LB,64,6,4
8252,Troy Engseth Nyhammer,181,75,2006-08-19,ST,64,315,3
8253,Ryan O'Kane,172,59,2003-08-16,LM,64,383,76
8254,Karl O'Sullivan,175,70,,RM,64,365,76
8255,Chituru Odunze,200,91,2002-10-14,GK,64,179,36
8256,Oh Jae Suk,176,73,1990-01-04,RB,64,194,18
8257,Marius Olsen,190,76,,CB,64,379,3
8258,Tani Oluwaseyi,188,77,2000-05-15,ST,64,168,17
8259,Aston Oxborough,196,98,1998-05-09,GK,64,339,4
8260,Daniel Oyegoke,178,73,2003-01-03,CB,64,175,4
8261,Daniel Padilla,170,65,2005-02-26,CM,64,281,42
8262,Gerardo Padrón,169,56,2002-10-31,CM,64,376,42
8263,Paik Sang Hoon,173,70,2002-01-07,CM,64,166,18
8264,Krystian Palacz,180,72,,LB,64,314,13
8265,Jack Panayotou,170,70,2004-06-05,CM,64,85,36
8266,Isaiah Parker,173,72,2002-09-01,LM,64,118,36
8267,Connor Parsons,176,68,,LM,64,382,4
8268,Patryk Paryzek,192,80,,ST,64,188,13
8269,Gonzalo Petit,189,80,2006-09-21,ST,64,225,14
8270,Cameron Peupion,175,76,2002-09-23,RM,64,59,71
8271,Dominik Piła,184,78,,RB,64,364,13
8272,Oscar Priestman,175,72,2003-03-25,CM,64,299,71
8273,Philip Quinton,198,93,1999-11-16,CB,64,94,36
8274,Kacper Radkowski,194,81,,CB,64,382,13
8275,Josh Rae,188,72,,GK,64,300,24
8276,Johan Rapp,187,79,2001-02-08,CB,64,329,22
8277,Jadan Raymond,179,73,2003-10-15,CAM,64,55,69
8278,Jing Reec,188,80,2003-06-12,ST,64,287,71
8279,TP Rehenesh,180,75,1993-02-13,GK,64,333,124
8280,Bailey Rice,180,70,,CDM,64,113,24
8281,Zach Robinson,185,78,2002-06-11,ST,64,339,4
8282,Braudilio Rodrigues,183,77,1999-11-15,LW,64,147,96
8283,Carlitos Rodriguez,165,60,2004-11-22,RB,64,317,98
8284,Paulo Rodríguez,177,73,2003-03-17,CAM,64,301,77
8285,Danny Rogers,185,77,1994-03-23,GK,64,366,76
8286,Camilo Romero,191,88,2001-06-21,GK,64,148,25
8287,Kacper Rosa,191,88,,GK,64,314,13
8288,Alexandru Roșca,186,82,,GK,64,324,87
8289,Andrei Rus,176,78,2000-12-15,RB,64,326,87
8290,Calum Scanlon,180,74,,LB,64,6,4
8291,Brady Scott,187,78,1999-06-30,GK,64,109,36
8292,Adrian Segecic,173,68,,RW,64,195,71
8293,Alejandro Severo,167,65,2005-08-27,RW,64,128,14
8294,Max Sheaf,183,65,2000-03-10,CM,64,378,4
8295,Shin Sang Eun,185,72,1999-08-20,RW,64,194,18
8296,Naorem Mahesh Singh,175,59,1999-03-03,RM,64,260,124
8297,Mehtab Singh,180,73,1998-06-05,CB,64,333,124
8298,Roshan Singh,172,68,1999-02-02,LB,64,244,124
8299,Jeakson Singh Thounaojam,189,81,,CDM,64,260,124
8300,Axel Sjöberg,177,70,2000-04-12,RB,64,366,22
8301,Henrik Skogvold,176,72,2004-07-14,ST,64,363,3
8302,Cieran Slicker,191,82,2002-09-15,GK,64,126,24
8303,Noah Smith,182,80,2000-12-15,LB,64,286,71
8304,Dylan Smith,190,73,2006-06-21,CB,64,378,24
8305,Jhair Soto,173,73,2003-01-01,RB,64,338,77
8306,Godfrey Stephen,185,76,,LB,64,169,17
8307,Dušan Stojinović,187,76,2000-08-20,CB,64,240,15
8308,Lawson Sunderland,190,78,2001-11-07,CM,64,9,36
8309,Kamarai Swyer,183,78,2002-12-04,CAM,64,38,4
8310,Macaulay Tait,170,70,2005-08-27,CM,64,175,24
8311,Bianneider Tamayo,185,80,2005-01-13,CB,64,281,42
8312,Răzvan Tănasă,175,72,2003-04-28,LW,64,326,87
8313,Deepak Tangri,179,69,1999-02-01,CDM,64,302,124
8314,Brad Tapp,178,68,2001-01-16,CDM,64,286,71
8315,Georgios Theocharis,189,95,2002-07-10,GK,64,88,59
8316,Mathias Tønnessen,189,70,,CB,64,319,3
8317,Paul Tschernuth,186,88,2002-01-20,GK,64,145,21
8318,Peter Urminsky,198,80,1999-05-24,GK,64,336,44
8319,Damian van der Haar,183,76,2004-05-17,CB,64,217,9
8320,Harry Van der Saag,183,77,1999-10-29,RB,64,268,71
8321,Miguel Vegas,168,64,2006-05-22,CDM,64,281,42
8322,Santino Vera,169,65,,CDM,64,128,8
8323,Samuele Vignato,172,59,2004-02-24,ST,64,90,7
8324,Jules-Anthony Vilsaint,189,79,2003-01-06,ST,64,235,40
8325,Daniël Virginio Deen,188,72,,GK,64,82,9
8326,Cătălin Vulturar,181,70,2004-03-09,CAM,64,285,87
8327,Aurel Wagbe,191,88,2004-02-04,LM,64,190,10
8328,Casey Walls,188,77,2003-01-10,CB,64,164,36
8329,Riley Warland,184,76,2002-07-04,LB,64,294,71
8330,Kacper Welniak,185,76,,ST,64,314,13
8331,Dylan Wenzel-Halls,175,70,1997-12-15,ST,64,286,71
8332,Adam Wikman,178,66,2003-12-15,CM,64,373,22
8333,John Ross Wilson,180,76,1998-12-13,RB,64,371,76
8334,Harry Wood,178,78,2002-08-02,CM,64,368,4
8335,Mohammed Yasir,170,68,1998-04-14,RW,64,328,124
8336,Özkan Yiğiter,187,78,,CDM,64,146,20
8337,Nikodem Zielonka,184,72,,LW,64,248,13
8338,Jabir Abdihakim Ali,202,85,,ST,63,306,22
8339,Sławomir Abramowicz,188,78,2004-06-09,GK,63,240,13
8340,Eli Adams,183,71,2002-03-12,LM,63,375,71
8341,Elicha Ahui,187,75,2003-12-28,RB,63,384,4
8342,Luca Andronache,189,71,2003-07-26,ST,63,326,87
8343,Paul Argney,186,73,,GK,63,161,1
8344,Keny Arroyo,176,68,2006-02-14,LW,63,176,39
8345,Tyrell Ashcroft,176,71,,RB,63,17,4
8346,Alex Badolato,170,70,2005-02-23,ST,63,299,71
8347,Yunus Bahadır,180,70,2002-08-07,RB,63,192,20
8348,Cody Baker,178,69,2004-01-04,RB,63,147,36
8349,Johan Bakke,186,71,2004-05-01,CM,63,163,3
8350,Bartosz Baranowicz,175,68,,CDM,63,313,13
8351,Kailin Barlow,179,73,2003-06-28,CAM,63,371,76
8352,Alfie Bavidge,180,74,,ST,63,266,24
8353,Lachlan Bayliss,179,75,2002-07-24,RM,63,375,83
8354,Gavin Beavers,196,83,2005-04-29,GK,63,94,36
8355,Filip Beckman,198,84,,CB,63,380,22
8356,Alcides Benítez,168,64,2002-06-28,RB,63,291,65
8357,Luke Bodnar,183,81,2000-05-19,CDM,63,294,71
8358,Aaron Bolger,170,65,2000-02-02,CDM,63,366,76
8359,Alexandru Borbei,183,75,2003-06-27,GK,63,69,87
8360,Rowllin Borges,182,72,1992-06-05,CDM,63,328,124
8361,Manuel Braun,185,77,,LB,63,66,10
8362,Francisco Bregante,179,72,2004-04-18,LB,63,289,14
8363,Luke Brennan,180,68,2005-02-24,LW,63,229,36
8364,Jakub Burek,188,77,,GK,63,318,13
8365,Evan Caffrey,178,74,2003-02-27,CM,63,368,76
8366,Max Caputo,182,74,2005-08-17,ST,63,214,71
8367,Jarrod Carluccio,178,72,2001-02-08,RM,63,294,71
8368,Robert Castellanos,188,82,1998-05-11,CB,63,250,36
8369,Alexandre Castro,180,75,2003-07-01,GK,63,128,5
8370,Joshua Cavallo,176,70,1999-11-13,LM,63,273,71
8371,Antonio Ceza,180,75,2002-11-23,CB,63,270,74
8372,Pratik Chaudhari,188,80,1989-10-04,CB,63,303,124
8373,Sidiki Chérif,185,73,2006-12-15,LM,63,204,1
8374,Adi Chică-Roșă,185,78,,ST,63,348,87
8375,Choi Chul Soon,175,68,1987-02-08,RB,63,243,18
8376,Radosław Cielemęcki,173,70,,CAM,63,349,13
8377,Noah Cobb,185,74,2005-07-20,CB,63,229,36
8378,Fredy Colmán,170,62,2005-08-08,RM,63,211,65
8379,Wilfred Correa,172,58,2005-12-12,CAM,63,281,42
8380,Marius Courcoul,182,70,2007-01-01,CB,63,204,1
8381,Billy Crellin,185,70,,GK,63,36,4
8382,Guilherme Zimovski,177,72,2004-12-03,RW,63,349,5
8383,William Dávila,171,67,,CAM,63,212,25
8384,Luc De Fougerolles,180,76,2005-10-12,CB,63,47,40
8385,Gary Deegan,176,75,1987-09-28,CDM,63,384,76
8386,Lorenzo Dellavalle,189,78,2004-04-04,CB,63,33,7
8387,Mandar Desai,171,64,1992-03-18,LB,63,345,124
8388,Dramane Diarra,187,75,,LM,63,185,54
8389,Albert Iustin Doicaru,180,74,,RW,63,274,87
8390,Ronald Donkor,173,70,2004-11-20,CM,63,83,54
8391,Andrei Dorobanțu,180,75,,CM,63,374,87
8392,Amidou Doumbouya,182,72,,CB,63,67,1
8393,Sam Durrant,175,64,2002-02-16,LM,63,383,136
8394,Shane Farrell,177,64,2000-06-26,RM,63,384,76
8395,Raynier Fernandes,172,68,1996-02-19,CM,63,278,124
8396,Andrei Florescu,180,65,,LW,63,324,87
8397,Antoine Gauthier,176,66,2004-07-01,CM,63,153,1
8398,Juan Carlos Gonzáles,164,61,2003-08-20,LW,63,338,77
8399,Ángel González,190,81,2003-02-04,GK,63,199,65
8400,Cristian Graciano,167,67,2003-05-13,RB,63,246,25
8401,Harvey Griffiths,190,78,2003-09-22,CDM,63,79,4
8402,Matthew Grimaldi,180,70,2003-11-28,LM,63,330,71
8403,Gabriele Guarino,186,76,2004-04-14,CB,63,139,7
8404,Eggert Aron Gudmundsson,175,73,2004-02-08,CAM,63,254,56
8405,Jamie Gullan,183,73,1999-07-02,ST,63,383,24
8406,Berke Gürbüz,173,68,,LM,63,169,20
8407,Jad Hakiki,178,73,2004-01-01,CM,63,383,76
8408,Pronay Halder,180,72,1993-02-25,CDM,63,303,124
8409,Michael Halliday,185,71,2003-01-22,RB,63,108,36
8410,Teodor Berg Haltvik,182,75,,RW,63,319,3
8411,Han Jong Mu,179,70,2003-05-03,CM,63,255,18
8412,Martin Hellan,175,69,2003-08-17,RB,63,282,3
8413,Leon Hien,181,74,2001-07-31,CB,63,307,22
8414,Jonas Lange Hjorth,177,77,,LB,63,319,3
8415,Rio Hope-Gund,185,77,1999-08-20,CB,63,220,36
8416,David Hurley,177,75,,CAM,63,365,76
8417,Hwang Soon Min,178,69,1990-09-14,LB,63,245,18
8418,Hwang Do Yun,176,74,2003-04-09,CM,63,166,18
8419,Nicolás Johansen,182,80,1995-01-23,ST,63,259,8
8420,Lucas Kåhed,167,57,2002-07-26,CM,63,297,22
8421,Conor Kane,178,72,1998-11-05,LB,63,384,76
8422,Laxmikant Kattimani,180,72,1989-05-03,GK,63,328,124
8423,Stijn Keller,196,85,2000-04-10,GK,63,321,16
8424,Logan Ketterer,191,83,1993-11-09,GK,63,235,36
8425,Kim Keun Bae,187,80,1986-08-07,GK,63,255,18
8426,Kim Ju Yeop,180,76,2000-04-05,RB,63,245,18
8427,Kim Seung Sub,177,65,,LW,63,193,18
8428,Kim Seung Woo,185,75,1995-11-08,CB,63,264,18
8429,Kim Geon Hui,192,84,,CB,63,222,18
8430,Jakob Kindberg,184,80,1994-02-07,GK,63,350,22
8431,Gideon Kodua,177,73,2004-10-02,RM,63,38,4
8432,Kong Min Hyeon,182,70,1990-01-19,ST,63,194,18
8433,Nurettin Korkmaz,172,70,,LM,63,234,20
8434,Szymon Krawczyk,178,72,,RM,63,313,13
8435,Stefan Krell,189,82,,GK,63,374,21
8436,Nandha Kumar Sekar,173,65,1995-12-20,LM,63,260,124
8437,Oskar Lachowicz,180,70,,CAM,63,318,13
8438,Kameron Ledwidge,177,73,2001-04-07,CB,63,368,76
8439,Jakub Lewicki,182,70,2005-09-17,LM,63,240,13
8440,Myles Lewis-Skelly,173,65,2006-09-26,CM,63,4,4
8441,Jakub Lis,175,73,,CDM,63,188,13
8442,Filip Loftesnes-Bjune,182,75,2005-04-08,RB,63,372,3
8443,Cristhian Loor,187,68,2006-03-09,GK,63,176,39
8444,Zak Lovelace,180,70,,ST,63,113,4
8445,Brooklyn Lyons-Foster,185,74,2000-12-01,CB,63,357,4
8446,Maeng Seong Ung,183,70,,CM,63,193,18
8447,Juan Magallanes,174,77,2003-01-02,CM,63,353,98
8448,Kevin Mamani,174,68,2004-11-05,RB,63,367,98
8449,Abdoulie Manneh,179,74,2004-09-29,ST,63,354,91
8450,Johan Manzambi,183,75,,CM,63,45,16
8451,Mallki Marmanillo,182,82,2004-04-08,GK,63,301,77
8452,Jon Martín,188,74,,CB,63,28,2
8453,Kevin Martínez,191,87,2005-11-27,GK,63,262,14
8454,Jerry Mawihmingthanga,168,62,1997-03-09,RW,63,278,124
8455,Ed McCarthy,170,70,,LM,63,365,76
8456,Jason McClelland,175,68,1997-05-03,RM,63,366,76
8457,Ben McCormack,180,62,,CAM,63,382,76
8458,Robbie McCourt,178,66,,LB,63,382,76
8459,Declan McDaid,175,73,1995-11-22,LM,63,381,24
8460,Rowan McDonald,180,70,,CDM,63,382,4
8461,Ryan McLaughlin,174,69,1994-09-30,RB,63,366,85
8462,Jack Milne,192,81,2003-02-10,CDM,63,266,24
8463,Joaquín Molina Huamán,175,75,2004-05-18,CB,63,301,77
8464,Moon Hyun Ho,196,87,,GK,63,167,18
8465,Valentyn Morgun,189,78,2001-08-10,GK,63,112,26
8466,Jaly Mouaddib,171,65,1999-04-05,RW,63,348,1
8467,Fabian Mrozek,192,86,,GK,63,335,13
8468,Jacob Muir,184,75,2002-01-21,CB,63,294,71
8469,Miguel Muñoz,182,73,1996-11-22,CB,63,327,2
8470,Beltran Mvuka,173,68,1998-10-04,LW,63,372,3
8471,Mohammad Nawaz,174,70,2000-01-21,GK,63,345,124
8472,Moutaz Neffati,180,74,2004-09-04,RB,63,241,22
8473,Serge Ngoma,178,75,2005-07-09,RM,63,83,36
8474,Darragh Nugent,183,72,2001-03-01,CM,63,325,76
8475,Alan Nuñez,176,65,,RB,63,185,65
8476,Josh O'Connor,180,72,,ST,63,383,24
8477,Ezequiel Olivera,178,60,2003-12-20,LB,63,283,14
8478,Filip Olsson,188,80,1999-04-24,CM,63,373,22
8479,Oludare Olufunwa,189,75,2001-07-29,RB,63,300,4
8480,Oskar Opsahl,178,64,,LB,63,351,3
8481,Lewis Orford,182,70,2006-02-18,CDM,63,38,4
8482,Haqi Osman,173,68,,LM,63,239,43
8483,Lúkas Petersson,195,96,,GK,63,42,56
8484,Adam Petersson,183,75,2000-08-25,CM,63,354,22
8485,Daniel Pike,175,75,2002-01-09,RB,63,383,4
8486,Diego Píriz,191,81,2006-02-22,ST,63,262,14
8487,Sergiu Pîrvulescu,175,68,,RB,63,344,87
8488,Filip Piszczek,190,85,1995-05-26,ST,63,381,13
8489,Finlay Pollock,178,68,2004-06-27,CAM,63,175,24
8490,Tom Pouilly,180,70,,RB,63,48,1
8491,Vlad Prejmerean,179,75,,CM,63,344,87
8492,Mihnea Rădulescu,180,70,,RW,63,341,87
8493,Jayden Reid,180,77,2001-08-30,LB,63,97,36
8494,Jairo Reyes,175,72,2006-01-07,CDM,63,176,39
8495,David Richards,186,78,1993-12-31,GK,63,358,69
8496,Santiago Rollano,170,70,2004-04-14,RM,63,283,14
8497,Hormipam Ruivah,180,75,2001-01-25,CB,63,334,124
8498,Elkin Ruiz,174,68,2006-05-27,LB,63,176,39
8499,Abundance Salaou,183,77,2004-07-05,CDM,63,297,49
8500,Dino Salihovic,178,71,2002-12-02,CM,63,241,22
8501,Sverre Hakami Sandal,193,80,,CM,63,319,3
8502,Rasmus Sandberg,185,70,2001-04-23,GK,63,252,3
8503,Nicholas Scardina,180,60,2001-06-22,LM,63,179,36
8504,Udanta Singh,170,66,1996-06-14,RM,63,328,124
8505,Suresh Singh Wangjam,166,65,,CM,63,244,124
8506,Brage Skaret,186,80,,CB,63,363,3
8507,Kacper Śmiglewski,180,75,2005-01-07,ST,63,318,13
8508,Connor Smith,176,65,2002-02-01,CM,63,300,24
8509,Elias Sebastian Solberg,179,73,2004-03-03,RM,63,306,3
8510,Mason Stajduhar,188,86,1997-12-02,GK,63,108,36
8511,Yannic Stein,190,90,,GK,63,92,10
8512,Frank Stople,186,75,2002-02-12,GK,63,316,3
8513,Jakub Sypek,180,74,,LW,63,238,13
8514,Matei Tănasă,180,64,,LW,63,356,87
8515,Strahinja Tanasijević,183,72,1997-06-12,CB,63,220,30
8516,Rodrigo Teliz,165,55,2005-01-25,CM,63,128,14
8517,El Mami Tetah,170,65,,LM,63,192,88
8518,Andrew Thomas,188,88,1998-09-01,GK,63,147,47
8519,Miller Thomson,170,72,,RB,63,358,24
8520,Darrell Kamdem Tibell,180,72,2002-02-20,ST,63,372,22
8521,Mihai Toma,172,70,2007-02-17,CM,63,224,87
8522,Aron van Lare,196,78,,GK,63,308,9
8523,Diego van Oorschot,178,65,2005-10-02,ST,63,332,9
8524,Gabriel Wallentin,189,80,2001-04-03,CB,63,362,22
8525,Wilson Waweru,186,80,2000-12-27,ST,63,371,76
8526,Szymon Weirauch,190,76,2004-03-05,GK,63,364,13
8527,Colm Whelan,180,60,2000-06-29,ST,63,370,76
8528,Amund Wichne,182,79,1997-05-12,GK,63,315,3
8529,Charlie Wiggett,188,82,2002-11-02,CB,63,371,4
8530,Will Wilson,170,75,2001-12-23,LM,63,286,71
8531,Oğuzhan Efe Yılmaz,181,78,,CDM,63,187,20
8532,Yoon Min Ho,171,63,1999-10-17,CAM,63,154,18
8533,Jonny Yull,174,70,2005-03-05,CM,63,273,71
8534,Louis Zabala,175,75,2001-01-25,RB,63,268,71
8535,Nikola Zečević,192,78,2004-06-16,CB,63,197,30
8536,Besfort Zeneli,178,71,2002-11-21,LW,63,254,22
8537,Jan Ziółkowski,194,76,2005-06-05,CB,63,267,13
8538,Hubert Zwoźny,183,75,,RB,63,355,13
8539,James Abankwah,182,79,2004-01-16,CB,62,155,76
8540,Nabil Aberdin,180,75,2002-08-23,CB,62,63,1
8541,Stephen Afrifa,178,68,2001-02-19,ST,62,250,40
8542,Jeremy Agbonifo,178,69,2005-10-24,LW,62,197,22
8543,Yannick Agnero,184,73,,ST,62,362,49
8544,Abdihakin Ali,178,68,2002-01-22,CM,62,290,22
8545,Victor Andersson,174,67,2004-10-22,LM,62,290,22
8546,Samuel Anini Jr,171,65,2002-09-07,LW,62,357,29
8547,Charles Yaw Appiah,167,61,,RW,62,206,43
8548,Leonardo Arana,174,67,2004-05-07,LW,62,353,98
8549,Ludvig Begby,170,65,,LM,62,363,3
8550,Matt Bersano,185,81,1992-09-10,GK,62,116,36
8551,Hosine Bility,190,87,,CB,62,268,71
8552,Israel Boatwright,180,68,2005-06-02,RB,62,9,113
8553,Valentin Borcea,180,70,,CAM,62,361,87
8554,Vincent Borden,191,87,,CDM,62,365,36
8555,Federico Brancolini,192,78,2001-07-14,GK,62,139,7
8556,Ryan Brennan,180,72,1991-11-11,CM,62,384,76
8557,Cian Byrne,186,80,2003-01-31,CB,62,381,76
8558,Brandon Cambridge,183,79,2002-02-09,CM,62,179,36
8559,Jessel Carneiro,163,66,1990-07-14,LB,62,244,124
8560,Josué Castillo,168,68,2004-07-15,CDM,62,367,98
8561,Cristian Chira,177,72,,CM,62,326,87
8562,Choi Cheol Won,194,87,1994-07-23,GK,62,166,18
8563,Choi Gi Yun,175,70,,RW,62,193,18
8564,Choo Sang Hun,170,70,,RW,62,193,18
8565,Fin Conchie,176,72,2003-08-10,CM,62,322,83
8566,Dixon Contreras,180,75,2002-04-26,GK,62,270,74
8567,Ethan Cox,182,73,2004-01-07,GK,62,273,71
8568,Mauricio Cuevas,170,61,2003-02-10,RB,62,109,36
8569,Kamil Cybulski,174,65,2005-12-02,CM,62,238,13
8570,Gabriel Dănuleasă,187,80,2003-05-08,CB,62,274,87
8571,Bajung Darboe,185,65,2006-11-07,CM,62,33,36
8572,Warren Davis,180,75,2005-04-02,LM,62,384,76
8573,Aodh Dervin,170,70,,CM,62,383,76
8574,Regan Donelon,171,71,,LB,62,365,76
8575,Jacob Dowse,184,76,2000-06-13,LM,62,375,71
8576,Yaya Dukuly,176,71,2003-01-17,LM,62,273,71
8577,Luke Duzel,182,71,2002-02-05,CM,62,273,71
8578,Christian Egbutudike,178,84,2003-07-28,ST,62,281,17
8579,Hayrullah Erkip,176,68,,LM,62,234,20
8580,Aaron Essel,173,70,,CDM,62,300,43
8581,Ahmad Faqa,187,83,2003-01-10,CB,62,290,106
8582,Zack Farnsworth,185,75,2002-07-13,LB,62,94,36
8583,Bobby Faulkner,186,81,,CB,62,383,4
8584,Alexander Fesshaie,179,67,2004-02-29,ST,62,290,22
8585,Robert Filip,180,75,2002-03-02,CM,62,293,87
8586,Nick Firmino,180,70,,CAM,62,229,5
8587,Ajani Fortune,180,74,2002-12-30,CM,62,229,68
8588,Franciszek Franczak,165,65,,RM,62,300,13
8589,Robbie Fraser,182,81,,LB,62,113,24
8590,Malcolm Fry,175,75,2005-05-15,RW,62,85,36
8591,Ramiro Nahuel García,183,79,,GK,62,232,8
8592,Gabriel Gheorghe,177,75,,CAM,62,285,87
8593,Juan José Giménez,170,75,,RM,62,337,65
8594,Thomas González,177,75,2004-08-13,CB,62,283,14
8595,Seán Grehan,184,80,,CB,62,55,76
8596,Aaron Gurd,179,78,2001-09-18,CB,62,195,71
8597,Tyler Hall,178,72,,CB,62,9,36
8598,Victor Emanuel Halvorsen,185,77,2004-07-03,CM,62,309,3
8599,Calvin Harris,183,73,2000-03-20,LM,62,196,4
8600,Luke Heeney,175,73,1999-02-06,RB,62,384,76
8601,Malik Henry-Scott,178,79,2001-11-28,ST,62,118,36
8602,Colm Horgan,172,72,,RB,62,365,76
8603,Isaac Hughes,183,75,2004-03-25,CB,62,322,83
8604,Hwang Sung Min,188,83,,GK,62,166,18
8605,Filip Ilie,177,70,2002-07-15,ST,62,374,87
8606,Alexandru Irimia,181,69,2006-05-12,CM,62,324,87
8607,Cole Jensen,196,88,2001-01-22,GK,62,9,36
8608,Daniel Job,174,69,2005-08-26,RM,62,309,17
8609,Jung San,191,86,1989-02-10,GK,62,194,18
8610,Jung Han Min,183,68,2001-01-08,LM,62,310,18
8611,Jardell Kanga,170,67,,CAM,62,256,22
8612,Eren Karaağaç,177,70,,LB,62,138,20
8613,İlker Karakaş,187,88,1999-01-11,ST,62,169,20
8614,Cian Kavanagh,191,69,2003-01-03,ST,62,366,76
8615,Yakup Arda Kılıç,179,69,2005-01-04,LW,62,32,20
8616,Kim Dong Jin,181,71,,CM,62,154,18
8617,Maxwell Kinsey,184,76,2005-02-02,CB,62,68,4
8618,Samuel Kotto,190,84,2003-09-03,CB,62,329,34
8619,Marcel Krajewski,182,77,,RM,62,238,13
8620,Erik Krantz,193,84,,GK,62,380,22
8621,Jerry Lalrinzuala,167,70,1998-07-30,LB,62,278,124
8622,Oliver Larraz,178,63,2001-09-16,CDM,62,196,36
8623,Lee Jun Seo,186,83,1998-03-07,GK,62,194,18
8624,Filip Luberecki,172,67,,LB,62,314,13
8625,Pablo Luján,172,69,2003-02-26,RM,62,353,98
8626,Panashe Madanha,185,78,2004-08-05,RB,62,273,71
8627,Robbie Mahon,178,64,2003-06-06,LM,62,383,76
8628,Robin Mantel,196,87,,GK,62,332,6
8629,Scott McGill,183,82,2002-01-27,CM,62,383,24
8630,Cole McKinnon,180,74,,CM,62,113,24
8631,Brian McManus,179,73,2001-11-29,CM,62,381,76
8632,Dean McMenamy,173,72,,CM,62,382,76
8633,Jayden Meghoma,175,71,2006-06-28,LB,62,61,4
8634,Jasper Meijster,188,75,,GK,62,271,9
8635,Juliën Mesbahi,183,73,2006-01-31,CB,62,78,9
8636,Zoran Mitrov,179,68,,CAM,62,348,87
8637,Fabian Monge,177,65,2001-07-12,CDM,62,287,71
8638,John Montaño,175,68,,RW,62,246,25
8639,Santiago Morales,170,58,2007-02-09,CAM,62,9,36
8640,John Mountney,182,77,1993-02-22,RB,62,383,76
8641,Jacob Murrell,190,82,2004-03-28,ST,62,181,36
8642,Villads Nielsen,192,79,2005-01-29,CB,62,133,32
8643,Toma Niga,187,82,1997-08-15,GK,62,356,87
8644,Conan Noonan,180,68,2003-01-17,CM,62,325,76
8645,Mark O'Mahony,180,79,,ST,62,59,76
8646,Henry Offia,171,71,,ST,62,377,17
8647,Junior Ogedi-Uzokwe,185,76,,ST,62,365,4
8648,Habeeb Ogunneye,175,64,2005-11-12,RB,62,16,4
8649,Krystian Okoniewski,185,70,2005-01-24,ST,62,360,13
8650,Nathan Ordaz,180,78,2004-01-12,ST,62,33,46
8651,Trent Ostler,184,72,2002-04-03,RM,62,294,71
8652,Ștefan Pacionel,180,75,,CM,62,374,87
8653,Ishan Pandita,182,78,1998-05-26,ST,62,334,124
8654,Park Yong Hui,180,74,2002-03-29,RW,62,200,18
8655,Ben Parkinson,183,66,2005-03-10,RW,62,21,4
8656,Nathan Paull,187,80,2003-08-21,CB,62,286,71
8657,Frantz Pierrot,185,93,1999-04-20,ST,62,384,103
8658,Kacper Pietrzyk,181,77,,ST,62,313,13
8659,Nikhil Poojary,177,64,1995-09-03,RB,62,244,124
8660,Ionuț Pop,190,80,,GK,62,343,87
8661,Rahul Praveen,167,64,,RM,62,334,124
8662,Andrew Quinn,188,76,2002-01-24,CB,62,384,76
8663,Stefan Radosavljevic,181,78,2000-09-08,LM,62,371,135
8664,Vinit Rai,182,74,1997-10-10,CDM,62,320,124
8665,Gustavo Ramos,178,78,2005-05-25,CB,62,301,77
8666,Emiliano Ramos,179,71,2005-03-08,ST,62,233,74
8667,Khaled Razak,174,65,,RW,62,311,9
8668,Lucciano Reinoso,183,67,2006-06-10,ST,62,281,42
8669,Filip Rejczyk,179,73,2006-04-20,CM,62,298,13
8670,Alwande Roaldsøy,193,80,2004-06-09,CM,62,163,3
8671,Javi Rodríguez,180,75,,RB,62,25,2
8672,Paul Rothrock,173,70,1999-01-09,RM,62,147,36
8673,Pim Saathof,178,68,2003-12-28,CB,62,280,9
8674,Ángel Sánchez Chávez,194,81,,GK,62,337,65
8675,Zac Sapsford,178,70,2002-08-16,ST,62,299,71
8676,Simon Schierack,188,80,,CM,62,298,10
8677,Walter Scott,176,74,1999-10-02,LB,62,237,71
8678,Niclas Schjøth Semmen,185,80,,ST,62,319,3
8679,Kees Sims,192,82,,GK,62,380,83
8680,Vikram Singh,173,63,2002-01-16,RM,62,333,124
8681,Dheeraj Singh Moirangthem,180,70,2000-07-04,GK,62,302,124
8682,Adrian Skogmar,172,70,2005-11-23,CM,62,207,22
8683,Kerr Smith,188,75,,CB,62,18,24
8684,Tom Sparrow,177,74,,RB,62,339,69
8685,Lee Steacy,185,83,1993-01-18,GK,62,325,76
8686,Rei Tachikawa,178,72,1998-01-18,CM,62,303,48
8687,Franck Tchassem,178,75,,ST,62,288,34
8688,George Ungureanu,188,75,,GK,62,285,87
8689,Wojciech Urbański,184,75,2005-01-12,CAM,62,267,13
8690,Suhair Vadakkepeedika,174,74,,RM,62,260,124
8691,Jordi Valadon,168,70,2003-03-04,CDM,62,287,71
8692,Oskar van Hattum,183,75,2002-04-14,RW,62,322,83
8693,Edwin Sydney Vanspaul,170,68,1992-09-24,RB,62,260,124
8694,Farik Ventura,170,70,2003-03-24,CM,62,301,77
8695,Kane Vidmar,185,78,2004-06-04,CB,62,330,71
8696,Stephen Walsh,182,77,,ST,62,365,76
8697,Reece Welch,197,88,2003-09-19,CB,62,36,4
8698,Dean Williams,174,58,2000-02-09,ST,62,368,76
8699,Kadan Young,176,72,2006-01-19,LM,62,18,4
8700,Elias Aarflot,186,75,2003-11-25,ST,61,351,3
8701,Jordan Adebayo-Smith,181,74,2001-01-11,ST,61,168,36
8702,Joseph Adjei,189,79,,CB,61,385,43
8703,Awet Ermias Alemseged,181,70,,RW,61,379,3
8704,José Alipaz,178,74,2003-04-06,LM,61,353,98
8705,Mohammad Alsalkhadi,177,71,2001-07-29,RW,61,329,22
8706,Casper Glenna Andersen,177,70,2005-02-07,RB,61,307,3
8707,David Andersson,187,72,2003-09-16,GK,61,241,22
8708,Ethem Balcı,184,74,,RW,61,234,20
8709,Jethren Barr,184,78,1995-09-13,GK,61,384,114
8710,Zishim Bawa,180,73,2002-03-16,LM,61,384,17
8711,Patrick Beach,183,75,2003-08-06,GK,61,214,71
8712,Răzvan Began,194,91,1996-08-12,GK,61,324,87
8713,Michael Boamah,190,78,2003-04-16,CB,61,357,29
8714,Isaac Boehmer,188,84,2001-11-20,GK,61,100,40
8715,Arif Boşluk,184,75,2003-06-06,LB,61,62,20
8716,Rhys Bozinovski,173,68,2004-03-07,CDM,61,330,71
8717,Alan Bród,177,72,,CAM,61,313,13
8718,Ryan Burke,177,73,,LB,61,382,76
8719,Tiago Caballero,178,69,2005-05-27,ST,61,342,65
8720,Frederik Carstensen,179,68,,RM,61,309,32
8721,Leon Chiwome,186,75,2006-01-10,ST,61,79,4
8722,Matthew Connor,192,82,,GK,61,382,76
8723,William Da Rocha,191,75,,GK,61,319,3
8724,Clemilson Da Silva,175,70,2003-04-08,CM,61,317,98
8725,Vignesh Dakshinamurthy,181,73,1998-03-05,LB,61,345,124
8726,Hamza El Dahri,177,72,,CAM,61,149,9
8727,Nouri El Harmazi,175,70,2002-05-15,CAM,61,295,9
8728,Ben Engdahl,179,72,,RB,61,197,22
8729,Marcus Ferkranus,188,82,2003-05-10,CB,61,268,36
8730,Mark Ferrie,179,76,2005-12-02,ST,61,339,24
8731,Kristian Fletcher,183,79,2005-08-06,LM,61,181,36
8732,Shane Flynn,181,68,,CB,61,382,76
8733,Adam Foley,188,80,1989-12-11,RM,61,384,76
8734,Richard Emeka Friday,183,75,,ST,61,380,17
8735,Narender Gahlot,184,79,2001-04-24,RB,61,278,124
8736,Martin Gjone,180,74,2005-05-29,CB,61,372,3
8737,Luke Graham,186,75,,CB,61,359,24
8738,Darius Grosu,173,73,2002-06-07,RB,61,274,87
8739,Andreas Hegdahl Gundersen,182,78,,ST,61,319,3
8740,Carlos Harvey,184,70,2000-02-03,CDM,61,168,93
8741,Patrick Hickey,195,80,,CB,61,365,36
8742,Jackson Hopkins,188,74,2004-07-01,CAM,61,181,36
8743,Wilfred George Igor,181,72,,CM,61,379,17
8744,Sander Håvik Innvær,180,75,2004-10-11,RM,61,315,3
8745,Jang Yeong Woo,179,74,,RB,61,245,18
8746,Jang Si Young,174,69,2002-03-31,RM,61,167,18
8747,Sven Jansen,192,78,2004-10-23,GK,61,280,9
8748,Timo Jansink,198,82,2003-03-16,GK,61,332,9
8749,Oliver Jones,185,75,2003-09-09,CB,61,237,71
8750,Jung Ji Hoon,175,65,,LM,61,264,18
8751,Panagiotis Kattirtzis,173,68,,CM,61,206,97
8752,Dara Keane,180,76,1998-12-24,CDM,61,383,76
8753,Jack Keaney,188,78,1999-01-18,CB,61,384,76
8754,Lalthathanga Khawlhring,165,69,,CM,61,278,124
8755,Kim Seong Min,171,69,2000-07-03,RB,61,222,18
8756,Kim Dae Woo,179,78,2000-12-02,CM,61,310,18
8757,Kim Ha Jun,188,78,,CB,61,243,18
8758,Kim Gyu Hyeong,168,63,1999-03-29,CAM,61,154,18
8759,Bernt Klaverboer,190,84,2005-09-26,GK,61,223,9
8760,Jakub Konstantyn,175,78,2002-06-26,LM,61,355,13
8761,Amet Korça,193,82,2000-09-16,CB,61,118,36
8762,Igor Kośmicki,190,78,,CB,61,355,13
8763,Luka Kukić,188,88,,GK,61,348,41
8764,Ritwik Kumar Das,174,72,1996-12-14,LM,61,303,124
8765,Sasha Kuzevski,177,72,2001-03-27,RB,61,286,71
8766,Pawel Kwiatkowski,180,75,,CB,61,238,13
8767,Pachuau Laldinpuia,180,78,,CB,61,345,124
8768,Isaiah LeFlore,175,72,2001-12-01,LB,61,156,36
8769,Anderson Leguizamón,180,75,2005-02-17,LM,61,291,65
8770,Franco Lino,182,75,2005-08-26,LB,61,228,71
8771,Ben Lundt,198,99,1995-09-24,GK,61,97,10
8772,Debjit Majumder,175,71,1988-03-06,GK,61,260,124
8773,Glan Martins,183,70,1994-07-01,CDM,61,302,124
8774,Oğuzhan Matur,173,71,1999-08-19,LB,61,210,20
8775,Michał Matys,189,80,,GK,61,279,13
8776,Aaron McNally,173,75,2000-08-31,LB,61,384,76
8777,Mateusz Mędrala,189,86,2006-01-03,GK,61,251,13
8778,Dermot Mee,183,70,,GK,61,16,85
8779,Kanayo Megwa,176,70,,RB,61,257,4
8780,Martin Miller,177,64,1997-09-25,RB,61,381,109
8781,Thoiba Singh Moirangthem,170,69,2002-12-12,CDM,61,278,124
8782,Francisco Morel,181,75,,ST,61,342,65
8783,Joe Morrison,186,72,,GK,61,77,24
8784,Trey Muse,193,88,1999-07-26,GK,61,115,36
8785,Sivasakthi Narayanan,165,61,2001-07-09,ST,61,244,124
8786,Jack Neeley,185,77,2005-03-11,CB,61,179,36
8787,Alexander Nilsson,190,90,1997-08-22,GK,61,369,22
8788,Maurice Nugent,180,67,,CDM,61,365,76
8789,Niall O'Keeffe,175,70,,CDM,61,382,76
8790,Curtis Ofori,168,68,2005-11-05,LB,61,83,36
8791,Jakub Ojrzyński,196,84,,GK,61,6,13
8792,Koen Oostenbrink,190,71,2000-01-26,CDM,61,383,9
8793,Mohamed Oukhattou,180,70,2005-01-22,CAM,61,217,9
8794,Timothy Noor Ouma,183,75,2004-06-10,CAM,61,254,94
8795,Leander Øy,182,70,2003-10-24,GK,61,309,3
8796,Emil Özkan,178,68,2003-08-11,CM,61,373,22
8797,Park Chu Young,182,75,,ST,61,167,18
8798,Park Kyu Min,180,71,2001-06-08,RM,61,243,18
8799,Christie Pattisson,180,75,,RM,61,382,4
8800,Adam Pavlesic,189,87,2002-07-30,GK,61,286,71
8801,Adrián Peña,184,70,2003-12-10,CAM,61,317,98
8802,Jaden Pinas,187,79,,CB,61,321,9
8803,Ernesto Pinillos,180,80,2004-07-13,GK,61,338,77
8804,Alfie Pond,191,84,2004-02-17,CB,61,79,4
8805,Kristian Popović,184,76,2001-08-14,CDM,61,237,71
8806,Davide Popșa,175,65,2002-07-04,RB,61,312,87
8807,Ramhlunchhunga Ramhlunchhunga,169,64,,LM,61,386,124
8808,Jonas Dobloug Rasen,179,71,2004-08-10,RW,61,369,3
8809,Laldinliana Renthlei,175,68,1998-08-26,RB,61,278,124
8810,Mauro Rodas,188,80,2000-01-24,GK,61,346,65
8811,Luca Ross,177,66,2006-08-11,RM,61,339,24
8812,Rodrigo Sandoval,186,81,2001-01-21,CB,61,272,74
8813,Santiago Santacruz,175,70,2004-06-27,CM,61,246,25
8814,Talha Sarıarslan,175,68,2004-01-18,ST,61,234,20
8815,Maarten Schut,180,76,,GK,61,311,9
8816,Hitesh Sharma,173,65,1997-12-25,CM,61,333,124
8817,Ross Sinclair,197,75,2001-05-07,GK,61,300,24
8818,Sandeep Singh,175,73,1995-03-01,RB,61,334,124
8819,Boris Singh,161,63,2000-01-03,RM,61,328,124
8820,Song Jun Seok,174,68,2001-02-06,LB,61,310,18
8821,Alexandru Stan,188,79,,ST,61,344,87
8822,Taylor Steven,175,63,,RM,61,300,24
8823,Miłosz Strzeboński,181,75,,CAM,61,355,13
8824,Sil Swinkels,190,78,,CB,61,18,9
8825,Liam Tahwildaran,178,75,2004-03-05,LB,61,335,22
8826,Joël van der Wilt,187,78,2004-04-27,GK,61,321,9
8827,Alexander Warneryd,179,74,,RB,61,377,22
8828,Mitchell Wassenne,172,76,2001-04-19,RM,61,233,74
8829,Charlie Whitaker,179,74,,CAM,61,36,4
8830,Andrew Wogan,189,80,2005-12-01,GK,61,384,76
8831,Miska Ylitolva,178,69,2004-05-23,RB,61,357,29
8832,Yu Sun,188,74,,CB,61,193,18
8833,Adam Zimarino,182,70,2001-08-28,ST,61,268,71
8834,Albin Ahlstrand,184,64,2004-03-10,CM,60,362,22
8835,Isak Alemayehu,177,70,,CM,60,208,22
8836,Matías Alvarado,178,74,2003-03-25,RM,60,259,74
8837,Viktor Andersson,189,84,2004-03-30,GK,60,329,22
8838,Enzo Andrén,175,69,2005-03-10,CAM,60,254,22
8839,Mayowa Animasahun,184,76,2003-08-08,CB,60,383,76
8840,Muhammed Eren Arıkan,174,69,2005-01-29,LB,60,234,20
8841,Daniel Bąk,181,71,,ST,60,355,13
8842,Norbert Barczak,183,75,2005-08-05,RB,60,248,13
8843,Vincy Barretto,170,57,1999-12-08,RM,60,345,124
8844,Nathanael Blair,180,75,2004-03-15,ST,60,294,71
8845,Iker Blanco,186,77,2006-04-25,GK,60,246,25
8846,Jack Brady,182,74,,GK,60,365,76
8847,Magnus Brøndbo,188,76,2005-03-02,GK,60,133,3
8848,Richard Brush,185,86,1984-11-26,GK,60,371,4
8849,Mario Butros,181,74,2003-01-15,CM,60,335,22
8850,Hayden Cann,189,81,,CB,60,383,4
8851,Linus Carlstrand,184,79,2004-08-31,ST,60,297,22
8852,Jacob Castro,193,86,1999-12-18,GK,60,147,36
8853,Souvik Chakrabarti,171,70,1991-07-12,RB,60,260,124
8854,Ayush Chhetri,176,68,2003-04-16,CDM,60,328,124
8855,Choi Geon Ju,175,64,,ST,60,194,18
8856,Adam Chojecki,180,75,,CDM,60,355,13
8857,Makan Winkle Chothe,169,58,2000-01-19,CAM,60,385,124
8858,Farukh Choudhary,180,74,1996-11-08,LM,60,345,124
8859,Matias Delgadillo,181,80,2005-08-04,RB,60,317,98
8860,Luke Dennison,190,86,1996-08-21,GK,60,384,36
8861,Emir Derviskadic,172,68,,CDM,60,315,3
8862,Seiminlen Doungel,172,69,1994-01-03,RW,60,303,124
8863,Deniz Ertaş,193,77,2005-03-20,GK,60,142,20
8864,Logan Farrington,188,79,2001-12-14,ST,60,118,36
8865,César Flores,174,76,2006-01-07,ST,60,317,98
8866,Brandon Forbes,178,70,,LW,60,358,24
8867,Joseph Forde,178,70,,LB,60,382,71
8868,Gabriel Fuentes,188,88,2003-05-04,GK,60,270,74
8869,Julian Gaines,178,73,2002-11-05,RB,60,89,36
8870,Rareș Gal,186,75,,GK,60,293,87
8871,Parthib Gogoi,177,67,2003-01-30,RM,60,347,124
8872,Albino Giovanni Gomes,189,87,,GK,60,303,124
8873,Paul Grave,193,93,,GK,60,150,10
8874,Jack Grieves,180,75,2004-12-05,ST,60,378,4
8875,Lorcan Healy,180,80,2000-05-23,GK,60,368,76
8876,Krisztián Hegyi,193,85,,GK,60,339,35
8877,Darius Iurasciuc,178,72,2005-12-15,CB,60,361,87
8878,Aniket Jadhav,174,72,2000-07-13,LM,60,303,124
8879,Jakub Jezierski,186,75,,CAM,60,298,13
8880,Nate Jones,190,84,2001-08-01,CB,60,196,36
8881,August Karlin,178,71,2003-06-09,CDM,60,306,22
8882,Josh Keeley,191,65,,GK,60,17,76
8883,Peder Klausen,185,78,2003-05-09,GK,60,307,3
8884,John Klein,170,63,1999-11-17,RM,60,97,36
8885,Olaf Korczakowski,177,75,2003-11-11,LM,60,188,13
8886,Kwak Seung Min,186,80,2004-11-08,ST,60,255,18
8887,Provat Lakra,170,66,1997-08-12,RB,60,260,124
8888,Lalchungnunga Lalchungnunga,183,81,,CB,60,260,124
8889,Ole Langbråten,188,82,,GK,60,363,3
8890,Lee Joo Hyun,188,78,,GK,60,193,18
8891,Lee Jong Wook,180,73,1999-01-26,RW,60,222,18
8892,Lee Seung Won,174,66,,CM,60,193,18
8893,Tucker Lepley,170,64,2002-01-17,RW,60,109,36
8894,August Ljungberg,180,75,2005-05-13,LW,60,373,22
8895,Alfons Lohake,179,74,2006-07-28,CM,60,335,22
8896,Jack Lynn,185,79,2000-01-12,ST,60,108,36
8897,Kaelan Majekodunmi,188,75,2004-02-21,CB,60,294,71
8898,Gustavo Marecos,175,70,2001-09-21,CM,60,291,65
8899,Cristian Martínez,181,71,2005-02-01,CM,60,346,65
8900,Callan McKenna,188,76,2006-12-22,GK,60,68,24
8901,Ninthoi Meetei,163,59,2001-07-13,RM,60,320,124
8902,Marcus Melchior,170,69,2001-02-09,CM,60,372,3
8903,Mirshad Michu,179,75,1994-02-03,GK,60,347,124
8904,Bryce Miranda,175,70,1999-09-23,LW,60,334,124
8905,Amín Molinas,175,72,,CM,60,199,65
8906,Rudi Molotnikov,179,65,2006-05-23,CAM,60,257,24
8907,D'Alessandro Montenegro,174,71,2003-06-14,CB,60,338,77
8908,Ross Munro,182,83,2000-04-01,GK,60,383,24
8909,Kiyan Nassiri,178,65,2000-11-17,ST,60,345,124
8910,Wally Njie,180,71,2002-12-20,ST,60,372,3
8911,Nolan Norris,178,68,2005-02-17,CM,60,118,36
8912,Arne Hopland Ødegård,178,76,2004-02-04,CM,60,369,3
8913,Nickson Okosun,187,74,2006-11-21,LM,60,381,76
8914,Javier Otero,198,83,2002-11-18,GK,60,108,42
8915,Dylan Oyarzún,185,87,2003-02-03,ST,60,219,74
8916,Muhammet Ali Özbaskıcı,172,67,2005-09-27,CAM,60,201,20
8917,Isaiah Parente,178,68,,CAM,60,109,36
8918,Nick Pariano,170,66,2003-03-01,CAM,60,156,36
8919,Park Chang Woo,178,69,2003-03-01,RB,60,243,18
8920,Liam Parker,191,73,,CB,60,300,24
8921,Oliver Ramis,173,71,2006-07-16,CDM,60,272,74
8922,Amey Ranawade,167,69,1998-03-07,RB,60,278,124
8923,Princeton Rebello,171,58,1999-03-05,CDM,60,320,124
8924,Kaylen Reitmaier,197,86,2004-04-05,GK,60,149,10
8925,Alberto Risco,178,68,2005-08-30,CAM,60,63,2
8926,Roger Rojas,181,70,1993-03-08,LB,60,230,65
8927,Tadhg Ryan,181,74,1997-04-09,GK,60,370,76
8928,Adrian Sæther,197,91,,GK,60,379,3
8929,Aakash Sangwan,178,70,1995-07-28,LB,60,328,124
8930,Shubham Sarangi,179,68,,RB,60,303,124
8931,Oliver Semmle,191,91,1998-03-28,GK,60,156,10
8932,Alex Servian,168,65,2005-01-01,CAM,60,337,65
8933,Harrison Sharp,189,81,2001-04-04,GK,60,359,24
8934,Jitendra Singh,169,68,2001-06-13,CDM,60,345,124
8935,Gurmeet Singh,183,80,1999-12-03,GK,60,347,124
8936,Kamaljit Singh,185,80,1995-12-28,GK,60,260,124
8937,Arshdeep Singh,181,69,1997-10-06,GK,60,328,124
8938,Jakub Snopczyński,174,65,,CAM,60,349,13
8939,Jithin Subran,169,61,,LM,60,347,124
8940,Dylan Teves,172,63,2000-05-04,RM,60,147,36
8941,Redeem Tlang,166,65,1995-02-22,RM,60,347,124
8942,Filip Trpcevski,183,75,,ST,60,197,62
8943,Emre Uzun,179,63,2005-06-20,CM,60,242,20
8944,Nando Verdoni,185,75,2004-09-27,GK,60,280,9
8945,Duke Verduin,195,82,,GK,60,217,9
8946,Jack Warshawsky,189,78,2004-08-08,GK,60,286,71
8947,David Webster,187,78,1989-08-09,CB,60,384,76
8948,Ye Hong Gyu,171,65,,RB,60,255,18
8949,Yoon Suk Ju,178,69,2002-02-25,CDM,60,154,18
8950,Marcus Younis,175,74,2005-07-03,RM,60,299,71
8951,Nils Zätterström,190,80,2005-03-29,CB,60,207,22
8952,Asheer Akhtar,176,74,1994-12-14,CB,59,347,124
8953,Mehmet Albayrak,186,77,2004-01-05,CB,59,146,20
8954,César Álvarez,172,71,2005-01-27,CM,59,338,77
8955,Martin Alvsaker,181,73,2005-02-03,RM,59,315,3
8956,Nathan Amanatidis,175,72,2006-01-23,LM,59,195,71
8957,Joel Anasmo,190,81,2004-09-24,LM,59,294,71
8958,Casper Andersson,184,76,2005-06-24,GK,59,350,22
8959,Hugo Andersson Mella,178,69,2007-01-12,CAM,59,373,22
8960,Conner Antley,185,78,1995-03-22,LB,59,181,36
8961,Umit Aras,183,80,,CB,59,377,22
8962,Taylan Utku Aydın,180,75,2006-02-10,CB,59,187,20
8963,Hugo Bacharach,193,95,2001-07-27,CB,59,168,2
8964,Emil Benny,171,65,2000-09-19,CAM,59,303,124
8965,Maksymilian Boruc,195,72,2002-11-15,GK,59,257,13
8966,Saulo Cancho,170,70,2004-06-28,CB,59,338,77
8967,Nicolás Cárcamo,174,70,2005-02-01,CM,59,219,74
8968,Yiğit Emre Çeltik,164,62,2003-04-07,CM,59,234,20
8969,Peter Cherrie,188,76,1983-10-01,GK,59,383,24
8970,Matías Daniele,195,83,,GK,59,186,8
8971,Rohit Danu,173,59,2002-07-10,LW,59,244,124
8972,Sourav Das,173,72,,CDM,59,303,124
8973,Zac De Jesus,173,67,2006-02-04,RB,59,195,71
8974,Aibanbha Dohling,175,67,1996-03-23,CB,59,334,124
8975,Michael Edwards,193,80,2000-11-27,CB,59,196,36
8976,Otega Ekperuoh,202,90,,GK,59,335,22
8977,Owen Elding,179,70,2006-03-07,ST,59,371,76
8978,Isaac Esquenazi,180,72,2004-03-31,GK,59,233,74
8979,Aldo Galeano,185,75,,GK,59,337,65
8980,Hunor Gedő,186,85,2004-01-16,GK,59,312,87
8981,Mitch Glasson,180,75,2006-05-04,ST,59,195,71
8982,Jay Gupta,185,70,2001-09-27,LB,59,328,124
8983,Filip Gustafsson,181,76,,CDM,59,380,22
8984,Taha Habroune,182,76,2006-02-05,CAM,59,102,36
8985,Aaron Harper-Bailey,194,70,,CB,59,384,4
8986,Haakon Haugen,181,71,,LW,59,379,3
8987,Heo Kang Joon,188,80,,CB,59,255,18
8988,Alexander Hidalgo,171,68,2003-04-16,CAM,59,338,77
8989,Hong Uk Hyun,188,74,,CB,59,193,18
8990,Bertin Jacquesson,183,82,2001-01-20,ST,59,94,1
8991,Noah James,195,78,,GK,59,375,71
8992,Kang Min Woo,185,77,,CB,59,167,18
8993,Kim Han Seo,174,68,,CM,59,194,18
8994,Kim Tae Hun,189,82,,GK,59,193,18
8995,Kim Yu Sung,187,80,2001-03-31,GK,59,222,18
8996,Kim Ju Hwan,178,75,2001-02-17,RB,59,167,18
8997,Jan Krzywański,189,85,2003-03-10,GK,59,238,13
8998,Rohit Kumar,183,75,,CDM,59,278,124
8999,Bleon Kurtulus,181,71,2007-06-24,CB,59,362,22
9000,Lee Dong Won,180,66,2002-10-30,LB,59,194,18
9001,Lim Yoo Seok,190,83,2001-01-15,CB,59,194,18
9002,Alex Lindelöv,183,77,,CM,59,377,22
9003,Francely Lomboto,196,79,,LW,59,365,76
9004,Favian Loyola,178,68,2005-05-18,CM,59,108,36
9005,Sebastian Holm Mathisen,177,72,2005-06-30,LW,59,372,3
9006,Benjamin Mazzeo,174,65,2005-07-12,RM,59,214,71
9007,Samik Mitra,185,75,2000-12-01,GK,59,345,124
9008,Liam Möller,174,66,2004-12-21,CAM,59,357,29
9009,Devendra Murgaonkar,167,63,1998-11-02,ST,59,328,124
9010,Mathias Bakken Myklebust,180,70,2006-01-14,LB,59,315,3
9011,Mamour Ndiaye,190,82,2005-10-22,GK,59,309,61
9012,Alexander Nielsen,186,77,2004-05-18,GK,59,362,22
9013,Matthew O'Brien,178,71,2003-01-24,CM,59,384,76
9014,Conor O'Keeffe,184,76,,RB,59,365,76
9015,Oh Hoo Sung,173,64,,ST,59,264,18
9016,William Osnes-Ringen,178,68,2006-11-13,CAM,59,369,3
9017,Sander Østraat,191,80,2005-02-02,GK,59,369,3
9018,Sahil Panwar,179,67,1999-12-16,LB,59,333,124
9019,Park Kyung Bae,182,70,2001-02-15,ST,59,310,18
9020,Harry Politidis,175,75,2002-06-28,LB,59,214,71
9021,Nicolas Popescu,187,75,2003-01-02,CM,59,274,87
9022,Abdul Rabeeh,169,65,2001-01-23,RW,59,386,124
9023,Iustin Răducan,174,68,2005-07-20,ST,59,341,87
9024,Jeremy Rafanello,185,77,2000-04-14,ST,59,156,36
9025,Brooklyn Raines,172,63,2005-03-11,CM,59,103,36
9026,Hmingthanmawia Ralte,178,69,,CB,59,333,124
9027,Jayesh Rane,175,68,1993-02-20,CDM,59,333,124
9028,Sumit Rathi,176,70,2001-08-26,CB,59,302,124
9029,Magnus Rugland Ree,183,74,,GK,59,228,3
9030,Justin Reynolds,175,75,,RB,59,137,36
9031,Ludvig Richtnér,185,76,2005-04-10,RB,59,254,22
9032,Brian Romero,170,63,2006-05-11,RM,59,179,36
9033,Raul Rotund,175,71,,CM,59,324,87
9034,Alan Rybak,175,68,,ST,59,240,13
9035,Lucas Salinas,180,75,2001-04-10,GK,59,317,98
9036,Ture Sandberg,180,74,2005-05-12,CM,59,241,22
9037,Hayden Sargis,183,77,,CB,59,181,36
9038,Matthew Scarcella,177,73,2004-03-04,CM,59,375,71
9039,Parag Shrivas,180,73,1997-06-09,CB,59,244,124
9040,Jiteshwor Singh,174,68,2001-12-10,CDM,59,345,124
9041,Samuel Skree Skjeldal,183,79,2003-09-16,LB,59,307,3
9042,Sanjeev Stalin,166,60,2001-01-17,LB,59,333,124
9043,Luke Supyk,181,75,2006-03-04,ST,59,322,83
9044,Sachin Suresh,184,75,2001-01-18,GK,59,334,124
9045,Luis Toomey,179,75,,CAM,59,226,83
9046,Jonas Torsvik,179,67,2005-05-24,LB,59,282,3
9047,Holden Trent,188,78,1999-07-07,GK,59,156,36
9048,David Tufekcic,176,70,2004-01-22,RW,59,379,3
9049,Melker Uppenberg,194,80,2002-03-22,GK,59,254,22
9050,Xavier Valdez,198,72,2003-11-23,GK,59,103,113
9051,Felipe Valencia,175,63,,RM,59,9,36
9052,Isak Vanlalruatfela,172,66,2001-05-19,LW,59,278,124
9053,Justin Vidic,187,72,2004-04-29,ST,59,375,71
9054,Jamie Walker,187,80,2001-02-21,LB,59,383,24
9055,James Wilson,170,70,2007-03-06,ST,59,175,24
9056,Emirhan Yiğit,173,60,2006-04-30,RW,59,187,20
9057,Isak Hagen Aalberg,191,81,,CB,58,379,3
9058,Johan Persson Åhstedt,180,72,2003-10-08,LB,58,354,22
9059,Matai Akinmboni,190,77,2006-10-17,CB,58,181,36
9060,Adnan Aktaş,174,68,2006-11-10,LB,58,187,20
9061,Furkan Onur Akyüz,191,80,2005-09-21,GK,58,31,20
9062,Leander Næss Alvheim,193,76,,ST,58,379,3
9063,Sebastian Anderson,175,64,2002-08-08,RB,58,196,36
9064,Arhan,172,64,2001-12-21,LB,58,245,107
9065,Leon Augustine,166,61,1998-10-02,RM,58,320,124
9066,Luca Nicolae Banu,178,71,,CDM,58,274,87
9067,Mohamed Bawa,177,74,,RW,58,380,22
9068,Adam Beaudry,188,70,2006-04-18,GK,58,196,36
9069,Stephen Bolma,178,68,2004-12-09,CM,58,241,43
9070,Matt Boylan,185,76,2004-07-04,GK,58,366,76
9071,Isak Brusberg,188,78,2006-09-05,CM,58,197,22
9072,Noel Caliskan,180,68,2000-08-08,CM,58,94,10
9073,Antonio Carrera,190,68,,GK,58,118,36
9074,Victor Cespedes,176,73,2003-03-28,LM,58,291,65
9075,Choi Kang Min,176,70,,RB,58,167,18
9076,Rakshit Dagar,185,80,1992-10-16,GK,58,303,124
9077,John Paul Dembe,191,82,,ST,58,197,132
9078,Herbert Endeley,178,69,2001-10-09,RM,58,118,36
9079,Connor Evans,180,73,1997-01-24,ST,58,382,69
9080,David Ezeh,187,82,2006-02-13,ST,58,216,29
9081,Baran Ali Gezek,170,65,2005-08-26,CAM,58,234,20
9082,Alf Lukas Noel Grønneberg,184,71,2004-07-15,GK,58,372,3
9083,Daníel Tristan Guðjohnsen,188,78,,ST,58,207,56
9084,Bret Halsey,175,68,2000-06-01,RB,58,51,36
9085,Han Ji Yul,193,88,2003-08-21,GK,58,200,18
9086,Han Sang Gyu,190,88,,CB,58,245,18
9087,Semboi Haokip,181,79,1993-03-13,ST,58,303,124
9088,Elias Kringberg Haug,185,75,2006-02-18,CB,58,309,3
9089,Stuart Hawkins,189,72,2006-09-18,CB,58,147,36
9090,Lalrinliana Hnamte,178,69,2003-04-29,LM,58,345,124
9091,Hong Jae Seok,188,90,2003-07-03,CDM,58,255,18
9092,Joshua Inserra,180,78,2005-01-21,CB,58,287,71
9093,Mohammed Irshad,176,79,,CDM,58,385,124
9094,Rony Jansson,183,72,2004-01-10,CB,58,350,29
9095,Sigge Jansson,184,70,2005-11-10,CDM,58,197,22
9096,Bartłomiej Jelonek,185,81,2001-12-22,GK,58,327,13
9097,Malachi Jones,178,68,2003-09-23,LW,58,220,116
9098,Adam Kardaś,180,72,,CDM,58,364,13
9099,Alby Kelly-Heald,196,83,2005-03-18,GK,58,322,83
9100,Imran Khan,170,62,1995-03-01,LM,58,303,124
9101,Kim Jeong Hyun,176,70,2000-06-09,CAM,58,200,18
9102,Kim Hyeon Woo,180,69,1999-04-23,LW,58,255,18
9103,Kim Min Young,178,65,,ST,58,200,18
9104,Kim Young Jun,184,79,2000-05-02,ST,58,200,18
9105,Jakub Kolan,177,71,,RB,58,279,13
9106,Niilo Kujasalo,182,73,2004-03-17,CM,58,357,29
9107,Patryk Kusztal,176,71,2003-03-28,LM,58,279,13
9108,Lee Gyeong Min,190,94,,GK,58,245,18
9109,Lee Jae Hun,190,78,2005-05-13,GK,58,245,18
9110,Lim Hyeong Jin,190,83,2001-07-23,CB,58,222,18
9111,Piotr Liszewski,184,77,2004-12-18,RB,58,327,13
9112,Rafał Mamla,195,93,2003-12-22,GK,58,355,13
9113,Saurav Mandal,175,68,2000-11-06,RM,58,334,124
9114,Ben McCrystal,180,65,,LM,58,300,24
9115,Denechandra Meitei,175,65,,LB,58,320,124
9116,Melroy Melwin Assisi,185,85,,CB,58,320,124
9117,Hira Mondal,167,65,1996-08-31,LB,58,260,124
9118,Jake Najdovski,170,70,2005-03-14,ST,58,330,71
9119,Muhammed Nemil,168,65,2002-03-18,CAM,58,328,124
9120,James Nieuwenhuizen,186,78,2004-01-17,GK,58,214,71
9121,Cory O'Sullivan,173,70,2006-05-02,LB,58,325,76
9122,Igor Orlikowski,180,80,2006-02-09,CB,58,279,13
9123,Park Ju Yeong,187,79,,RW,58,255,18
9124,Park Jun Beom,183,75,2001-04-05,ST,58,243,18
9125,Storm Bugge Pettersen,182,74,2006-04-11,ST,58,372,3
9126,Arran Pettifer,177,70,2003-10-01,CM,58,366,4
9127,Kayden Pierre,175,66,2003-02-16,RB,58,250,36
9128,Diego Alonso Plaza,167,62,2001-02-22,CM,58,259,74
9129,Mobashir Rahman,172,71,1998-03-12,CM,58,303,124
9130,Mohamad Rakip,173,66,2000-05-14,RB,58,260,124
9131,Chris Rindov,187,86,2001-10-08,CB,58,250,36
9132,Alex Robinson,183,66,2005-03-09,GK,58,237,71
9133,Lalchhanhima Sailo,165,65,2003-03-03,CDM,58,386,124
9134,Alex Saji,183,80,2000-05-09,RB,58,386,124
9135,Lara Sharma,195,80,1999-10-01,GK,58,328,124
9136,Matt Sheridan,181,74,2004-04-09,RB,58,322,83
9137,Shin Min Ha,186,77,,CB,58,310,18
9138,Huidrom Singh,182,70,1999-08-24,LB,58,334,124
9139,Isak Sjong,185,75,2007-01-08,GK,58,133,3
9140,Gabriel Sloane-Rodrigues,176,71,,RW,58,322,83
9141,Song Chang Seok,183,77,2000-06-12,CAM,58,194,18
9142,Patryk Szczuka,189,84,,GK,58,313,13
9143,Sahil Tavora,169,67,1995-10-19,CDM,58,328,124
9144,Jackson Travis,172,68,2004-02-23,LB,58,196,36
9145,Piotr Urbanski,190,87,2004-09-29,CAM,58,327,13
9146,Muhammed Uvais Moyikkal,182,82,,LB,58,303,124
9147,Håkon Volden,194,78,2007-05-25,CB,58,252,3
9148,Elis Wahl,186,78,,GK,58,377,22
9149,Thomas Williams,191,77,2004-08-15,CB,58,108,36
9150,Vishal Yadav,183,70,2002-05-05,GK,58,303,124
9151,Filip Åkesson Linderoth,184,80,2005-02-18,RB,57,354,22
9152,Wilmer Andersson,180,75,2005-04-28,CM,57,350,22
9153,Wahengbam Angousana,170,63,,CM,57,385,124
9154,Gbemi Arubi,183,69,,ST,57,382,76
9155,Alexis Barrionuevo,178,72,2005-07-18,GK,57,367,98
9156,Rhys Bartley,183,80,2006-03-03,CM,57,366,76
9157,Namgyal Bhutia,173,65,1999-08-11,RB,57,244,124
9158,Zac Bowling,180,75,2003-12-13,GK,57,375,71
9159,Killian Cailloce,186,72,2005-12-09,ST,57,384,76
9160,Raoul Cristea,178,75,,ST,57,361,87
9161,Aaren D'Silva,185,80,1997-12-12,ST,57,386,124
9162,Cristóbal Dorador,186,78,2006-06-07,GK,57,259,74
9163,Emin Durakovic,175,68,2005-07-28,LM,57,214,71
9164,Eom Seung Min,181,70,,RW,57,243,18
9165,Hugo Fagerberg,186,76,2004-05-04,GK,57,354,22
9166,Danish Farooq Bhat,185,75,,CM,57,334,124
9167,Alex Ferguson,175,70,,CM,57,300,24
9168,CJ Fodrey,188,73,2004-02-10,ST,57,116,36
9169,Isaiah Foster,180,78,2003-08-12,LB,57,51,36
9170,Alexander Freeman,188,78,2004-08-09,RB,57,108,36
9171,Gang Min Seong,180,73,2005-05-22,LW,57,245,18
9172,Almar Gjerd Grindhaug,180,75,2006-02-04,CM,57,315,3
9173,Taiga Harper,184,76,,GK,57,299,71
9174,Alejandro Hidalgo,179,74,2006-07-06,GK,57,272,74
9175,Jeong Myeong Je,192,80,,GK,57,193,18
9176,Jung Yoon Seo,193,83,2004-11-13,CB,57,200,18
9177,Kang Seong Hyeok,185,80,2005-08-24,GK,57,154,18
9178,Johan Kenneryd,195,82,2004-05-01,CB,57,329,22
9179,Eoin Kenny,178,70,2005-12-30,ST,57,383,76
9180,Patrik Kis,187,80,,GK,57,288,87
9181,Sota Kitahara,175,66,2003-01-11,CM,57,147,36
9182,Wiktor Koptas,188,75,2004-10-09,GK,57,349,13
9183,Kwon Chang Hoon,174,69,,RW,57,243,18
9184,Daniel Lalhlimpuia,177,70,1997-09-12,ST,57,333,124
9185,Freddy Lallawmawma,171,67,2002-07-27,CDM,57,334,124
9186,Lee Seung Joon,174,65,,RM,57,166,18
9187,Mihăiță Lemnaru,178,75,,CM,57,374,87
9188,Gallagher Lennon,168,70,,CM,57,336,85
9189,Khaimin Lhungdim,173,69,2000-05-07,RB,57,320,124
9190,Samuel James Lyngdoh Kynshi,176,70,2000-03-11,CM,57,320,124
9191,Benjamin Martino,198,88,2002-09-13,GK,57,89,36
9192,Christian McFarlane,183,63,2007-01-25,LB,57,220,4
9193,Sebastián Mella,185,85,2005-07-31,GK,57,219,74
9194,Manoj Mohammad,180,76,1999-01-08,LB,57,386,124
9195,Wungngayam Muirang,184,76,1999-02-16,CB,57,303,124
9196,Ankit Mukherjee,176,63,1996-07-10,RB,57,345,124
9197,Ville Nilsson,182,76,2004-06-12,ST,57,350,22
9198,Lewis O'Donnell,178,70,,CM,57,358,24
9199,Park Chae Jun,175,66,,RM,57,243,18
9200,Nikhil Prabhu,176,68,2000-10-02,CDM,57,320,124
9201,Adam Queally,183,77,,CB,57,382,76
9202,Paul Ramfangzauva,174,75,1999-03-26,CDM,57,278,124
9203,Gottfrid Rapp,182,78,2005-08-18,RW,57,254,22
9204,Lalliansanga Renthlei,183,78,,CDM,57,278,124
9205,Buanthanglun Samte,169,65,1999-11-03,LB,57,347,124
9206,Ryan Schewe,193,88,2002-03-08,GK,57,250,36
9207,Tarik Scott,178,64,2005-04-23,LM,57,118,36
9208,Gabriel Segal,178,73,2001-05-17,ST,57,103,36
9209,Seo Ju Hwan,190,79,1999-06-24,GK,57,166,18
9210,Mario Sfaiț,177,75,,RW,57,288,87
9211,Ricky John Shabong,169,65,2002-12-29,CDM,57,320,124
9212,Arsh Shaikh,186,74,2002-07-09,GK,57,302,124
9213,Sin Il Yeon,175,65,,RB,57,245,18
9214,Gursimrat Singh,171,70,1997-02-11,CB,57,260,124
9215,Gurkirat Singh,175,70,2003-07-16,ST,57,345,124
9216,Tondonba Singh,169,67,1994-11-14,LB,57,347,124
9217,Joey Skinner,183,63,2003-03-22,LB,57,89,36
9218,Son Seung Beom,180,66,2004-05-04,LM,57,166,18
9219,Raul Stanciu,184,75,2007-03-26,ST,57,361,87
9220,Arion Sulemani,175,75,2005-03-01,ST,57,214,71
9221,Sung Yoon Soo,187,88,,GK,57,222,18
9222,Liam Svensson,180,75,2006-03-07,CB,57,354,22
9223,Ioan Tolea,178,71,,CM,57,341,87
9224,Amidou Traore,183,74,2004-07-13,CM,57,315,49
9225,Gerardo Valenzuela,183,75,2004-09-28,CAM,57,51,36
9226,Ewan Wilson,179,80,,LB,57,339,24
9227,London Aghedo,188,80,2000-05-31,CB,56,51,36
9228,Forster Ajago,188,81,2001-08-16,ST,56,89,43
9229,Godwill Ambrose,180,70,2006-05-31,CB,56,307,3
9230,Drew Baiera,175,63,2007-02-28,RB,56,220,36
9231,Conor Barr,189,87,2005-12-19,CB,56,370,85
9232,Dipesh Chauhan,182,67,2003-11-20,GK,56,347,124
9233,Ayush Chhikara,172,70,2002-07-28,ST,56,333,124
9234,Cho Min Kyu,193,84,2003-04-30,GK,56,310,18
9235,Choi Hyun Woung,188,76,2003-10-09,CB,56,154,18
9236,Choi Ye Hoon,180,73,,LB,56,193,18
9237,Joe Collins,183,74,2007-02-25,GK,56,381,76
9238,Leander D'Cunha,177,64,1997-10-25,RB,56,328,124
9239,Danny Flores,173,68,2002-04-06,CM,56,250,36
9240,Wayne Frederick,183,66,2004-06-13,CAM,56,196,68
9241,Caden Glover,185,80,2007-03-08,ST,56,97,36
9242,Vanlalpeka Guite,165,64,2006-10-23,CM,56,260,124
9243,Ha Jeong Woo,191,87,,ST,56,245,18
9244,Evan Haddock,190,72,2005-07-07,CB,56,384,76
9245,Jeon Sung Jin,178,72,2001-07-19,LB,56,255,18
9246,Jeong Seung Bae,172,70,,RW,56,245,18
9247,Jo Jun Hyeon,184,79,2004-02-04,CAM,56,245,18
9248,Wataru Kamijo,178,65,2006-04-17,CDM,56,195,71
9249,Kang Young Suk,172,68,,CDM,56,243,18
9250,Kim Hyeon Deok,190,78,,CB,56,166,18
9251,Kim Hyun Seo,174,66,,CM,56,222,18
9252,Niraj Kumar,182,72,,GK,56,278,124
9253,Anuj Kumar,187,70,1998-07-24,GK,56,278,124
9254,Prateek Kumar,188,80,2000-01-27,GK,56,345,124
9255,Lee Hyun Yong,188,80,2003-12-29,CB,56,245,18
9256,Lee Won Woo,191,81,2003-03-16,CB,56,200,18
9257,Lee Han Bin,186,82,,CB,56,194,18
9258,Lee Yun Geon,178,72,,CDM,56,245,18
9259,Lee Woo Yeon,188,83,,CB,56,243,18
9260,Toms Leitis,185,75,2004-06-12,GK,56,325,125
9261,Oskar Leśniak,176,65,2004-10-07,LM,56,327,13
9262,Naorem Nongdamba,171,68,,LM,56,303,124
9263,Aidan O'Connor,190,90,2003-01-01,CB,56,83,36
9264,Evan Ovendale,180,70,2004-07-21,GK,56,370,69
9265,Park Sang Young,188,78,,GK,56,200,18
9266,Park Sang Hyeon,192,83,,CB,56,310,18
9267,Park Jang Han Gyeol,176,64,,CAM,56,166,18
9268,Malik Pinto,180,77,2002-08-09,CM,56,51,36
9269,Lalthuammawia Ralte,176,75,1992-11-28,GK,56,244,124
9270,Max Ross,178,60,2006-04-10,CB,56,339,24
9271,Sheikh Sahil,176,70,,CDM,56,303,124
9272,Lalhrezuala Sailung,176,67,,RB,56,278,124
9273,Mohammed Sanan,169,62,2004-04-05,CAM,56,303,124
9274,Cenk Şen,170,70,,LB,56,239,20
9275,Dinesh Singh,180,76,1997-12-05,CB,56,347,124
9276,Phalguni Singh,164,51,1995-03-01,CAM,56,347,124
9277,Ranjeet Singh Pandre,178,74,,ST,56,320,124
9278,Kimani Stewart-Baynes,175,73,2005-01-17,ST,56,196,40
9279,Fabian Talladira,176,70,2006-02-04,CM,56,273,71
9280,Paul Walters,190,86,,GK,56,51,36
9281,Yoo Sun Woo,180,67,,RW,56,194,18
9282,Yoon Tae Min,187,80,2004-10-13,CB,56,200,18
9283,Ahn Hyeok Ju,176,70,,LM,55,264,18
9284,Max Anchor,191,74,2004-07-21,GK,55,100,40
9285,Mohammed Azhar,167,65,2003-01-20,RB,55,334,124
9286,Baek Seung Heon,172,67,,RW,55,255,18
9287,Andreas Bakeng-Rogne,178,68,,CM,55,379,3
9288,Nikhil Barla,170,63,2003-08-05,RM,55,303,124
9289,Bridel Bosakani,173,68,2004-08-16,ST,55,384,76
9290,Cho Jin Hyuk,180,76,,RW,55,310,18
9291,Choi Seung Gu,175,71,,RB,55,222,18
9292,Devansh Dabas,182,80,,GK,55,345,124
9293,Nitesh Darjee,175,65,2004-01-23,LB,55,320,124
9294,Arvin Davoudi-Kia,178,78,2006-02-11,LB,55,350,22
9295,Lalremtluanga Fanai,178,68,2004-09-17,CDM,55,244,124
9296,Ștefan Georgescu,185,79,,GK,55,374,87
9297,Amrit Gope,194,80,1999-09-12,GK,55,303,124
9298,Ha Dong Seon,181,75,,ST,55,222,18
9299,Abhishek Halder,177,63,,ST,55,385,124
9300,Hong Sung Moo,175,70,,CM,55,310,18
9301,Ashish Jha,182,75,1999-07-15,LW,55,244,124
9302,Stiven Jimenez,168,72,2007-06-24,RB,55,51,36
9303,Lalbiakhlua Jongte,183,84,,GK,55,386,124
9304,Jung Jae Sang,187,84,2004-05-25,ST,55,200,18
9305,Jung Heon Taek,177,68,,RB,55,200,18
9306,Kang Do Uk,176,67,,CAM,55,222,18
9307,Kim Dae Hyeon,187,86,,CB,55,245,18
9308,Kim Hae Seung,185,80,,ST,55,310,18
9309,Jeorgio Kocevski,185,79,2002-08-19,CM,55,108,36
9310,Ravi Kumar,182,76,1993-07-04,GK,55,320,124
9311,Lee Gyu Baek,185,83,2004-02-10,CB,55,154,18
9312,Lee Yo Seb,177,70,,CDM,55,245,18
9313,Cristian Licsandru,178,73,,CM,55,324,87
9314,Rory MacLeod,170,60,,ST,55,358,24
9315,Olwethu Makhanya,178,72,2004-04-30,CB,55,156,114
9316,Callum McCay,196,87,2006-08-16,CDM,55,370,85
9317,Jovan Mijatovic,179,73,2005-07-11,ST,55,220,30
9318,Roald Mitchell,185,68,2003-01-13,ST,55,83,36
9319,Monirul Molla,165,63,2005-05-01,ST,55,244,124
9320,Sean Moore,175,62,2007-03-08,CDM,55,381,76
9321,Halen Nongtdu,186,80,2004-02-02,CB,55,333,124
9322,Harry O'Connor,180,70,2005-09-27,CAM,55,384,76
9323,Sergio Oregel,175,64,2005-05-16,CM,55,137,36
9324,Jaziel Orozco,175,83,,CB,55,94,36
9325,Park Jin Young,186,84,,CB,55,200,18
9326,Park Si Hwa,175,67,,LB,55,243,18
9327,Jaylan Pearman,175,70,2006-04-18,CAM,55,294,71
9328,Ashis Pradhan,175,70,1999-06-05,CM,55,320,124
9329,Rim Ji Min,173,70,,RB,55,200,18
9330,Kieran Sargeant,182,73,2003-05-14,RB,55,103,36
9331,Jonathan Shore,173,62,2007-04-13,CM,55,220,36
9332,Abhishek Singh,168,65,,RB,55,320,124
9333,Maheson Singh,170,64,2004-11-26,CM,55,320,124
9334,Adem Sipić,185,82,2006-04-05,ST,55,89,36
9335,Denis Ștefan,183,72,,ST,55,348,87
9336,Nihal Sudeesh,172,70,2001-06-18,ST,55,320,124
9337,Hrithik Tiwari,190,78,2002-01-10,GK,55,328,124
9338,Bijoy Varghese,181,79,,CB,55,334,124
9339,Kyle White,183,78,,CM,55,382,4
9340,Ahn Chang Min,189,81,2001-06-28,ST,54,200,18
9341,An Chi Woo,183,72,,CM,54,245,18
9342,Nathan Asher Rodrigues,180,70,,LB,54,333,124
9343,Bae Soo Min,183,73,2002-03-21,CM,54,200,18
9344,Bae Hyun Seo,172,66,,LB,54,166,18
9345,Javier Casas Jr.,173,64,2003-05-14,CM,54,137,36
9346,Luka Coveny,189,78,,CB,54,330,83
9347,Nate Crockford,193,86,2002-09-06,GK,54,181,36
9348,Nikhil Deka,185,68,,GK,54,385,124
9349,Zavier Gozo,170,63,2007-03-22,RW,54,94,36
9350,Heo Dong Min,182,74,,CDM,54,166,18
9351,Jeon Yong Jun,182,70,2003-07-16,RW,54,200,18
9352,Jo Hyun Tae,187,83,,CB,54,310,18
9353,Kang Hyun Je,183,75,2002-08-31,CM,54,154,18
9354,Kim Min Sub,173,68,,CM,54,200,18
9355,Kim Jae Min,179,71,,CM,54,255,18
9356,Kim Yu Seong,189,84,,GK,54,310,18
9357,Lee Gyu Min,178,67,,LW,54,154,18
9358,Lee Dong Hyeop,173,68,2003-03-12,LB,54,154,18
9359,Ryan Maher,188,73,2006-07-29,GK,54,384,76
9360,Fardin Ali Molla,161,63,2002-04-10,ST,54,302,124
9361,Franklin Nazareth,176,70,2004-01-03,CDM,54,333,124
9362,Macarton Louis Nickson,174,58,2004-03-19,CM,54,347,124
9363,Luke O'Donnell,170,70,,CM,54,370,76
9364,Bekey Oram,170,60,2003-12-23,CAM,54,347,124
9365,Park Ju Seung,178,70,,ST,54,255,18
9366,Park Se Min,176,71,,RW,54,200,18
9367,Park Jae Hyun,177,69,,LM,54,200,18
9368,Harsh Patre,176,64,2003-01-01,CDM,54,244,124
9369,Adam Pearlman,183,77,2005-04-05,CB,54,104,114
9370,Tomas Pondeca,175,77,,CAM,54,118,36
9371,Ahan Prakash,178,78,2004-08-20,GK,54,333,124
9372,Ravi Rana,165,65,2002-10-15,CB,54,302,124
9373,Thoi Singh,168,60,2004-05-04,LW,54,347,124
9374,Son Seung Min,175,68,,CM,54,200,18
9375,Abhishek Suryavanshi,175,70,2001-03-12,CM,54,302,124
9376,Alejandro Urzua,175,66,2006-04-03,CM,54,118,36
9377,David Vazquez,175,71,,LW,54,156,36
9378,Robin Yadav,176,64,2001-09-15,CB,54,347,124
9379,Irfan Yadwad,177,64,2001-06-19,ST,54,345,124
9380,Markus Anderson,185,76,2003-12-11,LW,53,156,36
9381,Baek Min Gyu,183,75,,ST,53,222,18
9382,Choi Min Ki,180,73,2002-11-08,CM,53,200,18
9383,Billy Gilmore,173,66,2005-06-13,CM,53,381,76
9384,Ham Sun Woo,191,88,,CB,53,166,18
9385,Jung Eun Woo,172,63,,RW,53,200,18
9386,Muheet Shabir Khan,187,80,,GK,53,320,124
9387,Kim Tae Jun,185,80,,GK,53,264,18
9388,Lee Seung Hwan,186,78,,GK,53,154,18
9389,Lim Jun Sub,195,84,,GK,53,255,18
9390,Min Ji Hoon,173,68,,CAM,53,166,18
9391,Alex Rando,193,81,2000-04-05,GK,53,220,36
9392,Tahir Reid-Brown,188,63,2006-07-02,LB,53,108,36
9393,Roh Hee Dong,192,88,,GK,53,264,18
9394,Sachu Siby,180,74,2001-05-31,LB,53,345,124
9395,Tommy Silva,178,74,2002-02-01,LB,53,94,36
9396,Aphaoba Singh,173,65,2004-01-06,ST,53,278,124
9397,Mark Zothanpuia,180,75,2002-04-22,LB,53,260,124
9398,Mohammed Aimen,165,64,2003-01-20,ST,52,334,124
9399,Fredy Chawngthansanga,165,64,2003-05-25,CAM,52,347,124
9400,Lalchungnunga Chhangte,165,65,,CM,52,386,124
9401,Hwang Seo Ung,177,73,,CAM,52,154,18
9402,Jo In Jung,184,75,,CM,52,255,18
9403,Isaiah Jones,175,74,2006-04-08,CM,52,89,116
9404,Kang Gyo Hoon,180,74,,CM,52,245,18
9405,Kim Dong Min,173,70,,CDM,52,154,18
9406,Kim Myeong Jun,183,72,,ST,52,154,18
9407,Kim Se Hoon,177,62,,CM,52,222,18
9408,Park Hyung Woo,173,71,,RM,52,154,18
9409,Park Jin Hong,183,75,,CM,52,222,18
9410,Sajad Parray,178,75,2003-04-25,RB,52,385,124
9411,Engson Singh,169,62,2003-01-02,CAM,52,302,124
9412,Ousmane Sylla,176,74,,CM,52,103,61
9413,Won Hui Do,187,71,,CM,52,255,18
